0	0	1
0	1	1
0	2	1
0	3	1
0	4	1
0	5	1
0	6	1
0	7	1
1	9	1
1	10	1
1	11	1
1	12	1
1	13	1
1	15	1
3	19	1
3	23	1
3	25	1
3	26	1
3	31	1
3	33	1
4	20	1
4	27	1
4	28	1
4	29	1
4	35	1
4	37	1
5	21	1
5	22	1
5	24	1
5	30	1
5	32	1
5	34	1
5	36	1
6	43	1
6	45	1
7	47	1
7	52	1
8	48	1
8	49	1
9	61	1
9	70	1
11	79	1
11	80	1
13	88	1
13	89	1
14	90	1
14	91	1
15	93	1
15	100	1
15	106	1
15	109	1
15	111	1
15	113	1
15	121	1
16	94	1
16	95	1
16	96	1
16	97	1
16	98	1
16	99	1
16	102	1
16	103	1
16	104	1
16	105	1
16	107	1
16	110	1
16	112	1
16	114	1
16	115	1
16	116	1
16	117	1
16	118	1
16	119	1
16	120	1
17	101	1
17	108	1
18	125	1
18	126	1
18	128	1
19	133	1
19	134	1
19	135	1
21	139	1
21	141	1
22	142	1
22	143	1
23	144	1
23	145	1
23	146	1
23	147	1
23	148	1
23	149	1
23	150	1
24	164	1
24	165	1
24	166	1
24	167	1
24	168	1
24	169	1
24	170	1
24	171	1
24	172	1
25	175	1
25	176	1
27	179	1
27	180	1
27	181	1
29	187	1
29	188	1
29	189	1
29	190	1
30	192	1
30	195	1
30	196	1
30	197	1
30	198	1
30	199	1
30	200	1
30	201	1
30	202	1
30	203	1
31	206	1
31	211	1
32	208	1
32	210	1
33	213	1
33	217	1
33	218	1
33	220	1
35	241	1
35	242	1
35	243	1
35	244	1
35	245	1
35	247	1
35	248	1
35	249	1
36	255	1
36	256	1
37	257	1
37	258	1
38	263	1
38	264	1
38	265	1
38	266	1
38	267	1
38	268	1
38	269	1
39	271	1
39	273	1
40	278	1
40	279	1
40	280	1
40	281	1
40	282	1
40	283	1
40	284	1
40	285	1
40	286	1
40	287	1
40	288	1
40	289	1
40	290	1
40	291	1
40	292	1
41	295	1
41	296	1
41	297	1
42	298	1
42	299	1
43	304	1
43	306	1
44	309	1
44	310	1
45	315	1
45	316	1
46	324	1
46	325	1
46	326	1
48	340	1
48	342	1
48	345	1
48	346	1
48	348	1
49	341	1
49	343	1
49	344	1
49	347	1
49	349	1
49	352	1
49	353	1
50	356	1
50	357	1
51	362	1
51	363	1
51	364	1
51	365	1
52	369	1
52	370	1
52	372	1
52	373	1
52	374	1
52	375	1
52	376	1
52	377	1
52	378	1
52	379	1
53	385	1
53	406	1
53	407	1
53	408	1
54	388	1
54	400	1
54	401	1
54	402	1
54	403	1
54	404	1
54	405	1
55	409	1
55	410	1
55	411	1
55	412	1
55	413	1
55	414	1
55	415	1
55	417	1
55	418	1
55	419	1
55	420	1
55	421	1
55	422	1
55	423	1
55	424	1
55	425	1
55	428	1
55	429	1
55	430	1
56	416	1
56	427	1
57	426	1
57	431	1
59	437	1
59	438	1
60	441	1
60	442	1
61	447	1
61	448	1
62	449	1
62	450	1
62	451	1
62	452	1
63	458	1
63	459	1
63	460	1
63	461	1
64	463	1
64	464	1
65	466	1
65	467	1
66	468	1
66	469	1
66	471	1
67	472	1
67	473	1
68	475	1
68	476	1
70	478	1
70	482	1
71	485	1
71	487	1
71	488	1
71	489	1
71	490	1
71	491	1
71	492	1
71	495	1
71	501	1
73	494	1
73	497	1
73	500	1
73	502	1
74	509	1
74	510	1
75	512	1
75	513	1
76	514	1
76	516	1
77	523	1
77	525	1
78	528	1
78	530	1
79	533	1
79	535	1
80	537	1
80	539	1
81	545	1
81	546	1
81	547	1
83	554	1
83	555	1
83	557	1
85	599	1
85	600	1
85	601	1
85	602	1
85	603	1
85	604	1
87	611	1
87	612	1
87	613	1
89	622	1
89	623	1
90	626	1
90	630	1
90	632	1
92	628	1
92	629	1
93	634	1
93	638	1
93	642	1
94	635	1
94	636	1
94	637	1
96	643	1
96	644	1
96	645	1
97	657	1
97	658	1
97	659	1
97	660	1
97	661	1
97	662	1
97	663	1
97	664	1
97	665	1
97	666	1
97	667	1
97	668	1
99	690	1
99	691	1
99	692	1
99	693	1
99	694	1
99	695	1
100	699	1
100	700	1
100	702	1
100	703	1
100	704	1
100	705	1
100	707	1
100	708	1
100	709	1
100	710	1
100	711	1
100	712	1
100	713	1
100	714	1
100	715	1
100	717	1
100	718	1
100	719	1
100	720	1
100	721	1
100	723	1
100	724	1
100	727	1
100	729	1
100	730	1
100	731	1
101	706	1
101	716	1
101	725	1
101	728	1
102	735	1
102	737	1
102	738	1
103	739	1
103	740	1
103	741	1
104	743	1
104	744	1
105	753	1
105	754	1
105	756	1
105	757	1
106	760	1
106	761	1
107	762	1
107	763	1
108	764	1
108	765	1
110	771	1
110	772	1
111	776	1
111	777	1
112	780	1
112	781	1
113	782	1
113	783	1
114	784	1
114	786	1
116	793	1
116	794	1
116	795	1
116	796	1
117	798	1
117	799	1
117	804	1
117	805	1
117	806	1
119	801	1
119	803	1
120	809	1
120	810	1
120	811	1
122	829	1
122	830	1
122	831	1
122	832	1
122	833	1
122	834	1
122	835	1
122	836	1
122	837	1
123	844	1
123	845	1
123	846	1
123	847	1
123	848	1
123	851	1
124	855	1
124	857	1
126	864	1
126	865	1
127	869	1
127	870	1
127	871	1
127	872	1
127	873	1
127	874	1
127	875	1
127	876	1
127	877	1
127	878	1
127	895	1
127	896	1
127	897	1
127	898	1
128	879	1
128	880	1
128	881	1
128	882	1
128	883	1
128	884	1
129	902	1
129	903	1
129	905	1
129	906	1
129	907	1
129	909	1
130	904	1
130	908	1
130	910	1
131	914	1
131	915	1
132	920	1
132	921	1
134	934	1
134	935	1
135	936	1
135	937	1
135	938	1
135	939	1
135	941	1
136	949	1
136	950	1
136	951	1
136	952	1
136	953	1
136	954	1
136	955	1
136	957	1
138	966	1
138	970	1
138	971	1
140	993	1
140	995	1
141	994	1
141	996	1
142	999	1
142	1000	1
142	1001	1
142	1002	1
142	1003	1
142	1004	1
142	1005	1
142	1006	1
142	1007	1
142	1019	1
142	1022	1
142	1023	1
142	1026	1
142	1030	1
142	1031	1
143	1008	1
143	1011	1
143	1013	1
143	1015	1
143	1017	1
143	1020	1
143	1028	1
144	1009	1
144	1010	1
144	1012	1
144	1014	1
144	1016	1
144	1018	1
144	1021	1
144	1025	1
144	1027	1
145	1024	1
145	1029	1
146	1032	1
146	1033	1
146	1034	1
146	1035	1
146	1036	1
146	1037	1
147	1038	1
147	1039	1
148	1040	1
148	1041	1
148	1042	1
149	1043	1
149	1044	1
150	1049	1
150	1052	1
150	1053	1
150	1056	1
150	1057	1
150	1058	1
150	1061	1
150	1062	1
150	1063	1
150	1065	1
150	1066	1
150	1068	1
150	1072	1
150	1073	1
150	1074	1
150	1075	1
150	1077	1
150	1083	1
150	1084	1
150	1087	1
150	1088	1
150	1090	1
150	1096	1
150	1098	1
150	1099	1
151	1050	1
151	1054	1
151	1059	1
151	1060	1
151	1064	1
151	1069	1
151	1071	1
151	1076	1
151	1078	1
151	1081	1
151	1085	1
151	1092	1
151	1094	1
151	1097	1
152	1100	1
152	1107	1
153	1102	1
153	1103	1
154	1104	1
154	1105	1
155	1110	1
155	1111	1
155	1112	1
156	1113	1
156	1114	1
156	1115	1
156	1116	1
156	1117	1
156	1118	1
156	1119	1
156	1120	1
156	1121	1
157	1122	1
157	1123	1
157	1124	1
157	1140	1
158	1125	1
158	1126	1
158	1127	1
158	1128	1
158	1129	1
158	1130	1
158	1131	1
158	1132	1
158	1133	1
158	1134	1
158	1135	1
158	1136	1
158	1137	1
158	1138	1
158	1139	1
159	1143	1
159	1144	1
160	1145	1
160	1146	1
160	1148	1
161	1147	1
161	1149	1
162	1150	1
162	1151	1
162	1152	1
162	1153	1
162	1154	1
162	1155	1
162	1156	1
162	1157	1
162	1158	1
162	1159	1
162	1160	1
162	1161	1
162	1162	1
162	1163	1
162	1164	1
163	1166	1
163	1167	1
163	1168	1
164	1173	1
164	1174	1
164	1175	1
164	1176	1
164	1177	1
165	1194	1
165	1195	1
165	1196	1
166	1197	1
166	1198	1
167	1200	1
167	1201	1
167	1202	1
167	1203	1
167	1204	1
167	1205	1
167	1206	1
167	1214	1
168	1207	1
168	1208	1
168	1209	1
168	1210	1
168	1211	1
168	1212	1
168	1213	1
168	1215	1
168	1216	1
168	1221	1
168	1222	1
168	1223	1
168	1224	1
168	1225	1
168	1226	1
168	1227	1
168	1228	1
169	1247	1
169	1248	1
170	1256	1
170	1257	1
170	1258	1
170	1259	1
170	1260	1
170	1261	1
170	1262	1
171	1264	1
171	1265	1
171	1266	1
171	1267	1
172	1269	1
172	1271	1
172	1272	1
172	1273	1
172	1274	1
172	1276	1
172	1277	1
172	1278	1
172	1279	1
173	1285	1
173	1286	1
174	1289	1
174	1291	1
175	1290	1
175	1292	1
176	1311	1
176	1313	1
176	1315	1
176	1317	1
176	1319	1
177	1321	1
177	1326	1
179	1345	1
179	1348	1
180	1352	1
180	1353	1
180	1354	1
180	1355	1
181	1363	1
181	1364	1
181	1365	1
181	1367	1
182	1368	1
182	1369	1
182	1370	1
182	1371	1
182	1372	1
182	1373	1
182	1374	1
183	1381	1
183	1400	1
183	1401	1
183	1403	1
184	1382	1
184	1395	1
184	1397	1
184	1398	1
184	1404	1
185	1385	1
185	1387	1
186	1389	1
186	1392	1
187	1390	1
187	1393	1
188	1394	1
188	1396	1
189	1408	1
189	1409	1
189	1410	1
189	1411	1
189	1413	1
189	1414	1
189	1415	1
189	1416	1
189	1417	1
189	1419	1
189	1425	1
189	1426	1
189	1427	1
189	1428	1
189	1431	1
189	1432	1
189	1433	1
189	1434	1
189	1435	1
190	1412	1
190	1420	1
190	1423	1
190	1424	1
190	1430	1
191	1421	1
191	1436	1
192	1422	1
192	1429	1
193	1437	1
193	1443	1
193	1445	1
193	1451	1
193	1452	1
193	1453	1
193	1454	1
193	1455	1
193	1456	1
193	1457	1
193	1458	1
193	1460	1
194	1438	1
194	1439	1
194	1440	1
194	1441	1
194	1444	1
194	1446	1
194	1447	1
194	1448	1
194	1449	1
194	1450	1
194	1459	1
195	1462	1
195	1463	1
196	1469	1
196	1471	1
196	1472	1
196	1473	1
196	1474	1
197	1475	1
197	1477	1
197	1478	1
198	1479	1
198	1480	1
199	1484	1
199	1491	1
200	1485	1
200	1486	1
200	1487	1
202	1506	1
202	1507	1
202	1508	1
202	1509	1
202	1510	1
202	1511	1
202	1512	1
202	1514	1
202	1516	1
202	1517	1
202	1518	1
202	1519	1
202	1521	1
202	1523	1
202	1524	1
202	1525	1
202	1527	1
202	1528	1
202	1530	1
202	1531	1
202	1534	1
202	1538	1
202	1539	1
202	1540	1
202	1542	1
202	1543	1
202	1544	1
202	1545	1
202	1546	1
202	1547	1
202	1549	1
202	1550	1
202	1551	1
202	1552	1
202	1553	1
202	1555	1
203	1515	1
203	1520	1
203	1526	1
203	1532	1
203	1535	1
203	1537	1
203	1541	1
203	1548	1
204	1522	1
204	1529	1
204	1533	1
204	1554	1
205	1558	1
205	1559	1
205	1560	1
206	1561	1
206	1562	1
207	1565	1
207	1566	1
209	1575	1
209	1576	1
210	1579	1
210	1580	1
211	1590	1
211	1591	1
212	1593	1
212	1595	1
214	1605	1
214	1606	1
214	1607	1
214	1608	1
214	1609	1
214	1610	1
215	1617	1
215	1618	1
216	1621	1
216	1623	1
217	1624	1
217	1625	1
218	1626	1
218	1627	1
219	1633	1
219	1634	1
219	1635	1
219	1636	1
219	1637	1
219	1638	1
219	1640	1
219	1641	1
219	1643	1
219	1644	1
219	1645	1
219	1646	1
219	1647	1
219	1650	1
219	1651	1
219	1653	1
219	1655	1
219	1656	1
220	1642	1
220	1648	1
220	1652	1
220	1654	1
223	1675	1
223	1676	1
223	1677	1
223	1678	1
223	1679	1
223	1680	1
223	1681	1
223	1683	1
223	1684	1
223	1685	1
223	1686	1
223	1687	1
223	1688	1
223	1689	1
224	1690	1
224	1691	1
225	1695	1
225	1696	1
226	1699	1
226	1700	1
227	1703	1
227	1705	1
227	1706	1
227	1707	1
227	1709	1
227	1710	1
227	1711	1
227	1714	1
227	1715	1
227	1716	1
227	1717	1
230	1748	1
230	1749	1
230	1750	1
230	1751	1
230	1752	1
230	1753	1
230	1754	1
230	1755	1
230	1756	1
230	1757	1
230	1758	1
230	1759	1
230	1760	1
230	1761	1
230	1762	1
230	1763	1
230	1764	1
230	1765	1
230	1766	1
230	1767	1
231	1768	1
231	1769	1
231	1770	1
231	1771	1
233	1852	1
233	1853	1
233	1854	1
233	1855	1
233	1856	1
234	1867	1
234	1868	1
234	1869	1
234	1870	1
234	1871	1
235	1881	1
235	1882	1
236	1893	1
236	1894	1
237	1896	1
237	1897	1
238	1902	1
238	1904	1
238	1905	1
238	1907	1
239	1909	1
239	1915	1
242	1940	1
242	1941	1
243	1946	1
243	1947	1
243	1948	1
243	1949	1
243	1950	1
243	1951	1
243	1952	1
243	1955	1
243	1956	1
243	1957	1
243	1958	1
243	1959	1
243	1960	1
243	1961	1
243	1962	1
244	1963	1
244	1966	1
244	1967	1
244	1968	1
244	1969	1
244	1970	1
245	1964	1
245	1965	1
246	1971	1
246	1974	1
246	1975	1
247	1982	1
247	1983	1
247	1984	1
247	1985	1
247	1986	1
247	1987	1
248	1992	1
248	1993	1
248	1996	1
248	1997	1
250	2007	1
250	2009	1
250	2010	1
250	2011	1
250	2012	1
250	2014	1
250	2015	1
251	2017	1
251	2018	1
251	2019	1
251	2020	1
251	2021	1
252	2030	1
252	2031	1
252	2033	1
252	2035	1
252	2036	1
252	2037	1
253	2042	1
253	2043	1
253	2052	1
254	2053	1
254	2054	1
254	2055	1
254	2056	1
254	2057	1
254	2062	1
254	2063	1
254	2064	1
254	2065	1
254	2066	1
254	2067	1
254	2068	1
255	2059	1
255	2061	1
256	2084	1
256	2085	1
257	2095	1
257	2096	1
257	2097	1
258	2102	1
258	2103	1
258	2104	1
258	2105	1
258	2107	1
258	2109	1
258	2110	1
258	2111	1
258	2112	1
258	2113	1
258	2114	1
258	2115	1
258	2116	1
258	2118	1
258	2119	1
258	2120	1
258	2121	1
258	2122	1
258	2123	1
258	2126	1
258	2127	1
258	2128	1
258	2129	1
260	2139	1
260	2140	1
260	2141	1
260	2143	1
260	2147	1
260	2151	1
261	2144	1
261	2145	1
262	2148	1
262	2152	1
262	2153	1
262	2154	1
262	2155	1
263	2159	1
263	2160	1
265	2166	1
265	2168	1
267	2174	1
267	2176	1
268	2182	1
268	2185	1
268	2186	1
269	2188	1
269	2190	1
270	2194	1
270	2195	1
272	2199	1
272	2200	1
273	2207	1
273	2210	1
274	2208	1
274	2211	1
274	2212	1
274	2213	1
275	2209	1
275	2214	1
275	2215	1
276	2219	1
276	2220	1
276	2221	1
276	2223	1
276	2224	1
276	2225	1
276	2226	1
276	2227	1
276	2228	1
277	2230	1
277	2231	1
277	2232	1
277	2233	1
278	2235	1
278	2240	1
278	2242	1
278	2250	1
279	2236	1
279	2237	1
279	2239	1
279	2241	1
279	2243	1
279	2251	1
280	2245	1
280	2249	1
281	2253	1
281	2254	1
281	2255	1
281	2256	1
281	2259	1
281	2260	1
281	2261	1
281	2262	1
281	2263	1
281	2264	1
282	2265	1
282	2267	1
282	2270	1
282	2275	1
282	2277	1
285	2282	1
285	2283	1
286	2284	1
286	2287	1
286	2288	1
286	2289	1
286	2290	1
286	2291	1
286	2292	1
286	2293	1
287	2296	1
287	2298	1
288	2301	1
288	2302	1
290	2310	1
290	2311	1
291	2316	1
291	2317	1
292	2331	1
292	2332	1
293	2333	1
293	2334	1
294	2387	1
294	2388	1
295	2395	1
295	2396	1
295	2397	1
295	2398	1
295	2399	1
295	2400	1
295	2401	1
295	2402	1
295	2403	1
295	2404	1
295	2405	1
295	2406	1
295	2407	1
295	2409	1
295	2410	1
295	2411	1
295	2412	1
295	2413	1
295	2414	1
295	2415	1
295	2416	1
295	2417	1
295	2418	1
295	2419	1
295	2420	1
295	2421	1
295	2422	1
295	2423	1
295	2424	1
295	2425	1
295	2426	1
295	2428	1
295	2429	1
295	2430	1
295	2431	1
295	2432	1
295	2433	1
295	2434	1
295	2435	1
295	2436	1
295	2439	1
295	2440	1
295	2441	1
295	2442	1
295	2443	1
295	2444	1
295	2445	1
295	2446	1
295	2447	1
295	2448	1
295	2449	1
295	2450	1
295	2451	1
295	2452	1
295	2453	1
295	2454	1
295	2455	1
295	2456	1
295	2457	1
295	2458	1
295	2459	1
295	2460	1
295	2461	1
295	2462	1
295	2463	1
295	2464	1
295	2465	1
295	2466	1
295	2467	1
295	2468	1
295	2469	1
295	2470	1
295	2471	1
295	2472	1
295	2473	1
295	2474	1
295	2475	1
295	2476	1
295	2477	1
295	2478	1
295	2479	1
295	2480	1
295	2481	1
295	2482	1
295	2485	1
295	2486	1
295	2487	1
295	2488	1
295	2489	1
295	2490	1
295	2491	1
295	2492	1
295	2493	1
295	2494	1
295	2495	1
295	2496	1
295	2497	1
295	2498	1
295	2499	1
295	2500	1
295	2501	1
295	2502	1
295	2503	1
295	2504	1
295	2505	1
295	2506	1
295	2507	1
295	2508	1
295	2509	1
295	2510	1
295	2511	1
295	2512	1
295	2513	1
295	2514	1
295	2515	1
295	2516	1
295	2517	1
295	2518	1
295	2519	1
295	2520	1
295	2521	1
295	2522	1
295	2523	1
295	2524	1
295	2525	1
295	2526	1
295	2527	1
295	2528	1
295	2529	1
295	2530	1
295	2531	1
296	2408	1
296	2427	1
296	2438	1
296	2484	1
297	2437	1
297	2483	1
298	2532	1
298	2533	1
298	2534	1
298	2535	1
298	2536	1
298	2537	1
298	2538	1
298	2539	1
298	2540	1
298	2541	1
298	2542	1
298	2543	1
298	2545	1
298	2547	1
298	2549	1
298	2550	1
298	2551	1
298	2552	1
298	2553	1
298	2554	1
298	2555	1
298	2556	1
298	2557	1
298	2558	1
298	2559	1
298	2561	1
298	2562	1
298	2563	1
298	2564	1
298	2565	1
298	2567	1
298	2568	1
298	2570	1
298	2572	1
298	2574	1
298	2576	1
298	2578	1
298	2588	1
298	2589	1
298	2590	1
298	2591	1
298	2592	1
298	2594	1
298	2596	1
298	2597	1
298	2598	1
298	2603	1
298	2604	1
298	2605	1
298	2606	1
298	2607	1
298	2608	1
298	2609	1
298	2610	1
298	2611	1
298	2612	1
298	2613	1
299	2544	1
299	2546	1
299	2548	1
299	2569	1
299	2571	1
299	2573	1
299	2593	1
299	2595	1
300	2560	1
300	2566	1
300	2579	1
300	2580	1
300	2581	1
300	2582	1
300	2583	1
300	2585	1
300	2586	1
300	2599	1
300	2600	1
300	2601	1
300	2602	1
302	2617	1
302	2618	1
303	2623	1
303	2631	1
303	2632	1
303	2633	1
303	2634	1
303	2635	1
303	2636	1
303	2637	1
303	2638	1
303	2639	1
303	2640	1
303	2641	1
303	2642	1
303	2643	1
303	2644	1
303	2645	1
303	2646	1
303	2647	1
303	2648	1
303	2649	1
303	2650	1
303	2651	1
303	2652	1
303	2653	1
303	2654	1
303	2655	1
303	2656	1
303	2657	1
304	2661	1
304	2662	1
304	2664	1
304	2667	1
304	2668	1
305	2663	1
305	2666	1
306	2669	1
306	2672	1
306	2673	1
306	2674	1
306	2676	1
306	2677	1
306	2679	1
306	2680	1
306	2681	1
306	2682	1
306	2684	1
306	2685	1
306	2686	1
306	2687	1
306	2688	1
306	2689	1
306	2690	1
306	2693	1
306	2694	1
306	2695	1
306	2697	1
306	2698	1
306	2700	1
306	2701	1
306	2702	1
306	2703	1
306	2704	1
306	2705	1
306	2706	1
306	2707	1
306	2708	1
306	2709	1
306	2711	1
306	2713	1
306	2715	1
306	2716	1
306	2717	1
306	2718	1
306	2719	1
306	2720	1
306	2721	1
306	2722	1
307	2670	1
307	2675	1
307	2678	1
307	2691	1
307	2696	1
307	2699	1
307	2712	1
307	2714	1
307	2723	1
308	2671	1
308	2683	1
308	2692	1
308	2710	1
310	2727	1
310	2730	1
310	2751	1
310	2752	1
310	2753	1
310	2754	1
310	2755	1
311	2731	1
311	2732	1
311	2733	1
311	2739	1
311	2749	1
313	2735	1
313	2737	1
314	2740	1
314	2743	1
315	2741	1
315	2742	1
316	2758	1
316	2759	1
316	2760	1
316	2761	1
316	2762	1
316	2763	1
317	2765	1
317	2766	1
318	2767	1
318	2769	1
318	2770	1
318	2771	1
318	2772	1
318	2773	1
318	2774	1
318	2775	1
318	2777	1
319	2768	1
319	2776	1
320	2778	1
320	2779	1
321	2783	1
321	2784	1
321	2785	1
321	2786	1
322	2787	1
322	2788	1
322	2789	1
322	2790	1
322	2791	1
324	2802	1
324	2804	1
324	2805	1
325	2806	1
325	2810	1
326	2813	1
326	2814	1
327	2816	1
327	2817	1
328	2832	1
328	2834	1
329	2850	1
329	2855	1
330	2852	1
330	2854	1
331	2858	1
331	2859	1
332	2862	1
332	2865	1
333	2868	1
333	2869	1
334	2872	1
334	2873	1
335	2875	1
335	2930	1
335	2931	1
335	2932	1
335	2933	1
336	2876	1
336	2877	1
336	2878	1
336	2879	1
337	2880	1
337	2881	1
337	2882	1
337	2883	1
337	2884	1
337	2885	1
338	2887	1
338	2888	1
338	2917	1
338	2918	1
338	2919	1
338	2920	1
338	2921	1
338	2922	1
338	2923	1
338	2924	1
338	2925	1
338	2926	1
339	2889	1
339	2890	1
339	2891	1
339	2893	1
339	2894	1
339	2895	1
339	2896	1
339	2899	1
339	2900	1
339	2901	1
339	2902	1
339	2906	1
339	2907	1
339	2908	1
339	2909	1
339	2910	1
339	2911	1
339	2912	1
339	2913	1
339	2914	1
339	2934	1
339	2935	1
340	2892	1
340	2898	1
340	2903	1
340	2905	1
341	2915	1
341	2916	1
342	2927	1
342	2928	1
342	2929	1
343	2941	1
343	2942	1
343	2943	1
345	2960	1
345	2961	1
345	2963	1
345	2964	1
346	2970	1
346	2972	1
347	2975	1
347	2976	1
347	2977	1
349	2983	1
349	2988	1
349	2989	1
350	2991	1
350	2992	1
352	2999	1
352	3000	1
352	3001	1
352	3002	1
352	3003	1
352	3004	1
352	3005	1
352	3006	1
352	3007	1
352	3008	1
352	3009	1
352	3010	1
353	3012	1
353	3013	1
353	3014	1
353	3015	1
353	3021	1
354	3026	1
354	3027	1
354	3028	1
355	3034	1
355	3035	1
356	3036	1
356	3043	1
356	3044	1
356	3045	1
357	3047	1
357	3049	1
357	3052	1
357	3054	1
357	3055	1
357	3058	1
357	3061	1
357	3063	1
357	3065	1
359	3066	1
359	3067	1
360	3068	1
360	3069	1
360	3070	1
360	3072	1
361	3075	1
361	3079	1
362	3076	1
362	3077	1
362	3078	1
362	3080	1
363	3084	1
363	3085	1
363	3087	1
363	3088	1
364	3090	1
364	3091	1
364	3092	1
364	3094	1
364	3095	1
364	3096	1
364	3098	1
364	3099	1
364	3100	1
364	3101	1
364	3102	1
364	3103	1
364	3104	1
364	3105	1
364	3106	1
364	3107	1
364	3108	1
364	3109	1
364	3110	1
365	3111	1
365	3112	1
365	3113	1
366	3120	1
366	3121	1
366	3123	1
367	3127	1
367	3128	1
367	3129	1
367	3130	1
367	3131	1
367	3132	1
367	3133	1
367	3134	1
367	3135	1
367	3136	1
367	3137	1
367	3138	1
367	3139	1
367	3140	1
367	3141	1
367	3142	1
367	3143	1
367	3144	1
367	3145	1
367	3146	1
367	3147	1
367	3148	1
367	3149	1
367	3150	1
367	3151	1
367	3152	1
367	3153	1
369	3159	1
369	3160	1
369	3161	1
369	3162	1
369	3163	1
369	3164	1
369	3165	1
369	3166	1
369	3167	1
369	3168	1
369	3169	1
369	3170	1
369	3171	1
369	3172	1
369	3173	1
369	3174	1
369	3175	1
369	3176	1
369	3177	1
369	3178	1
369	3179	1
369	3180	1
369	3181	1
369	3182	1
369	3183	1
369	3184	1
369	3185	1
369	3186	1
369	3187	1
369	3188	1
369	3189	1
369	3190	1
369	3191	1
369	3192	1
369	3193	1
370	3196	1
370	3197	1
370	3198	1
370	3199	1
371	3217	1
371	3218	1
371	3219	1
371	3220	1
374	3226	1
374	3228	1
375	3235	1
375	3236	1
375	3237	1
375	3238	1
376	3239	1
376	3240	1
378	3250	1
378	3251	1
379	3255	1
379	3256	1
380	3257	1
380	3258	1
381	3263	1
381	3265	1
381	3266	1
382	3279	1
382	3280	1
382	3281	1
382	3283	1
382	3284	1
382	3285	1
382	3286	1
382	3287	1
382	3288	1
383	3292	1
383	3294	1
383	3295	1
384	3293	1
384	3298	1
385	3296	1
385	3297	1
385	3299	1
386	3300	1
386	3301	1
388	3311	1
388	3312	1
389	3315	1
389	3317	1
390	3324	1
390	3325	1
390	3326	1
390	3327	1
390	3328	1
391	3331	1
391	3332	1
391	3333	1
392	3336	1
392	3337	1
392	3339	1
392	3340	1
392	3342	1
393	3341	1
393	3343	1
394	3347	1
394	3348	1
394	3349	1
394	3351	1
395	3350	1
395	3352	1
398	3365	1
398	3367	1
398	3370	1
399	3369	1
399	3372	1
400	3376	1
400	3378	1
401	3377	1
401	3379	1
401	3380	1
402	3382	1
402	3383	1
402	3384	1
402	3398	1
402	3399	1
402	3400	1
405	3413	1
405	3415	1
405	3417	1
405	3428	1
406	3414	1
406	3416	1
407	3436	1
407	3437	1
407	3438	1
407	3439	1
407	3440	1
407	3441	1
407	3442	1
407	3443	1
407	3444	1
407	3445	1
407	3446	1
407	3447	1
407	3448	1
408	3450	1
408	3451	1
408	3452	1
408	3453	1
408	3454	1
408	3458	1
408	3459	1
408	3460	1
408	3461	1
408	3462	1
408	3463	1
408	3465	1
408	3468	1
408	3469	1
408	3470	1
408	3472	1
408	3473	1
408	3474	1
408	3475	1
408	3477	1
408	3479	1
408	3480	1
408	3485	1
409	3456	1
409	3464	1
409	3466	1
409	3467	1
409	3471	1
409	3476	1
409	3478	1
409	3481	1
409	3482	1
409	3483	1
409	3484	1
409	3486	1
410	3488	1
410	3489	1
410	3490	1
410	3491	1
410	3492	1
410	3493	1
410	3494	1
411	3501	1
411	3504	1
412	3511	1
412	3512	1
413	3513	1
413	3514	1
413	3515	1
413	3516	1
414	3517	1
414	3520	1
414	3521	1
414	3522	1
414	3523	1
414	3526	1
414	3527	1
414	3528	1
414	3529	1
414	3530	1
414	3531	1
414	3532	1
414	3535	1
414	3538	1
414	3540	1
414	3543	1
414	3544	1
414	3545	1
414	3548	1
414	3550	1
414	3551	1
414	3552	1
414	3555	1
414	3556	1
414	3558	1
414	3560	1
414	3564	1
414	3565	1
414	3567	1
414	3568	1
414	3569	1
414	3570	1
414	3571	1
414	3574	1
414	3576	1
414	3579	1
414	3580	1
414	3581	1
414	3582	1
414	3584	1
414	3586	1
414	3589	1
414	3591	1
414	3592	1
414	3593	1
414	3594	1
414	3595	1
414	3596	1
414	3597	1
414	3598	1
414	3601	1
414	3602	1
414	3603	1
415	3518	1
415	3524	1
415	3533	1
415	3536	1
415	3541	1
415	3546	1
415	3549	1
415	3553	1
415	3557	1
415	3561	1
415	3563	1
415	3566	1
415	3572	1
415	3585	1
415	3587	1
415	3599	1
416	3519	1
416	3525	1
416	3537	1
416	3542	1
416	3547	1
416	3554	1
416	3559	1
416	3562	1
416	3573	1
416	3575	1
416	3577	1
416	3578	1
416	3583	1
416	3588	1
416	3600	1
417	3604	1
417	3606	1
417	3608	1
417	3609	1
417	3610	1
417	3628	1
417	3629	1
417	3630	1
417	3631	1
417	3632	1
417	3633	1
417	3634	1
417	3666	1
417	3667	1
417	3668	1
417	3669	1
417	3670	1
417	3671	1
418	3611	1
418	3612	1
418	3613	1
418	3614	1
418	3615	1
418	3617	1
419	3619	1
419	3620	1
419	3621	1
419	3622	1
419	3623	1
419	3624	1
419	3625	1
419	3626	1
419	3627	1
420	3635	1
420	3636	1
420	3637	1
420	3638	1
420	3639	1
420	3640	1
420	3641	1
420	3642	1
420	3643	1
420	3644	1
420	3645	1
420	3646	1
420	3647	1
420	3648	1
420	3649	1
420	3650	1
420	3651	1
420	3652	1
420	3653	1
420	3654	1
420	3659	1
420	3661	1
420	3662	1
420	3672	1
420	3673	1
422	3675	1
422	3679	1
422	3680	1
423	3676	1
423	3678	1
425	3703	1
425	3704	1
425	3705	1
426	3709	1
426	3712	1
426	3716	1
426	3717	1
426	3718	1
427	3710	1
427	3711	1
428	3714	1
428	3715	1
429	3725	1
429	3729	1
429	3730	1
429	3731	1
431	3736	1
431	3737	1
432	3739	1
432	3743	1
432	3746	1
432	3748	1
432	3750	1
434	3751	1
434	3752	1
434	3753	1
434	3754	1
434	3755	1
435	3757	1
435	3758	1
435	3764	1
435	3765	1
436	3759	1
436	3760	1
436	3761	1
436	3762	1
436	3763	1
437	3766	1
437	3767	1
437	3768	1
437	3769	1
437	3770	1
438	3773	1
438	3774	1
438	3775	1
438	3777	1
438	3778	1
438	3782	1
440	3792	1
440	3793	1
441	3796	1
441	3797	1
442	3799	1
442	3800	1
442	3801	1
442	3802	1
443	3803	1
443	3807	1
443	3809	1
443	3810	1
443	3821	1
444	3804	1
444	3805	1
444	3806	1
444	3808	1
444	3811	1
444	3813	1
444	3815	1
444	3816	1
444	3817	1
444	3818	1
444	3819	1
444	3820	1
446	3824	1
446	3827	1
447	3825	1
447	3828	1
448	3831	1
448	3832	1
450	3835	1
450	3836	1
451	3837	1
451	3838	1
451	3839	1
451	3840	1
451	3841	1
451	3842	1
451	3843	1
451	3846	1
452	3847	1
452	3850	1
452	3852	1
454	3868	1
454	3869	1
455	3870	1
455	3885	1
455	3886	1
456	3871	1
456	3872	1
456	3873	1
456	3875	1
456	3878	1
456	3880	1
456	3881	1
456	3883	1
456	3884	1
457	3874	1
457	3876	1
457	3877	1
457	3879	1
457	3882	1
458	3890	1
458	3891	1
458	3892	1
459	3893	1
459	3895	1
460	3896	1
460	3904	1
465	3917	1
465	3918	1
465	3919	1
466	3921	1
466	3926	1
466	3927	1
466	3928	1
466	3929	1
466	3930	1
468	3932	1
468	3935	1
469	3933	1
469	3934	1
470	3947	1
470	3948	1
471	3949	1
471	3951	1
471	3953	1
472	3954	1
472	3956	1
472	3957	1
472	3958	1
473	3963	1
473	3964	1
475	3968	1
475	3969	1
475	3970	1
475	3971	1
476	3976	1
476	3977	1
476	3978	1
477	3981	1
477	3982	1
479	3985	1
479	3986	1
479	3988	1
479	3990	1
479	3992	1
479	3994	1
479	3995	1
479	3996	1
480	3997	1
480	3998	1
481	4001	1
481	4002	1
482	4004	1
482	4005	1
482	4007	1
482	4009	1
482	4011	1
482	4013	1
482	4014	1
482	4015	1
483	4025	1
483	4026	1
483	4028	1
483	4030	1
483	4032	1
484	4033	1
484	4034	1
484	4035	1
484	4036	1
485	4039	1
485	4040	1
485	4043	1
486	4046	1
486	4048	1
487	4049	1
487	4050	1
488	4054	1
488	4055	1
488	4056	1
488	4057	1
488	4071	1
488	4072	1
488	4073	1
488	4074	1
488	4075	1
489	4058	1
489	4059	1
489	4060	1
489	4061	1
489	4062	1
489	4063	1
489	4064	1
489	4065	1
489	4066	1
489	4067	1
489	4068	1
489	4069	1
489	4070	1
490	4079	1
490	4080	1
493	4090	1
493	4091	1
493	4092	1
495	4102	1
495	4103	1
496	4104	1
496	4105	1
496	4106	1
496	4107	1
498	4114	1
498	4115	1
499	4120	1
499	4121	1
499	4122	1
501	4134	1
501	4135	1
501	4136	1
501	4143	1
502	4137	1
502	4144	1
502	4145	1
502	4146	1
502	4147	1
502	4154	1
502	4155	1
502	4156	1
503	4138	1
503	4141	1
503	4142	1
504	4139	1
504	4140	1
505	4148	1
505	4150	1
505	4151	1
505	4152	1
505	4153	1
506	4157	1
506	4158	1
506	4159	1
506	4160	1
506	4161	1
506	4162	1
506	4163	1
506	4166	1
507	4164	1
507	4165	1
508	4173	1
508	4177	1
508	4178	1
509	4174	1
509	4175	1
509	4179	1
510	4184	1
510	4185	1
510	4186	1
510	4187	1
510	4188	1
510	4189	1
511	4198	1
511	4200	1
511	4201	1
511	4203	1
512	4199	1
512	4202	1
512	4204	1
513	4207	1
513	4208	1
514	4209	1
514	4210	1
515	4211	1
515	4212	1
517	4216	1
517	4217	1
521	4236	1
521	4238	1
521	4241	1
522	4237	1
522	4239	1
522	4242	1
523	4245	1
523	4246	1
523	4247	1
523	4248	1
523	4249	1
523	4250	1
523	4251	1
523	4252	1
523	4253	1
524	4254	1
524	4256	1
524	4258	1
524	4259	1
524	4263	1
524	4264	1
524	4265	1
525	4255	1
525	4257	1
525	4260	1
525	4261	1
525	4262	1
525	4266	1
525	4267	1
525	4268	1
526	4274	1
526	4280	1
526	4285	1
526	4287	1
526	4293	1
526	4299	1
527	4275	1
527	4281	1
527	4286	1
527	4288	1
527	4292	1
527	4294	1
527	4296	1
528	4277	1
528	4283	1
529	4291	1
529	4295	1
530	4300	1
530	4302	1
530	4306	1
530	4308	1
530	4309	1
531	4301	1
531	4303	1
531	4307	1
532	4305	1
532	4311	1
533	4313	1
533	4314	1
534	4317	1
534	4318	1
535	4319	1
535	4320	1
535	4321	1
535	4322	1
535	4323	1
535	4324	1
535	4325	1
535	4326	1
535	4327	1
535	4328	1
535	4329	1
535	4330	1
535	4331	1
535	4332	1
535	4334	1
535	4335	1
535	4337	1
535	4338	1
535	4339	1
536	4340	1
536	4341	1
538	4345	1
538	4346	1
539	4350	1
539	4351	1
539	4352	1
540	4353	1
540	4354	1
541	4355	1
541	4356	1
541	4357	1
541	4358	1
541	4359	1
541	4360	1
541	4361	1
541	4362	1
542	4387	1
542	4402	1
542	4403	1
543	4393	1
543	4394	1
543	4395	1
543	4396	1
545	4415	1
545	4416	1
546	4417	1
546	4418	1
547	4421	1
547	4422	1
547	4424	1
548	4423	1
548	4425	1
548	4426	1
551	4436	1
551	4438	1
552	4439	1
552	4440	1
553	4444	1
553	4445	1
553	4446	1
554	4450	1
554	4454	1
554	4455	1
554	4456	1
555	4452	1
555	4453	1
556	4461	1
556	4462	1
557	4465	1
557	4467	1
558	4470	1
558	4471	1
559	4474	1
559	4475	1
559	4476	1
559	4477	1
559	4478	1
559	4479	1
559	4480	1
559	4484	1
559	4485	1
559	4486	1
559	4487	1
559	4488	1
559	4489	1
560	4498	1
560	4499	1
561	4500	1
561	4502	1
562	4501	1
562	4503	1
563	4505	1
563	4506	1
565	4510	1
565	4513	1
565	4514	1
565	4515	1
565	4516	1
566	4517	1
566	4518	1
566	4519	1
566	4520	1
568	4522	1
568	4526	1
568	4530	1
569	4523	1
569	4527	1
569	4531	1
571	4536	1
571	4544	1
573	4540	1
573	4542	1
573	4548	1
574	4550	1
574	4552	1
575	4559	1
575	4560	1
576	4562	1
576	4563	1
577	4564	1
577	4565	1
577	4566	1
578	4569	1
578	4570	1
578	4571	1
578	4572	1
578	4574	1
579	4580	1
579	4581	1
579	4589	1
579	4590	1
579	4592	1
579	4593	1
579	4594	1
579	4595	1
579	4597	1
579	4600	1
579	4601	1
579	4602	1
579	4604	1
579	4605	1
579	4606	1
579	4607	1
579	4608	1
579	4613	1
579	4616	1
579	4618	1
580	4582	1
580	4583	1
580	4585	1
580	4591	1
580	4596	1
580	4598	1
580	4603	1
580	4609	1
580	4611	1
580	4612	1
580	4614	1
580	4615	1
580	4619	1
582	4622	1
582	4623	1
582	4624	1
582	4625	1
582	4626	1
582	4639	1
582	4640	1
582	4641	1
586	4675	1
586	4676	1
587	4680	1
587	4681	1
587	4682	1
588	4684	1
588	4685	1
588	4686	1
588	4687	1
589	4689	1
589	4690	1
590	4691	1
590	4692	1
590	4693	1
590	4694	1
590	4696	1
590	4697	1
590	4698	1
592	4704	1
592	4705	1
593	4707	1
593	4709	1
594	4718	1
594	4720	1
595	4719	1
595	4722	1
598	4737	1
598	4738	1
598	4739	1
598	4741	1
598	4742	1
598	4743	1
598	4746	1
598	4747	1
598	4750	1
598	4751	1
598	4752	1
599	4745	1
599	4749	1
600	4748	1
600	4753	1
601	4757	1
601	4758	1
601	4759	1
602	4762	1
602	4763	1
603	4769	1
603	4770	1
603	4771	1
604	4773	1
604	4774	1
605	4781	1
605	4782	1
606	4783	1
606	4784	1
606	4785	1
607	4786	1
607	4787	1
608	4799	1
608	4800	1
608	4801	1
610	4837	1
610	4838	1
610	4839	1
611	4848	1
611	4849	1
611	4850	1
611	4851	1
611	4852	1
611	4853	1
611	4855	1
611	4856	1
611	4857	1
612	4868	1
612	4869	1
613	4878	1
613	4879	1
614	4881	1
614	4882	1
614	4884	1
614	4886	1
614	4887	1
615	4883	1
615	4888	1
618	4900	1
618	4901	1
618	4902	1
618	4903	1
618	4904	1
618	4905	1
619	4912	1
619	4913	1
619	4915	1
619	4916	1
620	4918	1
620	4919	1
620	4920	1
621	4922	1
621	4923	1
621	4924	1
622	4925	1
622	4934	1
622	4935	1
623	4926	1
623	4928	1
624	4927	1
624	4929	1
625	4930	1
625	4931	1
626	4932	1
626	4933	1
627	4936	1
627	4938	1
629	4943	1
629	4946	1
631	4954	1
631	4955	1
632	4958	1
632	4959	1
632	4960	1
633	4964	1
633	4966	1
633	4969	1
635	4974	1
635	4975	1
636	4977	1
636	4978	1
638	4981	1
638	4982	1
639	4985	1
639	4986	1
639	4987	1
639	4988	1
639	4989	1
640	4993	1
640	4995	1
641	4998	1
641	5000	1
642	5007	1
642	5008	1
642	5009	1
642	5010	1
643	5013	1
643	5015	1
644	5014	1
644	5016	1
645	5020	1
645	5022	1
646	5040	1
646	5041	1
648	5053	1
648	5054	1
648	5055	1
648	5056	1
649	5060	1
649	5061	1
650	5074	1
650	5075	1
650	5076	1
650	5077	1
650	5078	1
651	5081	1
651	5082	1
652	5083	1
652	5084	1
652	5085	1
652	5086	1
652	5087	1
652	5088	1
652	5089	1
652	5090	1
652	5091	1
652	5092	1
652	5093	1
653	5101	1
653	5102	1
653	5103	1
653	5104	1
653	5105	1
653	5106	1
655	5109	1
655	5110	1
656	5112	1
656	5114	1
658	5118	1
658	5119	1
658	5120	1
658	5121	1
658	5122	1
658	5123	1
659	5124	1
659	5125	1
660	5155	1
660	5156	1
660	5157	1
660	5158	1
661	5160	1
661	5161	1
662	5166	1
662	5168	1
662	5169	1
663	5167	1
663	5171	1
664	5176	1
664	5177	1
664	5178	1
665	5186	1
665	5187	1
665	5188	1
666	5190	1
666	5191	1
666	5192	1
666	5193	1
666	5194	1
666	5196	1
667	5197	1
667	5198	1
668	5199	1
668	5201	1
669	5200	1
669	5202	1
671	5204	1
671	5206	1
671	5207	1
672	5208	1
672	5210	1
673	5209	1
673	5211	1
674	5215	1
674	5216	1
675	5226	1
675	5227	1
676	5229	1
676	5231	1
677	5241	1
677	5242	1
677	5243	1
677	5244	1
678	5247	1
678	5249	1
679	5250	1
679	5251	1
679	5252	1
680	5253	1
680	5255	1
681	5258	1
681	5259	1
681	5260	1
686	5292	1
686	5293	1
686	5294	1
686	5295	1
686	5300	1
686	5301	1
688	5308	1
688	5309	1
688	5316	1
688	5317	1
688	5318	1
688	5319	1
688	5323	1
689	5310	1
689	5312	1
689	5314	1
689	5320	1
689	5322	1
690	5311	1
690	5313	1
690	5315	1
690	5321	1
691	5324	1
691	5325	1
691	5326	1
691	5327	1
691	5328	1
691	5329	1
691	5330	1
691	5331	1
691	5332	1
691	5333	1
691	5334	1
691	5335	1
691	5336	1
691	5337	1
691	5338	1
691	5339	1
691	5340	1
691	5341	1
691	5342	1
691	5343	1
691	5344	1
691	5345	1
691	5346	1
691	5347	1
691	5348	1
691	5349	1
691	5350	1
691	5351	1
691	5352	1
691	5353	1
691	5354	1
691	5355	1
691	5356	1
691	5357	1
691	5358	1
691	5359	1
691	5360	1
692	5361	1
692	5362	1
692	5363	1
692	5364	1
692	5365	1
692	5366	1
692	5367	1
692	5368	1
692	5369	1
692	5370	1
692	5371	1
694	5408	1
694	5409	1
694	5410	1
694	5411	1
694	5412	1
694	5413	1
694	5414	1
694	5415	1
694	5416	1
694	5417	1
694	5418	1
695	5419	1
695	5420	1
695	5421	1
695	5422	1
695	5423	1
695	5424	1
695	5425	1
695	5426	1
695	5427	1
695	5428	1
695	5429	1
696	5430	1
696	5431	1
696	5432	1
696	5433	1
696	5434	1
696	5435	1
696	5436	1
697	5437	1
697	5438	1
697	5439	1
697	5440	1
697	5441	1
697	5442	1
697	5443	1
697	5444	1
697	5445	1
697	5446	1
697	5447	1
698	5448	1
698	5449	1
698	5450	1
698	5451	1
698	5452	1
698	5453	1
698	5454	1
699	5455	1
699	5456	1
699	5457	1
699	5458	1
699	5459	1
699	5460	1
699	5461	1
701	5482	1
701	5483	1
702	5484	1
702	5485	1
702	5486	1
702	5487	1
702	5488	1
702	5491	1
702	5492	1
702	5493	1
703	5495	1
703	5498	1
704	5499	1
704	5500	1
705	5501	1
705	5502	1
705	5503	1
706	5506	1
706	5509	1
707	5507	1
707	5508	1
708	5528	1
708	5529	1
709	5531	1
709	5532	1
709	5533	1
710	5534	1
710	5535	1
710	5536	1
710	5537	1
710	5538	1
710	5539	1
710	5540	1
710	5541	1
710	5542	1
710	5543	1
710	5544	1
710	5545	1
710	5546	1
710	5547	1
710	5548	1
710	5549	1
710	5550	1
710	5551	1
710	5552	1
710	5553	1
710	5554	1
710	5555	1
710	5556	1
710	5557	1
710	5558	1
710	5559	1
710	5560	1
710	5561	1
710	5562	1
711	5567	1
711	5570	1
713	5571	1
713	5572	1
715	5589	1
715	5590	1
716	5591	1
716	5592	1
718	5597	1
718	5600	1
719	5598	1
719	5599	1
720	5601	1
720	5603	1
721	5606	1
721	5607	1
721	5608	1
721	5609	1
721	5610	1
721	5611	1
721	5612	1
721	5613	1
721	5614	1
721	5615	1
721	5616	1
722	5627	1
722	5629	1
722	5630	1
722	5631	1
722	5632	1
722	5633	1
722	5634	1
722	5635	1
722	5636	1
722	5637	1
723	5638	1
723	5640	1
723	5641	1
723	5642	1
723	5643	1
723	5644	1
723	5645	1
723	5646	1
723	5647	1
723	5648	1
724	5649	1
724	5650	1
724	5651	1
724	5653	1
724	5655	1
724	5657	1
724	5659	1
724	5660	1
724	5661	1
724	5662	1
725	5652	1
725	5654	1
725	5656	1
725	5658	1
726	5663	1
726	5664	1
726	5665	1
726	5667	1
726	5669	1
726	5671	1
726	5673	1
726	5674	1
726	5675	1
726	5676	1
727	5666	1
727	5668	1
727	5670	1
727	5672	1
729	5680	1
729	5682	1
729	5684	1
729	5686	1
730	5691	1
730	5692	1
730	5693	1
730	5695	1
730	5697	1
730	5699	1
730	5701	1
730	5702	1
730	5703	1
730	5704	1
731	5694	1
731	5696	1
731	5698	1
731	5700	1
732	5705	1
732	5706	1
732	5707	1
732	5709	1
732	5711	1
732	5713	1
732	5715	1
732	5716	1
732	5717	1
732	5718	1
733	5708	1
733	5710	1
733	5712	1
733	5714	1
735	5734	1
735	5735	1
735	5736	1
736	5741	1
736	5742	1
738	5750	1
738	5751	1
738	5752	1
738	5753	1
738	5754	1
738	5755	1
738	5756	1
738	5757	1
738	5758	1
740	5766	1
740	5767	1
741	5781	1
741	5783	1
742	5782	1
742	5784	1
743	5794	1
743	5795	1
744	5799	1
744	5800	1
745	5807	1
745	5820	1
746	5813	1
746	5815	1
747	5814	1
747	5816	1
748	5821	1
748	5822	1
749	5827	1
749	5828	1
751	5847	1
751	5848	1
752	5855	1
752	5857	1
752	5861	1
752	5864	1
752	5866	1
752	5868	1
753	5856	1
753	5858	1
753	5862	1
754	5859	1
754	5865	1
754	5867	1
754	5869	1
755	5873	1
755	5874	1
755	5876	1
755	5878	1
756	5875	1
756	5877	1
757	5879	1
757	5880	1
757	5881	1
757	5882	1
757	5883	1
757	5884	1
757	5885	1
757	5886	1
757	5887	1
758	5890	1
758	5892	1
758	5893	1
759	5912	1
759	5916	1
759	5919	1
759	5921	1
759	5923	1
759	5932	1
760	5913	1
760	5917	1
760	5933	1
763	5929	1
763	5931	1
764	5939	1
764	5940	1
765	5942	1
765	5943	1
765	5945	1
765	5946	1
766	5956	1
766	5957	1
767	5958	1
767	5959	1
768	5960	1
768	5961	1
768	5964	1
770	5970	1
770	5971	1
771	5973	1
771	5974	1
772	5979	1
772	5980	1
773	5981	1
773	5982	1
775	5985	1
775	5986	1
776	5987	1
776	5989	1
777	5990	1
777	5992	1
778	5993	1
778	5994	1
780	6002	1
780	6004	1
780	6009	1
781	6005	1
781	6010	1
782	6012	1
782	6014	1
785	6024	1
785	6026	1
785	6027	1
785	6028	1
785	6029	1
785	6030	1
786	6032	1
786	6034	1
786	6046	1
786	6048	1
787	6045	1
787	6047	1
788	6049	1
788	6050	1
788	6051	1
789	6054	1
789	6055	1
792	6081	1
792	6105	1
793	6083	1
793	6085	1
793	6097	1
793	6100	1
796	6090	1
796	6091	1
796	6093	1
797	6101	1
797	6102	1
797	6103	1
797	6104	1
798	6112	1
798	6114	1
798	6120	1
800	6124	1
800	6125	1
800	6126	1
800	6127	1
800	6129	1
800	6131	1
801	6132	1
801	6145	1
802	6133	1
802	6138	1
802	6142	1
804	6150	1
804	6151	1
805	6154	1
805	6155	1
805	6158	1
805	6162	1
806	6156	1
806	6160	1
807	6167	1
807	6168	1
808	6170	1
808	6171	1
808	6172	1
808	6174	1
808	6175	1
808	6176	1
811	6180	1
811	6188	1
811	6192	1
812	6181	1
812	6189	1
813	6182	1
813	6198	1
816	6213	1
816	6214	1
816	6215	1
816	6216	1
816	6218	1
816	6219	1
817	6221	1
817	6243	1
818	6222	1
818	6231	1
818	6236	1
819	6223	1
819	6233	1
819	6237	1
820	6224	1
820	6234	1
821	6225	1
821	6235	1
821	6242	1
822	6226	1
822	6232	1
822	6239	1
823	6244	1
823	6245	1
823	6246	1
824	6250	1
824	6251	1
825	6258	1
825	6259	1
825	6260	1
825	6261	1
825	6263	1
825	6264	1
825	6265	1
825	6268	1
825	6269	1
825	6270	1
825	6272	1
825	6274	1
825	6275	1
826	6262	1
826	6267	1
827	6266	1
827	6271	1
827	6273	1
828	6276	1
828	6277	1
829	6284	1
829	6285	1
829	6286	1
829	6287	1
829	6289	1
829	6290	1
829	6291	1
829	6294	1
829	6295	1
829	6296	1
829	6298	1
829	6300	1
829	6301	1
829	6302	1
830	6288	1
830	6293	1
832	6303	1
832	6304	1
833	6308	1
833	6311	1
834	6310	1
834	6312	1
835	6314	1
835	6315	1
835	6319	1
838	6329	1
838	6330	1
839	6333	1
839	6335	1
840	6337	1
840	6338	1
845	6381	1
845	6382	1
845	6384	1
845	6386	1
845	6388	1
845	6390	1
845	6391	1
845	6392	1
846	6393	1
846	6396	1
847	6399	1
847	6400	1
848	6405	1
848	6406	1
848	6407	1
848	6408	1
848	6409	1
848	6410	1
848	6411	1
848	6412	1
851	6420	1
851	6422	1
851	6424	1
852	6429	1
852	6431	1
852	6433	1
854	6437	1
854	6439	1
854	6441	1
855	6438	1
855	6440	1
855	6442	1
856	6443	1
856	6445	1
856	6447	1
857	6444	1
857	6446	1
857	6448	1
858	6464	1
858	6465	1
860	6503	1
860	6506	1
861	6510	1
861	6511	1
861	6512	1
861	6513	1
861	6514	1
861	6516	1
861	6517	1
863	6539	1
863	6540	1
864	6544	1
864	6545	1
865	6549	1
865	6550	1
865	6551	1
865	6552	1
865	6553	1
865	6554	1
865	6555	1
865	6556	1
865	6557	1
866	6559	1
866	6573	1
867	6564	1
867	6565	1
867	6566	1
867	6567	1
867	6568	1
867	6569	1
867	6570	1
867	6571	1
867	6572	1
869	6581	1
869	6585	1
869	6586	1
870	6583	1
870	6587	1
871	6596	1
871	6597	1
873	6602	1
873	6603	1
873	6604	1
873	6605	1
873	6606	1
873	6607	1
873	6608	1
873	6609	1
873	6610	1
873	6611	1
873	6612	1
873	6613	1
873	6614	1
873	6615	1
873	6616	1
873	6617	1
873	6619	1
873	6620	1
873	6621	1
873	6622	1
873	6623	1
873	6624	1
873	6626	1
873	6627	1
873	6628	1
873	6629	1
873	6630	1
873	6633	1
873	6634	1
873	6635	1
873	6637	1
873	6638	1
873	6639	1
873	6640	1
873	6642	1
873	6643	1
873	6644	1
873	6645	1
873	6646	1
873	6647	1
873	6648	1
873	6649	1
873	6650	1
873	6651	1
873	6655	1
873	6656	1
873	6657	1
873	6658	1
873	6659	1
873	6661	1
873	6662	1
873	6663	1
873	6664	1
873	6666	1
873	6668	1
873	6670	1
873	6677	1
873	6682	1
873	6683	1
873	6684	1
873	6685	1
873	6686	1
873	6687	1
873	6688	1
873	6690	1
873	6691	1
873	6692	1
873	6693	1
873	6694	1
873	6695	1
873	6697	1
873	6699	1
873	6700	1
873	6702	1
873	6703	1
873	6704	1
873	6705	1
873	6706	1
873	6707	1
873	6708	1
873	6709	1
873	6710	1
874	6618	1
874	6625	1
874	6632	1
874	6636	1
874	6654	1
874	6678	1
874	6679	1
874	6680	1
874	6681	1
874	6701	1
875	6631	1
875	6641	1
875	6652	1
875	6653	1
875	6671	1
875	6672	1
875	6673	1
875	6674	1
875	6675	1
875	6689	1
877	6665	1
877	6667	1
877	6669	1
878	6717	1
878	6718	1
878	6719	1
878	6721	1
878	6722	1
878	6723	1
878	6724	1
878	6725	1
878	6726	1
878	6727	1
879	6737	1
879	6738	1
879	6739	1
879	6740	1
879	6741	1
879	6742	1
879	6743	1
880	6744	1
880	6745	1
880	6746	1
880	6747	1
880	6748	1
880	6749	1
881	6750	1
881	6772	1
882	6751	1
882	6754	1
882	6755	1
882	6757	1
882	6758	1
882	6760	1
882	6762	1
882	6764	1
882	6765	1
882	6768	1
882	6769	1
882	6770	1
884	6774	1
884	6776	1
884	6778	1
884	6779	1
884	6780	1
884	6781	1
884	6784	1
884	6785	1
884	6786	1
884	6787	1
884	6788	1
884	6789	1
885	6775	1
885	6777	1
885	6782	1
886	6793	1
886	6794	1
888	6800	1
888	6801	1
889	6810	1
889	6811	1
889	6812	1
889	6815	1
889	6816	1
889	6817	1
889	6818	1
889	6819	1
889	6820	1
889	6821	1
889	6822	1
890	6828	1
890	6831	1
891	6829	1
891	6830	1
895	6855	1
895	6856	1
895	6857	1
895	6858	1
896	6864	1
896	6866	1
896	6867	1
897	6869	1
897	6870	1
897	6871	1
898	6872	1
898	6874	1
898	6876	1
898	6877	1
898	6878	1
898	6879	1
898	6881	1
899	6875	1
899	6880	1
900	6884	1
900	6885	1
900	6886	1
900	6924	1
900	6926	1
900	6927	1
900	6928	1
901	6889	1
901	6890	1
901	6891	1
901	6892	1
901	6893	1
901	6894	1
901	6895	1
901	6896	1
901	6899	1
901	6900	1
901	6903	1
901	6905	1
901	6907	1
901	6908	1
901	6909	1
901	6912	1
901	6914	1
901	6915	1
901	6917	1
901	6919	1
901	6920	1
903	6932	1
903	6933	1
904	6935	1
904	6936	1
905	6938	1
905	6941	1
905	6942	1
905	6943	1
905	6944	1
905	6947	1
906	6939	1
906	6940	1
907	6945	1
907	6948	1
907	6949	1
907	6950	1
907	6951	1
908	6952	1
908	6953	1
909	6954	1
909	6958	1
909	6961	1
909	6962	1
909	6964	1
909	6967	1
909	6973	1
911	6978	1
911	6979	1
912	6985	1
912	6986	1
912	6987	1
912	6988	1
912	6989	1
912	6990	1
912	6991	1
912	6992	1
912	6993	1
912	6994	1
912	6995	1
912	6998	1
912	7000	1
912	7001	1
912	7002	1
912	7003	1
912	7004	1
912	7005	1
913	6999	1
913	7006	1
914	7008	1
914	7011	1
914	7019	1
914	7023	1
914	7028	1
915	7009	1
915	7012	1
915	7029	1
915	7031	1
918	7034	1
918	7037	1
918	7039	1
918	7041	1
918	7043	1
918	7045	1
918	7047	1
918	7049	1
918	7052	1
918	7057	1
918	7059	1
918	7062	1
918	7064	1
918	7066	1
918	7068	1
919	7035	1
919	7053	1
920	7071	1
920	7072	1
920	7073	1
920	7074	1
921	7077	1
921	7078	1
922	7079	1
922	7080	1
924	7083	1
924	7084	1
925	7104	1
925	7105	1
926	7106	1
926	7107	1
926	7108	1
927	7110	1
927	7111	1
928	7121	1
928	7124	1
929	7122	1
929	7123	1
932	7134	1
932	7135	1
933	7137	1
933	7138	1
934	7165	1
934	7166	1
936	7186	1
936	7188	1
938	7220	1
938	7221	1
940	7225	1
940	7226	1
941	7227	1
941	7228	1
941	7229	1
941	7230	1
941	7231	1
943	7238	1
943	7239	1
944	7243	1
944	7245	1
944	7246	1
945	7248	1
945	7250	1
946	7252	1
946	7253	1
946	7255	1
948	7272	1
948	7273	1
950	7278	1
950	7279	1
950	7280	1
952	7298	1
952	7299	1
952	7300	1
952	7301	1
952	7302	1
952	7303	1
952	7306	1
952	7308	1
952	7309	1
952	7311	1
952	7312	1
952	7314	1
952	7316	1
952	7317	1
952	7319	1
952	7321	1
952	7324	1
955	7328	1
955	7329	1
955	7330	1
955	7331	1
956	7332	1
956	7333	1
957	7334	1
957	7336	1
958	7347	1
958	7350	1
958	7351	1
958	7352	1
959	7358	1
959	7359	1
959	7360	1
959	7364	1
960	7362	1
960	7363	1
961	7365	1
961	7369	1
963	7368	1
963	7370	1
964	7372	1
964	7373	1
964	7374	1
964	7375	1
964	7376	1
964	7377	1
964	7378	1
964	7379	1
964	7380	1
966	7390	1
966	7391	1
967	7394	1
967	7395	1
968	7396	1
968	7397	1
968	7398	1
968	7399	1
968	7400	1
968	7401	1
968	7402	1
968	7403	1
968	7404	1
968	7405	1
969	7412	1
969	7413	1
970	7414	1
970	7415	1
970	7416	1
971	7417	1
971	7418	1
972	7427	1
972	7430	1
972	7432	1
972	7433	1
972	7435	1
972	7436	1
972	7437	1
972	7438	1
973	7428	1
973	7429	1
973	7431	1
973	7434	1
973	7439	1
975	7449	1
975	7451	1
976	7450	1
976	7452	1
976	7453	1
977	7455	1
977	7456	1
978	7459	1
978	7461	1
979	7467	1
979	7470	1
980	7468	1
980	7469	1
981	7488	1
981	7489	1
984	7501	1
984	7503	1
985	7506	1
985	7507	1
986	7509	1
986	7510	1
986	7511	1
988	7524	1
988	7525	1
988	7526	1
989	7535	1
989	7536	1
990	7537	1
990	7538	1
991	7539	1
991	7541	1
992	7540	1
992	7542	1
992	7543	1
996	7555	1
996	7556	1
996	7557	1
996	7559	1
996	7560	1
996	7561	1
999	7589	1
999	7590	1
999	7591	1
999	7592	1
999	7593	1
999	7594	1
999	7595	1
1000	7598	1
1000	7599	1
1000	7600	1
1002	7610	1
1002	7611	1
1004	7616	1
1004	7617	1
1007	7637	1
1007	7638	1
1007	7639	1
1008	7641	1
1008	7643	1
1009	7646	1
1009	7648	1
1010	7653	1
1010	7654	1
1011	7655	1
1011	7656	1
1013	7659	1
1013	7660	1
1014	7664	1
1014	7666	1
1014	7667	1
1014	7668	1
1014	7669	1
1014	7670	1
1014	7671	1
1014	7672	1
1015	7681	1
1015	7682	1
1015	7683	1
1015	7684	1
1015	7685	1
1017	7694	1
1017	7698	1
1018	7695	1
1018	7696	1
1019	7701	1
1019	7702	1
1019	7703	1
1019	7704	1
1019	7705	1
1021	7714	1
1021	7715	1
1022	7716	1
1022	7718	1
1022	7720	1
1024	7724	1
1024	7725	1
1026	7737	1
1026	7739	1
1026	7741	1
1029	7767	1
1029	7768	1
1030	7769	1
1030	7770	1
1030	7771	1
1030	7772	1
1030	7773	1
1031	7781	1
1031	7782	1
1031	7783	1
1032	7788	1
1032	7789	1
1032	7790	1
1033	7792	1
1033	7793	1
1033	7794	1
1034	7795	1
1034	7796	1
1036	7803	1
1036	7804	1
1037	7806	1
1037	7807	1
1037	7808	1
1038	7812	1
1038	7813	1
1038	7814	1
1038	7815	1
1039	7816	1
1039	7817	1
1039	7818	1
1039	7820	1
1039	7821	1
1039	7822	1
1039	7823	1
1039	7826	1
1039	7827	1
1039	7828	1
1039	7829	1
1040	7824	1
1040	7825	1
1041	7833	1
1041	7834	1
1041	7835	1
1041	7836	1
1041	7839	1
1042	7840	1
1042	7841	1
1043	7846	1
1043	7847	1
1043	7848	1
1044	7849	1
1044	7850	1
1044	7851	1
1045	7858	1
1045	7860	1
1046	7862	1
1046	7863	1
1046	7864	1
1047	7874	1
1047	7875	1
1048	7876	1
1048	7877	1
1048	7878	1
1048	7879	1
1048	7880	1
1048	7881	1
1048	7882	1
1048	7883	1
1048	7884	1
1048	7885	1
1048	7886	1
1048	7887	1
1048	7888	1
1048	7890	1
1048	7891	1
1049	7892	1
1049	7893	1
1049	7894	1
1049	7895	1
1049	7896	1
1049	7897	1
1049	7898	1
1049	7899	1
1049	7900	1
1049	7901	1
1049	7902	1
1049	7903	1
1049	7904	1
1049	7905	1
1050	7906	1
1050	7907	1
1050	7908	1
1050	7909	1
1050	7910	1
1050	7911	1
1051	7912	1
1051	7913	1
1052	7914	1
1052	7915	1
1052	7916	1
1052	7917	1
1053	7926	1
1053	7927	1
1053	7928	1
1053	7929	1
1053	7936	1
1054	7930	1
1054	7937	1
1057	7942	1
1057	7947	1
1057	7950	1
1057	7952	1
1057	7953	1
1057	7963	1
1057	7967	1
1058	7969	1
1058	7971	1
1060	7979	1
1060	7980	1
1060	7981	1
1061	7982	1
1061	7983	1
1061	7984	1
1062	7985	1
1062	7986	1
1063	7987	1
1063	7988	1
1063	7989	1
1065	7994	1
1065	7995	1
1066	7996	1
1066	7997	1
1067	7998	1
1067	7999	1
1068	8000	1
1068	8001	1
1069	8002	1
1069	8003	1
1070	8013	1
1070	8014	1
1070	8015	1
1070	8016	1
1070	8017	1
1070	8018	1
1070	8019	1
1070	8020	1
1070	8021	1
1070	8022	1
1070	8023	1
1070	8024	1
1070	8025	1
1070	8026	1
1070	8027	1
1071	8039	1
1071	8040	1
1072	8041	1
1072	8043	1
1073	8044	1
1073	8046	1
1074	8045	1
1074	8047	1
1075	8049	1
1075	8050	1
1075	8051	1
1075	8052	1
1075	8053	1
1075	8054	1
1075	8055	1
1075	8056	1
1075	8057	1
1075	8058	1
1075	8059	1
1075	8060	1
1075	8061	1
1075	8062	1
1075	8063	1
1075	8064	1
1075	8065	1
1076	8067	1
1076	8068	1
1076	8069	1
1076	8070	1
1077	8071	1
1077	8072	1
1078	8073	1
1078	8075	1
1080	8080	1
1080	8081	1
1080	8082	1
1080	8083	1
1080	8084	1
1080	8086	1
1081	8093	1
1081	8096	1
1081	8099	1
1081	8100	1
1081	8101	1
1081	8102	1
1081	8103	1
1082	8094	1
1082	8097	1
1084	8114	1
1084	8116	1
1085	8122	1
1085	8123	1
1085	8124	1
1086	8129	1
1086	8130	1
1087	8148	1
1087	8149	1
1087	8150	1
1087	8151	1
1087	8152	1
1087	8153	1
1087	8154	1
1087	8155	1
1087	8156	1
1087	8157	1
1087	8158	1
1087	8159	1
1088	8160	1
1088	8161	1
1088	8162	1
1089	8163	1
1089	8164	1
1090	8168	1
1090	8169	1
1091	8172	1
1091	8173	1
1092	8174	1
1092	8175	1
1092	8176	1
1092	8177	1
1092	8178	1
1093	8179	1
1093	8180	1
1093	8181	1
1093	8182	1
1093	8213	1
1093	8214	1
1093	8215	1
1093	8216	1
1094	8183	1
1094	8184	1
1094	8185	1
1094	8186	1
1094	8187	1
1094	8188	1
1094	8189	1
1094	8190	1
1094	8191	1
1094	8192	1
1094	8193	1
1094	8194	1
1094	8195	1
1094	8196	1
1094	8197	1
1094	8198	1
1094	8199	1
1094	8200	1
1094	8201	1
1094	8202	1
1094	8203	1
1094	8204	1
1094	8205	1
1094	8206	1
1094	8207	1
1094	8208	1
1094	8209	1
1094	8210	1
1094	8211	1
1094	8212	1
1094	8217	1
1094	8218	1
1096	8223	1
1096	8224	1
1096	8225	1
1096	8227	1
1097	8231	1
1097	8232	1
1097	8233	1
1098	8241	1
1098	8245	1
1099	8243	1
1099	8244	1
1100	8246	1
1100	8247	1
1101	8250	1
1101	8251	1
1101	8252	1
1101	8253	1
1101	8254	1
1101	8255	1
1101	8256	1
1101	8257	1
1102	8267	1
1102	8268	1
1103	8271	1
1103	8272	1
1106	8279	1
1106	8280	1
1106	8281	1
1106	8282	1
1106	8283	1
1106	8284	1
1106	8285	1
1106	8286	1
1106	8287	1
1106	8288	1
1106	8289	1
1106	8290	1
1106	8291	1
1106	8292	1
1106	8293	1
1106	8294	1
1106	8295	1
1106	8296	1
1106	8297	1
1106	8298	1
1106	8299	1
1106	8300	1
1106	8301	1
1106	8302	1
1106	8303	1
1106	8304	1
1106	8305	1
1106	8306	1
1106	8307	1
1106	8308	1
1106	8309	1
1106	8310	1
1106	8311	1
1106	8312	1
1106	8313	1
1106	8314	1
1106	8315	1
1106	8316	1
1106	8317	1
1106	8318	1
1106	8319	1
1106	8320	1
1106	8321	1
1106	8322	1
1106	8323	1
1106	8324	1
1106	8325	1
1106	8326	1
1106	8327	1
1106	8328	1
1106	8329	1
1106	8330	1
1106	8331	1
1108	8333	1
1108	8334	1
1109	8338	1
1109	8339	1
1109	8340	1
1111	8349	1
1111	8351	1
1112	8356	1
1112	8357	1
1112	8358	1
1113	8359	1
1113	8360	1
1114	8361	1
1114	8363	1
1114	8365	1
1116	8366	1
1116	8367	1
1117	8368	1
1117	8370	1
1121	8396	1
1121	8401	1
1121	8402	1
1121	8404	1
1122	8398	1
1122	8399	1
1122	8400	1
1122	8403	1
1124	8407	1
1124	8408	1
1125	8411	1
1125	8412	1
1125	8413	1
1125	8417	1
1125	8420	1
1126	8424	1
1126	8425	1
1126	8426	1
1127	8427	1
1127	8428	1
1128	8429	1
1128	8430	1
1128	8431	1
1128	8432	1
1128	8434	1
1128	8435	1
1128	8436	1
1128	8437	1
1128	8438	1
1128	8441	1
1129	8442	1
1129	8443	1
1130	8444	1
1130	8445	1
1131	8452	1
1131	8454	1
1131	8456	1
1131	8459	1
1132	8468	1
1132	8470	1
1132	8472	1
1132	8475	1
1133	8469	1
1133	8471	1
1133	8473	1
1134	8477	1
1134	8479	1
1137	8490	1
1137	8491	1
1138	8492	1
1138	8493	1
1138	8494	1
1138	8495	1
1138	8496	1
1138	8497	1
1138	8498	1
1138	8499	1
1138	8500	1
1138	8501	1
1138	8502	1
1139	8505	1
1139	8506	1
1140	8507	1
1140	8508	1
1141	8510	1
1141	8511	1
1142	8512	1
1142	8513	1
1144	8518	1
1144	8519	1
1146	8527	1
1146	8528	1
1147	8535	1
1147	8537	1
1147	8538	1
1147	8539	1
1150	8545	1
1150	8546	1
1150	8547	1
1151	8548	1
1151	8549	1
1151	8550	1
1152	8558	1
1152	8560	1
1154	8574	1
1154	8576	1
1155	8586	1
1155	8587	1
1156	8597	1
1156	8599	1
1157	8640	1
1157	8643	1
1158	8641	1
1158	8642	1
1159	8657	1
1159	8658	1
1159	8659	1
1159	8660	1
1160	8667	1
1160	8670	1
1161	8674	1
1161	8675	1
1161	8676	1
1161	8677	1
1161	8678	1
1161	8679	1
1161	8680	1
1161	8681	1
1161	8682	1
1161	8683	1
1161	8684	1
1161	8685	1
1161	8686	1
1161	8687	1
1161	8688	1
1161	8689	1
1161	8690	1
1161	8691	1
1161	8692	1
1161	8693	1
1161	8694	1
1161	8695	1
1161	8696	1
1161	8697	1
1161	8698	1
1161	8699	1
1161	8700	1
1161	8701	1
1161	8702	1
1161	8703	1
1161	8704	1
1161	8705	1
1161	8706	1
1161	8707	1
1161	8708	1
1161	8709	1
1161	8710	1
1161	8711	1
1161	8712	1
1162	8716	1
1162	8717	1
1162	8718	1
1162	8719	1
1162	8720	1
1162	8721	1
1162	8722	1
1162	8723	1
1162	8724	1
1162	8725	1
1163	8726	1
1163	8727	1
1163	8730	1
1163	8731	1
1164	8728	1
1164	8729	1
1165	8732	1
1165	8733	1
1165	8734	1
1166	8748	1
1166	8749	1
1167	8752	1
1167	8753	1
1168	8757	1
1168	8758	1
1168	8759	1
1168	8760	1
1168	8761	1
1170	8776	1
1170	8778	1
1171	8779	1
1171	8780	1
1172	8781	1
1172	8782	1
1172	8783	1
1172	8784	1
1172	8785	1
1172	8786	1
1172	8787	1
1172	8788	1
1173	8789	1
1173	8790	1
1176	8798	1
1176	8801	1
1176	8802	1
1176	8803	1
1177	8806	1
1177	8809	1
1178	8807	1
1178	8810	1
1180	8835	1
1180	8836	1
1181	8837	1
1181	8838	1
1182	8839	1
1182	8840	1
1183	8841	1
1183	8843	1
1185	8845	1
1185	8847	1
1186	8848	1
1186	8849	1
1187	8856	1
1187	8857	1
1189	8860	1
1189	8861	1
1190	8869	1
1190	8871	1
1191	8883	1
1191	8884	1
1191	8885	1
1191	8886	1
1191	8887	1
1192	8889	1
1192	8890	1
1192	8891	1
1192	8892	1
1192	8893	1
1192	8894	1
1192	8895	1
1192	8896	1
1192	8897	1
1192	8898	1
1192	8899	1
1192	8900	1
1192	8901	1
1192	8902	1
1192	8903	1
1192	8904	1
1192	8905	1
1192	8906	1
1192	8907	1
1192	8908	1
1192	8909	1
1192	8910	1
1192	8911	1
1193	8914	1
1193	8915	1
1194	8916	1
1194	8917	1
1194	8918	1
1194	8919	1
1194	8920	1
1194	8921	1
1194	8922	1
1194	8923	1
1194	8924	1
1194	8925	1
1194	8926	1
1194	8927	1
1194	8928	1
1194	8929	1
1195	8930	1
1195	8931	1
1196	8932	1
1196	8933	1
1196	8934	1
1196	8935	1
1196	8936	1
1196	8938	1
1196	8939	1
1197	8946	1
1197	8947	1
1197	8948	1
1197	8949	1
1197	8950	1
1198	8953	1
1198	8954	1
1199	8955	1
1199	8956	1
1199	8957	1
1199	8958	1
1199	8959	1
1199	8960	1
1201	8976	1
1201	8977	1
1201	8978	1
1202	8980	1
1202	8981	1
1203	8982	1
1203	8983	1
1203	8984	1
1203	8985	1
1204	8986	1
1204	8987	1
1205	8989	1
1205	8995	1
1205	9001	1
1205	9004	1
1206	8990	1
1206	8993	1
1206	8998	1
1206	9000	1
1206	9003	1
1206	9008	1
1206	9010	1
1206	9017	1
1207	8991	1
1207	8992	1
1207	8996	1
1207	8997	1
1207	8999	1
1207	9002	1
1207	9005	1
1207	9006	1
1207	9007	1
1207	9009	1
1207	9011	1
1207	9012	1
1207	9013	1
1207	9015	1
1207	9018	1
1207	9019	1
1207	9020	1
1208	9024	1
1208	9025	1
1208	9031	1
1209	9026	1
1209	9028	1
1210	9032	1
1210	9033	1
1210	9034	1
1210	9035	1
1210	9036	1
1210	9037	1
1210	9038	1
1210	9039	1
1211	9046	1
1211	9047	1
1211	9048	1
1213	9054	1
1213	9055	1
1213	9058	1
1213	9062	1
1214	9056	1
1214	9057	1
1214	9061	1
1214	9063	1
1215	9064	1
1215	9066	1
1215	9067	1
1215	9068	1
1216	9065	1
1216	9070	1
1217	9076	1
1217	9077	1
1218	9084	1
1218	9085	1
1218	9086	1
1218	9087	1
1218	9091	1
1218	9092	1
1218	9096	1
1219	9088	1
1219	9089	1
1219	9093	1
1219	9094	1
1219	9097	1
1220	9098	1
1220	9099	1
1221	9100	1
1221	9101	1
1223	9104	1
1223	9105	1
1223	9106	1
1223	9107	1
1223	9108	1
1223	9109	1
1223	9110	1
1224	9111	1
1224	9112	1
1225	9115	1
1225	9116	1
1226	9126	1
1226	9127	1
1228	9139	1
1228	9140	1
1228	9141	1
1228	9142	1
1228	9145	1
1228	9146	1
1229	9149	1
1229	9150	1
1229	9151	1
1229	9152	1
1229	9153	1
1230	9154	1
1230	9155	1
1230	9156	1
1230	9157	1
1230	9158	1
1230	9159	1
1230	9160	1
1230	9161	1
1230	9162	1
1230	9163	1
1230	9164	1
1230	9165	1
1230	9166	1
1231	9169	1
1231	9170	1
1231	9171	1
1232	9176	1
1232	9177	1
1232	9178	1
1232	9179	1
1232	9180	1
1233	9185	1
1233	9186	1
1233	9187	1
1233	9188	1
1233	9189	1
1233	9190	1
1233	9191	1
1233	9192	1
1233	9193	1
1234	9194	1
1234	9195	1
1234	9196	1
1236	9219	1
1236	9220	1
1237	9221	1
1237	9222	1
1239	9225	1
1239	9226	1
1241	9248	1
1241	9249	1
1242	9252	1
1242	9253	1
1242	9254	1
1242	9255	1
1242	9259	1
1243	9256	1
1243	9257	1
1243	9258	1
1244	9265	1
1244	9266	1
1244	9272	1
1245	9270	1
1245	9271	1
1245	9275	1
1246	9276	1
1246	9277	1
1247	9281	1
1247	9282	1
1249	9288	1
1249	9291	1
1250	9289	1
1250	9290	1
1250	9292	1
1251	9294	1
1251	9296	1
1252	9297	1
1252	9298	1
1252	9299	1
1253	9300	1
1253	9301	1
1253	9302	1
1254	9306	1
1254	9308	1
1254	9315	1
1254	9318	1
1254	9321	1
1254	9324	1
1255	9307	1
1255	9309	1
1255	9316	1
1255	9317	1
1255	9319	1
1255	9320	1
1255	9323	1
1255	9326	1
1255	9328	1
1255	9333	1
1256	9310	1
1256	9322	1
1256	9325	1
1256	9327	1
1256	9332	1
1256	9334	1
1257	9311	1
1257	9312	1
1257	9313	1
1257	9314	1
1257	9329	1
1257	9330	1
1257	9331	1
1257	9335	1
1257	9336	1
1257	9337	1
1258	9341	1
1258	9342	1
1259	9345	1
1259	9346	1
1263	9383	1
1263	9384	1
1263	9385	1
1265	9388	1
1265	9389	1
1265	9390	1
1265	9391	1
1269	7	1
1269	18	1
1270	8	1
1270	24	1
1270	25	1
1271	11	1
1271	17	1
1272	14	1
1272	15	1
1272	38	1
1273	22	1
1273	23	1
1274	30	1
1274	31	1
1275	32	1
1275	33	1
1276	39	1
1276	40	1
1276	41	1
1277	42	1
1277	43	1
1277	50	1
1278	44	1
1278	48	1
1278	51	1
1279	46	1
1279	47	1
1280	53	1
1280	58	1
1280	59	1
1281	54	1
1281	60	1
1282	55	1
1282	56	1
1282	57	1
1283	64	1
1283	65	1
1284	66	1
1284	67	1
1285	69	1
1285	70	1
1285	71	1
1286	76	1
1286	77	1
1288	79	1
1288	87	1
1289	80	1
1289	82	1
1290	81	1
1290	83	1
1290	84	1
1291	90	1
1291	92	1
1293	105	1
1293	106	1
1294	110	1
1294	111	1
1295	115	1
1295	129	1
1295	130	1
1295	131	1
1296	121	1
1296	126	1
1297	122	1
1297	123	1
1297	125	1
1298	124	1
1298	128	1
1299	127	1
1299	133	1
1300	134	1
1300	139	1
1301	137	1
1301	140	1
1303	145	1
1303	152	1
1303	165	1
1304	146	1
1304	153	1
1304	166	1
1305	147	1
1305	154	1
1305	167	1
1306	148	1
1306	155	1
1306	168	1
1308	150	1
1308	157	1
1308	170	1
1310	159	1
1310	172	1
1311	160	1
1311	174	1
1311	175	1
1312	161	1
1312	173	1
1313	162	1
1313	163	1
1314	182	1
1314	183	1
1316	193	1
1316	194	1
1318	206	1
1318	207	1
1318	215	1
1319	208	1
1319	209	1
1322	222	1
1322	225	1
1323	223	1
1323	227	1
1324	224	1
1324	229	1
1324	233	1
1325	226	1
1325	236	1
1326	228	1
1326	231	1
1328	237	1
1328	240	1
1328	242	1
1328	253	1
1329	238	1
1329	251	1
1329	255	1
1330	239	1
1330	254	1
1331	245	1
1331	246	1
1333	259	1
1333	260	1
1334	261	1
1334	262	1
1334	263	1
1334	270	1
1334	275	1
1336	272	1
1336	274	1
1337	273	1
1337	277	1
1338	293	1
1338	295	1
1339	294	1
1339	297	1
1340	300	1
1340	301	1
1341	302	1
1341	303	1
1342	304	1
1342	305	1
1343	307	1
1343	311	1
1344	308	1
1344	312	1
1345	313	1
1345	314	1
1345	316	1
1346	317	1
1346	318	1
1346	319	1
1348	321	1
1348	322	1
1349	325	1
1349	329	1
1350	326	1
1350	330	1
1352	331	1
1352	337	1
1353	332	1
1353	333	1
1354	334	1
1354	338	1
1354	354	1
1355	335	1
1355	342	1
1355	343	1
1355	356	1
1357	339	1
1357	355	1
1358	344	1
1358	345	1
1358	357	1
1358	358	1
1359	346	1
1359	347	1
1359	359	1
1360	348	1
1360	349	1
1361	350	1
1361	360	1
1361	361	1
1364	365	1
1364	366	1
1364	367	1
1364	368	1
1365	370	1
1365	371	1
1365	380	1
1366	382	1
1366	383	1
1367	386	1
1367	399	1
1368	387	1
1368	408	1
1369	388	1
1369	389	1
1370	390	1
1370	409	1
1371	391	1
1371	412	1
1373	393	1
1373	415	1
1374	394	1
1374	418	1
1376	396	1
1376	421	1
1377	397	1
1377	422	1
1378	398	1
1378	423	1
1379	416	1
1379	432	1
1380	426	1
1380	427	1
1380	437	1
1382	439	1
1382	440	1
1383	443	1
1383	453	1
1383	458	1
1384	444	1
1384	454	1
1384	459	1
1385	445	1
1385	455	1
1385	460	1
1386	446	1
1386	456	1
1386	461	1
1388	457	1
1388	465	1
1389	470	1
1389	472	1
1391	475	1
1391	478	1
1392	483	1
1392	484	1
1393	492	1
1393	493	1
1395	499	1
1395	500	1
1397	505	1
1397	508	1
1398	506	1
1398	509	1
1400	515	1
1400	524	1
1401	516	1
1401	525	1
1401	528	1
1402	517	1
1402	522	1
1403	518	1
1403	519	1
1403	521	1
1404	520	1
1404	526	1
1404	527	1
1404	529	1
1406	532	1
1406	534	1
1408	538	1
1408	539	1
1409	541	1
1409	542	1
1410	543	1
1410	544	1
1411	548	1
1411	571	1
1412	549	1
1412	557	1
1412	572	1
1413	550	1
1413	573	1
1413	585	1
1414	551	1
1414	574	1
1415	552	1
1415	575	1
1416	556	1
1416	559	1
1417	558	1
1417	560	1
1417	561	1
1417	563	1
1418	562	1
1418	565	1
1418	569	1
1418	570	1
1418	576	1
1419	564	1
1419	583	1
1421	567	1
1421	568	1
1421	577	1
1421	584	1
1422	579	1
1422	581	1
1422	582	1
1423	586	1
1423	587	1
1424	588	1
1424	589	1
1426	592	1
1426	601	1
1426	605	1
1427	593	1
1427	596	1
1427	602	1
1428	597	1
1428	603	1
1429	598	1
1429	604	1
1430	606	1
1430	614	1
1431	607	1
1431	608	1
1431	615	1
1432	616	1
1432	617	1
1432	618	1
1433	619	1
1433	620	1
1433	622	1
1434	624	1
1434	625	1
1435	626	1
1435	627	1
1436	630	1
1436	631	1
1438	636	1
1438	639	1
1438	640	1
1440	650	1
1440	655	1
1440	656	1
1441	651	1
1441	654	1
1445	673	1
1445	674	1
1446	675	1
1446	676	1
1447	677	1
1447	678	1
1448	679	1
1448	680	1
1449	696	1
1449	697	1
1449	698	1
1450	700	1
1450	701	1
1450	737	1
1451	721	1
1451	722	1
1452	724	1
1452	725	1
1452	726	1
1453	732	1
1453	733	1
1453	738	1
1454	734	1
1454	736	1
1455	742	1
1455	743	1
1456	745	1
1456	747	1
1456	751	1
1456	752	1
1457	746	1
1457	748	1
1459	754	1
1459	755	1
1460	758	1
1460	761	1
1461	759	1
1461	760	1
1463	769	1
1463	773	1
1463	778	1
1464	770	1
1464	775	1
1465	771	1
1465	777	1
1466	785	1
1466	787	1
1467	789	1
1467	790	1
1468	791	1
1468	792	1
1469	797	1
1469	799	1
1470	800	1
1470	801	1
1471	802	1
1471	803	1
1471	807	1
1472	808	1
1472	812	1
1473	813	1
1473	814	1
1473	815	1
1474	816	1
1474	819	1
1476	839	1
1476	840	1
1477	842	1
1477	843	1
1477	852	1
1477	853	1
1478	848	1
1478	849	1
1478	850	1
1479	854	1
1479	859	1
1480	855	1
1480	856	1
1480	860	1
1482	864	1
1482	877	1
1483	865	1
1483	878	1
1483	884	1
1483	894	1
1484	866	1
1484	867	1
1484	874	1
1484	882	1
1485	868	1
1485	887	1
1485	899	1
1486	869	1
1486	885	1
1487	870	1
1487	879	1
1487	888	1
1488	871	1
1488	880	1
1488	889	1
1489	872	1
1489	881	1
1489	890	1
1490	875	1
1490	883	1
1490	886	1
1490	891	1
1491	892	1
1491	896	1
1492	893	1
1492	898	1
1493	900	1
1493	912	1
1496	914	1
1496	916	1
1496	917	1
1497	918	1
1497	923	1
1498	919	1
1498	924	1
1499	920	1
1499	922	1
1499	925	1
1501	928	1
1501	929	1
1501	931	1
1501	933	1
1502	934	1
1502	946	1
1502	947	1
1503	939	1
1503	940	1
1503	948	1
1504	942	1
1504	943	1
1504	944	1
1504	945	1
1505	949	1
1505	958	1
1505	959	1
1507	960	1
1507	961	1
1508	962	1
1508	965	1
1509	963	1
1509	964	1
1510	966	1
1510	1042	1
1512	968	1
1512	1006	1
1512	1035	1
1513	969	1
1513	1007	1
1513	1036	1
1514	970	1
1514	993	1
1514	994	1
1514	1040	1
1515	971	1
1515	995	1
1515	996	1
1515	1041	1
1516	972	1
1516	973	1
1519	978	1
1519	999	1
1520	979	1
1520	1000	1
1521	980	1
1521	1001	1
1521	1032	1
1524	983	1
1524	1005	1
1525	984	1
1525	1037	1
1526	985	1
1526	1019	1
1528	987	1
1528	1031	1
1529	1008	1
1529	1009	1
1530	1010	1
1530	1011	1
1530	1038	1
1531	1013	1
1531	1014	1
1531	1039	1
1532	1015	1
1532	1016	1
1533	1017	1
1533	1018	1
1534	1020	1
1534	1021	1
1535	1024	1
1535	1025	1
1538	1050	1
1538	1051	1
1539	1054	1
1539	1055	1
1539	1101	1
1539	1106	1
1540	1066	1
1540	1067	1
1542	1077	1
1542	1078	1
1542	1079	1
1543	1080	1
1543	1103	1
1545	1084	1
1545	1085	1
1545	1086	1
1545	1104	1
1546	1088	1
1546	1089	1
1549	1094	1
1549	1095	1
1551	1108	1
1551	1109	1
1552	1113	1
1552	1125	1
1553	1114	1
1553	1126	1
1554	1115	1
1554	1127	1
1555	1118	1
1555	1129	1
1557	1120	1
1557	1135	1
1559	1140	1
1559	1141	1
1560	1142	1
1560	1146	1
1561	1165	1
1561	1170	1
1562	1169	1
1562	1171	1
1564	1179	1
1564	1180	1
1564	1181	1
1564	1182	1
1566	1186	1
1566	1187	1
1567	1188	1
1567	1192	1
1567	1193	1
1570	1200	1
1570	1207	1
1570	1229	1
1570	1241	1
1571	1201	1
1571	1230	1
1572	1202	1
1572	1211	1
1572	1235	1
1573	1203	1
1573	1212	1
1573	1236	1
1574	1204	1
1574	1213	1
1574	1237	1
1575	1205	1
1575	1238	1
1577	1208	1
1577	1220	1
1577	1231	1
1578	1210	1
1578	1233	1
1579	1214	1
1579	1216	1
1580	1215	1
1580	1234	1
1581	1217	1
1581	1219	1
1582	1218	1
1582	1240	1
1583	1242	1
1583	1243	1
1583	1244	1
1585	1249	1
1585	1250	1
1586	1251	1
1586	1253	1
1587	1252	1
1587	1254	1
1588	1255	1
1588	1257	1
1589	1263	1
1589	1264	1
1590	1268	1
1590	1269	1
1590	1283	1
1590	1288	1
1590	1295	1
1591	1270	1
1591	1271	1
1592	1272	1
1592	1284	1
1592	1285	1
1593	1275	1
1593	1276	1
1594	1279	1
1594	1287	1
1595	1280	1
1595	1289	1
1595	1290	1
1595	1296	1
1596	1281	1
1596	1297	1
1597	1282	1
1597	1294	1
1598	1291	1
1598	1292	1
1598	1293	1
1599	1298	1
1599	1299	1
1600	1300	1
1600	1309	1
1602	1302	1
1602	1304	1
1603	1303	1
1603	1305	1
1604	1307	1
1604	1308	1
1605	1310	1
1605	1324	1
1605	1325	1
1605	1327	1
1608	1315	1
1608	1316	1
1609	1317	1
1609	1318	1
1610	1319	1
1610	1320	1
1610	1326	1
1611	1322	1
1611	1323	1
1612	1328	1
1612	1331	1
1612	1333	1
1614	1330	1
1614	1343	1
1615	1332	1
1615	1340	1
1615	1342	1
1615	1344	1
1617	1346	1
1617	1347	1
1617	1349	1
1618	1350	1
1618	1353	1
1619	1351	1
1619	1352	1
1620	1356	1
1620	1357	1
1621	1358	1
1621	1359	1
1622	1360	1
1622	1361	1
1623	1362	1
1623	1363	1
1624	1366	1
1624	1367	1
1625	1368	1
1625	1381	1
1625	1382	1
1625	1445	1
1626	1369	1
1626	1394	1
1626	1395	1
1627	1370	1
1627	1396	1
1627	1397	1
1628	1371	1
1628	1454	1
1629	1372	1
1629	1455	1
1630	1373	1
1630	1457	1
1631	1374	1
1631	1458	1
1632	1375	1
1632	1383	1
1632	1407	1
1633	1376	1
1633	1402	1
1633	1403	1
1633	1404	1
1633	1460	1
1634	1377	1
1634	1408	1
1634	1438	1
1637	1380	1
1637	1421	1
1637	1422	1
1637	1423	1
1637	1442	1
1638	1384	1
1638	1385	1
1639	1386	1
1639	1387	1
1641	1391	1
1641	1392	1
1641	1393	1
1642	1398	1
1642	1452	1
1643	1399	1
1643	1453	1
1644	1400	1
1644	1456	1
1645	1405	1
1645	1409	1
1646	1406	1
1646	1418	1
1647	1412	1
1647	1429	1
1648	1419	1
1648	1439	1
1649	1425	1
1649	1448	1
1650	1461	1
1650	1464	1
1650	1465	1
1651	1466	1
1651	1481	1
1652	1467	1
1652	1482	1
1653	1468	1
1653	1479	1
1653	1483	1
1654	1469	1
1654	1470	1
1655	1475	1
1655	1476	1
1657	1485	1
1657	1492	1
1657	1502	1
1658	1487	1
1658	1497	1
1659	1488	1
1659	1498	1
1660	1489	1
1660	1499	1
1661	1490	1
1661	1491	1
1661	1500	1
1664	1505	1
1664	1562	1
1665	1512	1
1665	1513	1
1666	1514	1
1666	1515	1
1668	1521	1
1668	1522	1
1669	1528	1
1669	1529	1
1670	1531	1
1670	1532	1
1670	1533	1
1671	1534	1
1671	1535	1
1671	1536	1
1673	1547	1
1673	1548	1
1674	1556	1
1674	1557	1
1674	1560	1
1675	1558	1
1675	1563	1
1675	1564	1
1676	1567	1
1676	1573	1
1677	1568	1
1677	1569	1
1679	1581	1
1679	1583	1
1682	1586	1
1682	1587	1
1685	1597	1
1685	1601	1
1685	1602	1
1686	1598	1
1686	1608	1
1688	1611	1
1688	1612	1
1689	1613	1
1689	1614	1
1689	1615	1
1689	1616	1
1692	1626	1
1692	1629	1
1692	1632	1
1693	1627	1
1693	1630	1
1694	1628	1
1694	1631	1
1695	1638	1
1695	1639	1
1698	1653	1
1698	1654	1
1701	1663	1
1701	1675	1
1702	1664	1
1702	1668	1
1702	1677	1
1703	1665	1
1703	1681	1
1703	1692	1
1704	1666	1
1704	1689	1
1705	1667	1
1705	1676	1
1707	1670	1
1707	1680	1
1708	1671	1
1708	1684	1
1709	1672	1
1709	1688	1
1710	1673	1
1710	1691	1
1711	1674	1
1711	1682	1
1712	1693	1
1712	1698	1
1712	1701	1
1713	1694	1
1713	1696	1
1713	1699	1
1714	1695	1
1714	1697	1
1714	1700	1
1716	1703	1
1716	1704	1
1717	1707	1
1717	1708	1
1718	1711	1
1718	1712	1
1718	1713	1
1719	1719	1
1719	1720	1
1719	1724	1
1719	1730	1
1719	1732	1
1720	1721	1
1720	1726	1
1720	1733	1
1720	1734	1
1721	1722	1
1721	1725	1
1721	1728	1
1722	1723	1
1722	1729	1
1723	1727	1
1723	1731	1
1725	1736	1
1725	1744	1
1726	1739	1
1726	1740	1
1726	1745	1
1727	1746	1
1727	1747	1
1728	1748	1
1728	1774	1
1730	1750	1
1730	1776	1
1731	1751	1
1731	1777	1
1732	1752	1
1732	1778	1
1733	1753	1
1733	1783	1
1734	1755	1
1734	1786	1
1735	1756	1
1735	1789	1
1736	1757	1
1736	1791	1
1738	1759	1
1738	1794	1
1739	1760	1
1739	1797	1
1740	1761	1
1740	1800	1
1741	1762	1
1741	1806	1
1742	1763	1
1742	1809	1
1743	1764	1
1743	1810	1
1744	1765	1
1744	1813	1
1745	1766	1
1745	1842	1
1746	1767	1
1746	1845	1
1747	1850	1
1747	1853	1
1748	1851	1
1748	1854	1
1749	1857	1
1749	1858	1
1750	1859	1
1750	1862	1
1750	1870	1
1751	1860	1
1751	1861	1
1751	1867	1
1751	1872	1
1751	1873	1
1752	1863	1
1752	1865	1
1753	1864	1
1753	1866	1
1754	1874	1
1754	1877	1
1755	1875	1
1755	1878	1
1757	1881	1
1757	1893	1
1762	1899	1
1762	1912	1
1762	1913	1
1762	1923	1
1762	1925	1
1764	1901	1
1764	1902	1
1765	1903	1
1765	1904	1
1765	1908	1
1765	1909	1
1765	1910	1
1766	1906	1
1766	1914	1
1766	1915	1
1766	1916	1
1767	1926	1
1767	1929	1
1767	1940	1
1767	1944	1
1767	1964	1
1769	1928	1
1769	1931	1
1769	1942	1
1769	1945	1
1770	1932	1
1770	1946	1
1771	1933	1
1771	1947	1
1773	1935	1
1773	1951	1
1773	1967	1
1774	1936	1
1774	1952	1
1775	1937	1
1775	1956	1
1777	1939	1
1777	1970	1
1779	1953	1
1779	1954	1
1780	1972	1
1780	1973	1
1780	1976	1
1780	1977	1
1782	1979	1
1782	1986	1
1783	1981	1
1783	1982	1
1784	1988	1
1784	1989	1
1785	1990	1
1785	1998	1
1785	2002	1
1786	1991	1
1786	2001	1
1787	1999	1
1787	2000	1
1788	2003	1
1788	2004	1
1789	2005	1
1789	2006	1
1790	2007	1
1790	2008	1
1793	2024	1
1793	2025	1
1794	2028	1
1794	2029	1
1794	2032	1
1794	2033	1
1794	2034	1
1795	2030	1
1795	2038	1
1796	2039	1
1796	2040	1
1796	2041	1
1797	2044	1
1797	2049	1
1797	2050	1
1797	2051	1
1799	2046	1
1799	2056	1
1799	2071	1
1799	2072	1
1801	2048	1
1801	2058	1
1801	2059	1
1801	2075	1
1803	2060	1
1803	2061	1
1805	2068	1
1805	2078	1
1805	2079	1
1806	2080	1
1806	2084	1
1807	2081	1
1807	2086	1
1809	2088	1
1809	2093	1
1809	2094	1
1809	2101	1
1810	2089	1
1810	2095	1
1811	2090	1
1811	2091	1
1811	2092	1
1811	2097	1
1812	2096	1
1812	2098	1
1812	2099	1
1812	2100	1
1813	2105	1
1813	2106	1
1815	2116	1
1815	2117	1
1817	2125	1
1817	2130	1
1817	2131	1
1817	2132	1
1818	2134	1
1818	2135	1
1818	2136	1
1818	2137	1
1819	2138	1
1819	2139	1
1819	2142	1
1819	2146	1
1820	2149	1
1820	2150	1
1821	2156	1
1821	2157	1
1821	2158	1
1821	2161	1
1823	2167	1
1823	2168	1
1823	2169	1
1825	2173	1
1825	2175	1
1825	2177	1
1825	2178	1
1825	2179	1
1826	2180	1
1826	2181	1
1827	2183	1
1827	2189	1
1827	2192	1
1828	2184	1
1828	2191	1
1829	2187	1
1829	2188	1
1830	2193	1
1830	2194	1
1831	2195	1
1831	2196	1
1832	2201	1
1832	2202	1
1832	2203	1
1832	2204	1
1833	2205	1
1833	2206	1
1834	2208	1
1834	2210	1
1835	2214	1
1835	2216	1
1836	2217	1
1836	2244	1
1836	2245	1
1836	2246	1
1836	2272	1
1838	2221	1
1838	2235	1
1838	2236	1
1839	2222	1
1839	2223	1
1840	2226	1
1840	2250	1
1840	2251	1
1841	2228	1
1841	2252	1
1841	2274	1
1842	2229	1
1842	2264	1
1842	2277	1
1842	2278	1
1843	2230	1
1843	2253	1
1844	2231	1
1844	2254	1
1844	2265	1
1844	2266	1
1845	2232	1
1845	2255	1
1845	2267	1
1845	2268	1
1846	2233	1
1846	2261	1
1846	2275	1
1846	2276	1
1847	2234	1
1847	2257	1
1847	2258	1
1847	2269	1
1848	2238	1
1848	2239	1
1849	2240	1
1849	2241	1
1850	2242	1
1850	2243	1
1851	2259	1
1851	2270	1
1851	2271	1
1852	2279	1
1852	2280	1
1852	2281	1
1852	2282	1
1853	2284	1
1853	2285	1
1853	2286	1
1854	2294	1
1854	2296	1
1855	2295	1
1855	2297	1
1855	2299	1
1855	2300	1
1856	2303	1
1856	2304	1
1856	2305	1
1856	2306	1
1857	2307	1
1857	2308	1
1858	2314	1
1858	2315	1
1859	2318	1
1859	2322	1
1859	2327	1
1861	2320	1
1861	2328	1
1861	2329	1
1861	2330	1
1862	2323	1
1862	2324	1
1864	2331	1
1864	2387	1
1865	2332	1
1865	2388	1
1866	2333	1
1866	2582	1
1867	2334	1
1867	2583	1
1868	2335	1
1868	2587	1
1870	2337	1
1870	2398	1
1870	2534	1
1873	2340	1
1873	2404	1
1873	2542	1
1874	2341	1
1874	2410	1
1874	2552	1
1875	2342	1
1875	2411	1
1875	2553	1
1876	2343	1
1876	2412	1
1876	2554	1
1879	2346	1
1879	2416	1
1880	2347	1
1880	2418	1
1880	2558	1
1881	2348	1
1881	2419	1
1882	2349	1
1882	2420	1
1882	2561	1
1883	2350	1
1883	2422	1
1883	2562	1
1884	2351	1
1884	2423	1
1884	2563	1
1885	2352	1
1885	2424	1
1885	2564	1
1887	2354	1
1887	2428	1
1887	2567	1
1888	2355	1
1888	2432	1
1890	2357	1
1890	2435	1
1891	2358	1
1891	2436	1
1891	2576	1
1892	2359	1
1892	2441	1
1893	2360	1
1893	2442	1
1894	2361	1
1894	2448	1
1894	2588	1
1895	2362	1
1895	2449	1
1895	2589	1
1896	2363	1
1896	2452	1
1897	2364	1
1897	2453	1
1898	2365	1
1898	2455	1
1899	2366	1
1899	2591	1
1900	2367	1
1900	2457	1
1901	2368	1
1901	2458	1
1902	2369	1
1902	2459	1
1903	2370	1
1903	2460	1
1905	2372	1
1905	2462	1
1906	2373	1
1906	2463	1
1907	2374	1
1907	2464	1
1908	2375	1
1908	2465	1
1909	2376	1
1909	2466	1
1910	2377	1
1910	2467	1
1913	2380	1
1913	2471	1
1914	2381	1
1914	2479	1
1915	2382	1
1915	2520	1
1915	2604	1
1916	2383	1
1916	2606	1
1917	2384	1
1917	2523	1
1917	2607	1
1918	2385	1
1918	2525	1
1918	2609	1
1919	2386	1
1919	2394	1
1920	2389	1
1920	2580	1
1921	2390	1
1921	2391	1
1921	2584	1
1922	2392	1
1922	2393	1
1926	2405	1
1926	2543	1
1926	2544	1
1928	2407	1
1928	2550	1
1929	2409	1
1929	2551	1
1930	2413	1
1930	2555	1
1931	2430	1
1931	2568	1
1931	2569	1
1932	2431	1
1932	2570	1
1932	2571	1
1934	2437	1
1934	2438	1
1934	2577	1
1935	2439	1
1935	2578	1
1936	2450	1
1936	2590	1
1937	2472	1
1937	2594	1
1937	2595	1
1938	2483	1
1938	2484	1
1939	2502	1
1939	2597	1
1940	2509	1
1940	2598	1
1942	2521	1
1942	2605	1
1943	2524	1
1943	2608	1
1944	2526	1
1944	2610	1
1945	2528	1
1945	2612	1
1946	2529	1
1946	2613	1
1947	2545	1
1947	2546	1
1948	2592	1
1948	2593	1
1950	2620	1
1950	2626	1
1950	2635	1
1951	2621	1
1951	2630	1
1951	2660	1
1951	2665	1
1952	2622	1
1952	2658	1
1952	2663	1
1953	2624	1
1953	2659	1
1954	2625	1
1954	2632	1
1956	2628	1
1956	2640	1
1957	2629	1
1957	2644	1
1958	2655	1
1958	2667	1
1959	2669	1
1959	2670	1
1959	2671	1
1959	2744	1
1960	2673	1
1960	2731	1
1961	2674	1
1961	2675	1
1962	2677	1
1962	2678	1
1962	2728	1
1962	2732	1
1962	2745	1
1963	2682	1
1963	2683	1
1964	2690	1
1964	2691	1
1964	2692	1
1966	2698	1
1966	2699	1
1967	2713	1
1967	2714	1
1968	2721	1
1968	2755	1
1969	2722	1
1969	2723	1
1971	2726	1
1971	2741	1
1972	2730	1
1972	2739	1
1973	2738	1
1973	2747	1
1974	2749	1
1974	2751	1
1975	2756	1
1975	2757	1
1975	2758	1
1976	2764	1
1976	2765	1
1977	2771	1
1977	2778	1
1978	2772	1
1978	2779	1
1979	2780	1
1979	2782	1
1980	2781	1
1980	2784	1
1981	2792	1
1981	2794	1
1982	2795	1
1982	2796	1
1983	2797	1
1983	2798	1
1983	2799	1
1984	2800	1
1984	2801	1
1985	2802	1
1985	2803	1
1986	2806	1
1986	2809	1
1989	2813	1
1989	2816	1
1990	2814	1
1990	2817	1
1991	2815	1
1991	2818	1
1991	2819	1
1991	2820	1
1991	2821	1
1992	2822	1
1992	2823	1
1992	2824	1
1993	2825	1
1993	2828	1
1993	2829	1
1995	2830	1
1995	2842	1
1995	2843	1
1995	2847	1
1996	2831	1
1996	2845	1
1997	2832	1
1997	2833	1
1997	2840	1
1999	2836	1
1999	2838	1
2000	2839	1
2000	2841	1
2000	2844	1
2000	2846	1
2002	2852	1
2002	2853	1
2002	2856	1
2002	2857	1
2003	2860	1
2003	2864	1
2004	2861	1
2004	2866	1
2006	2867	1
2006	2868	1
2009	2876	1
2009	2895	1
2011	2878	1
2011	2907	1
2013	2881	1
2013	2925	1
2014	2882	1
2014	2915	1
2014	2930	1
2014	2941	1
2015	2883	1
2015	2887	1
2015	2931	1
2015	2942	1
2016	2884	1
2016	2888	1
2016	2932	1
2016	2943	1
2017	2896	1
2017	2936	1
2018	2897	1
2018	2898	1
2018	2937	1
2019	2904	1
2019	2905	1
2020	2916	1
2020	2933	1
2021	2935	1
2021	2944	1
2021	2945	1
2022	2946	1
2022	2947	1
2024	2949	1
2024	2951	1
2025	2953	1
2025	2961	1
2025	2962	1
2025	2967	1
2027	2957	1
2027	2964	1
2027	2974	1
2029	2959	1
2029	2971	1
2032	2978	1
2032	2981	1
2034	2984	1
2034	2985	1
2035	2990	1
2035	2993	1
2036	2991	1
2036	2994	1
2037	3011	1
2037	3013	1
2037	3019	1
2038	3014	1
2038	3018	1
2039	3016	1
2039	3017	1
2039	3020	1
2040	3022	1
2040	3023	1
2040	3024	1
2041	3025	1
2041	3026	1
2042	3029	1
2042	3033	1
2043	3030	1
2043	3032	1
2045	3036	1
2045	3038	1
2045	3040	1
2046	3037	1
2046	3041	1
2047	3039	1
2047	3044	1
2049	3049	1
2049	3050	1
2050	3052	1
2050	3053	1
2051	3056	1
2051	3057	1
2052	3061	1
2052	3062	1
2054	3071	1
2054	3072	1
2054	3073	1
2054	3074	1
2055	3075	1
2055	3076	1
2056	3079	1
2056	3080	1
2057	3081	1
2057	3097	1
2059	3083	1
2059	3093	1
2060	3086	1
2060	3087	1
2061	3114	1
2061	3118	1
2061	3119	1
2063	3120	1
2063	3124	1
2063	3154	1
2063	3155	1
2064	3121	1
2064	3122	1
2064	3132	1
2064	3157	1
2065	3125	1
2065	3136	1
2066	3126	1
2066	3158	1
2067	3131	1
2067	3156	1
2068	3194	1
2068	3195	1
2069	3200	1
2069	3208	1
2070	3201	1
2070	3209	1
2071	3202	1
2071	3210	1
2072	3203	1
2072	3211	1
2073	3204	1
2073	3207	1
2074	3205	1
2074	3212	1
2075	3206	1
2075	3213	1
2077	3216	1
2077	3222	1
2078	3219	1
2078	3225	1
2078	3230	1
2080	3232	1
2080	3233	1
2080	3234	1
2081	3240	1
2081	3241	1
2081	3242	1
2082	3243	1
2082	3244	1
2082	3245	1
2083	3247	1
2083	3248	1
2083	3249	1
2084	3252	1
2084	3253	1
2084	3254	1
2085	3259	1
2085	3260	1
2086	3261	1
2086	3262	1
2087	3264	1
2087	3268	1
2087	3271	1
2087	3277	1
2088	3265	1
2088	3272	1
2090	3269	1
2090	3278	1
2092	3282	1
2092	3283	1
2093	3284	1
2093	3293	1
2094	3287	1
2094	3302	1
2094	3303	1
2095	3289	1
2095	3291	1
2095	3307	1
2095	3309	1
2098	3297	1
2098	3298	1
2099	3299	1
2099	3300	1
2100	3304	1
2100	3305	1
2101	3310	1
2101	3311	1
2102	3313	1
2102	3316	1
2102	3318	1
2103	3314	1
2103	3319	1
2105	3321	1
2105	3322	1
2107	3334	1
2107	3335	1
2108	3337	1
2108	3338	1
2111	3349	1
2111	3355	1
2112	3351	1
2112	3352	1
2113	3353	1
2113	3354	1
2113	3357	1
2114	3356	1
2114	3358	1
2115	3360	1
2115	3364	1
2115	3366	1
2118	3368	1
2118	3369	1
2118	3373	1
2119	3371	1
2119	3372	1
2120	3374	1
2120	3375	1
2121	3376	1
2121	3381	1
2122	3378	1
2122	3380	1
2123	3382	1
2123	3394	1
2123	3433	1
2124	3387	1
2124	3407	1
2125	3388	1
2125	3409	1
2126	3389	1
2126	3412	1
2128	3391	1
2128	3419	1
2129	3392	1
2129	3420	1
2130	3393	1
2130	3432	1
2131	3397	1
2131	3434	1
2132	3414	1
2132	3415	1
2133	3416	1
2133	3417	1
2134	3435	1
2134	3449	1
2136	3456	1
2136	3457	1
2137	3463	1
2137	3464	1
2139	3470	1
2139	3471	1
2141	3479	1
2141	3492	1
2142	3487	1
2142	3489	1
2143	3490	1
2143	3495	1
2145	3497	1
2145	3502	1
2146	3498	1
2146	3503	1
2147	3500	1
2147	3501	1
2150	3508	1
2150	3510	1
2150	3511	1
2152	3521	1
2152	3611	1
2152	3635	1
2152	3666	1
2153	3523	1
2153	3524	1
2153	3525	1
2154	3532	1
2154	3533	1
2154	3534	1
2155	3535	1
2155	3536	1
2155	3537	1
2156	3538	1
2156	3539	1
2157	3541	1
2157	3542	1
2158	3545	1
2158	3546	1
2158	3547	1
2159	3552	1
2159	3553	1
2160	3555	1
2160	3609	1
2160	3637	1
2161	3556	1
2161	3557	1
2162	3560	1
2162	3561	1
2162	3562	1
2163	3571	1
2163	3572	1
2163	3573	1
2164	3574	1
2164	3575	1
2165	3582	1
2165	3583	1
2169	3597	1
2169	3614	1
2169	3654	1
2169	3671	1
2169	3679	1
2174	3612	1
2174	3640	1
2174	3670	1
2175	3618	1
2175	3657	1
2175	3676	1
2177	3622	1
2177	3672	1
2178	3623	1
2178	3650	1
2179	3624	1
2179	3632	1
2179	3655	1
2180	3625	1
2180	3633	1
2180	3651	1
2181	3628	1
2181	3643	1
2183	3631	1
2183	3649	1
2184	3634	1
2184	3652	1
2186	3656	1
2186	3663	1
2186	3677	1
2187	3681	1
2187	3684	1
2187	3690	1
2188	3682	1
2188	3686	1
2192	3699	1
2192	3704	1
2195	3707	1
2195	3714	1
2195	3719	1
2196	3709	1
2196	3721	1
2197	3710	1
2197	3713	1
2198	3716	1
2198	3720	1
2199	3722	1
2199	3725	1
2199	3732	1
2200	3723	1
2200	3727	1
2201	3724	1
2201	3728	1
2202	3726	1
2202	3729	1
2203	3733	1
2203	3737	1
2205	3742	1
2205	3743	1
2206	3751	1
2206	3763	1
2207	3752	1
2207	3759	1
2209	3754	1
2209	3758	1
2209	3761	1
2210	3755	1
2210	3756	1
2210	3762	1
2211	3771	1
2211	3772	1
2212	3778	1
2212	3779	1
2213	3780	1
2213	3783	1
2214	3784	1
2214	3785	1
2217	3790	1
2217	3791	1
2218	3794	1
2218	3795	1
2219	3798	1
2219	3837	1
2220	3799	1
2220	3812	1
2220	3813	1
2220	3831	1
2220	3844	1
2221	3800	1
2221	3814	1
2221	3815	1
2221	3832	1
2221	3845	1
2222	3801	1
2222	3818	1
2222	3822	1
2222	3833	1
2223	3802	1
2223	3819	1
2223	3823	1
2223	3834	1
2224	3824	1
2224	3825	1
2224	3826	1
2225	3827	1
2225	3828	1
2225	3829	1
2225	3830	1
2226	3847	1
2226	3848	1
2226	3849	1
2227	3850	1
2227	3851	1
2228	3853	1
2228	3855	1
2228	3860	1
2230	3856	1
2230	3865	1
2231	3857	1
2231	3866	1
2232	3858	1
2232	3867	1
2234	3872	1
2234	3885	1
2236	3887	1
2236	3890	1
2237	3888	1
2237	3894	1
2238	3889	1
2238	3895	1
2239	3896	1
2239	3897	1
2239	3899	1
2239	3903	1
2240	3898	1
2240	3902	1
2241	3905	1
2241	3926	1
2241	3937	1
2242	3906	1
2242	3919	1
2242	3928	1
2243	3907	1
2243	3918	1
2243	3930	1
2244	3911	1
2244	3912	1
2244	3915	1
2244	3922	1
2244	3924	1
2244	3931	1
2244	3936	1
2245	3916	1
2245	3923	1
2245	3932	1
2246	3917	1
2246	3920	1
2246	3927	1
2246	3938	1
2248	3940	1
2248	3946	1
2248	3947	1
2250	3942	1
2250	3944	1
2251	3950	1
2251	3955	1
2252	3951	1
2252	3952	1
2254	3961	1
2254	3963	1
2254	3966	1
2255	3972	1
2255	3975	1
2257	3979	1
2257	3980	1
2258	3983	1
2258	3998	1
2258	3999	1
2260	3987	1
2260	3988	1
2261	3989	1
2261	3990	1
2261	3997	1
2261	4000	1
2264	4003	1
2264	4016	1
2264	4017	1
2264	4021	1
2265	4006	1
2265	4007	1
2267	4010	1
2267	4011	1
2268	4012	1
2268	4013	1
2268	4019	1
2269	4022	1
2269	4023	1
2269	4024	1
2271	4029	1
2271	4030	1
2272	4031	1
2272	4032	1
2273	4037	1
2273	4038	1
2274	4041	1
2274	4042	1
2274	4044	1
2274	4045	1
2275	4046	1
2275	4047	1
2276	4051	1
2276	4052	1
2276	4055	1
2277	4053	1
2277	4057	1
2277	4062	1
2277	4076	1
2279	4069	1
2279	4075	1
2280	4077	1
2280	4082	1
2281	4078	1
2281	4081	1
2282	4088	1
2282	4090	1
2283	4089	1
2283	4091	1
2284	4093	1
2284	4094	1
2285	4095	1
2285	4096	1
2286	4097	1
2286	4098	1
2287	4101	1
2287	4107	1
2288	4108	1
2288	4115	1
2289	4123	1
2289	4124	1
2290	4125	1
2290	4138	1
2290	4139	1
2290	4157	1
2291	4126	1
2291	4140	1
2291	4158	1
2292	4127	1
2292	4134	1
2292	4161	1
2293	4128	1
2293	4135	1
2293	4141	1
2293	4162	1
2294	4129	1
2294	4136	1
2294	4142	1
2294	4163	1
2297	4133	1
2297	4143	1
2298	4149	1
2298	4150	1
2299	4167	1
2299	4175	1
2300	4168	1
2300	4169	1
2302	4171	1
2302	4184	1
2303	4172	1
2303	4185	1
2304	4173	1
2304	4174	1
2305	4176	1
2305	4177	1
2306	4180	1
2306	4181	1
2307	4191	1
2307	4194	1
2307	4195	1
2307	4197	1
2308	4192	1
2308	4193	1
2308	4196	1
2309	4205	1
2309	4206	1
2310	4216	1
2310	4230	1
2310	4233	1
2311	4217	1
2311	4232	1
2312	4218	1
2312	4231	1
2312	4234	1
2313	4229	1
2313	4235	1
2314	4236	1
2314	4237	1
2314	4244	1
2315	4238	1
2315	4239	1
2316	4241	1
2316	4242	1
2317	4245	1
2317	4272	1
2317	4274	1
2317	4275	1
2317	4300	1
2318	4246	1
2318	4280	1
2318	4281	1
2318	4302	1
2319	4247	1
2319	4285	1
2319	4286	1
2321	4249	1
2321	4293	1
2321	4294	1
2321	4309	1
2322	4251	1
2322	4291	1
2322	4292	1
2323	4252	1
2323	4295	1
2323	4296	1
2325	4254	1
2325	4255	1
2325	4276	1
2325	4277	1
2325	4278	1
2325	4279	1
2326	4256	1
2326	4257	1
2327	4259	1
2327	4282	1
2327	4283	1
2327	4284	1
2328	4266	1
2328	4297	1
2329	4269	1
2329	4301	1
2330	4270	1
2330	4273	1
2332	4289	1
2332	4290	1
2334	4303	1
2334	4304	1
2335	4314	1
2335	4315	1
2335	4316	1
2336	4332	1
2336	4333	1
2337	4335	1
2337	4336	1
2338	4342	1
2338	4343	1
2339	4347	1
2339	4348	1
2339	4349	1
2340	4363	1
2340	4364	1
2341	4365	1
2341	4366	1
2341	4367	1
2342	4368	1
2342	4369	1
2343	4370	1
2343	4378	1
2343	4379	1
2343	4380	1
2343	4381	1
2344	4371	1
2344	4372	1
2344	4373	1
2347	4382	1
2347	4383	1
2347	4386	1
2348	4384	1
2348	4385	1
2349	4387	1
2349	4404	1
2350	4388	1
2350	4399	1
2350	4402	1
2351	4389	1
2351	4400	1
2351	4403	1
2352	4390	1
2352	4398	1
2352	4414	1
2353	4391	1
2353	4394	1
2353	4397	1
2354	4392	1
2354	4393	1
2355	4395	1
2355	4401	1
2355	4405	1
2356	4419	1
2356	4420	1
2357	4427	1
2357	4428	1
2358	4430	1
2358	4431	1
2360	4437	1
2360	4438	1
2361	4441	1
2361	4442	1
2362	4443	1
2362	4447	1
2362	4448	1
2362	4460	1
2363	4449	1
2363	4457	1
2364	4450	1
2364	4458	1
2367	4464	1
2367	4466	1
2367	4467	1
2368	4468	1
2368	4469	1
2369	4472	1
2369	4473	1
2370	4481	1
2370	4490	1
2371	4482	1
2371	4491	1
2372	4483	1
2372	4494	1
2373	4492	1
2373	4493	1
2374	4495	1
2374	4496	1
2375	4497	1
2375	4498	1
2376	4500	1
2376	4501	1
2377	4502	1
2377	4503	1
2378	4504	1
2378	4505	1
2379	4507	1
2379	4525	1
2379	4526	1
2379	4527	1
2379	4528	1
2380	4508	1
2380	4529	1
2380	4530	1
2380	4531	1
2380	4532	1
2381	4509	1
2381	4533	1
2381	4534	1
2381	4535	1
2381	4551	1
2382	4511	1
2382	4512	1
2383	4513	1
2383	4521	1
2383	4522	1
2383	4523	1
2383	4524	1
2384	4517	1
2384	4538	1
2385	4518	1
2385	4539	1
2385	4550	1
2386	4519	1
2386	4546	1
2387	4520	1
2387	4547	1
2388	4536	1
2388	4537	1
2389	4540	1
2389	4541	1
2390	4542	1
2390	4543	1
2391	4544	1
2391	4545	1
2392	4548	1
2392	4549	1
2394	4554	1
2394	4555	1
2394	4557	1
2395	4558	1
2395	4559	1
2395	4561	1
2396	4567	1
2396	4572	1
2398	4575	1
2398	4576	1
2399	4577	1
2399	4578	1
2400	4579	1
2400	4628	1
2400	4640	1
2400	4643	1
2401	4581	1
2401	4582	1
2402	4583	1
2402	4584	1
2403	4585	1
2403	4586	1
2405	4597	1
2405	4598	1
2405	4599	1
2406	4604	1
2406	4627	1
2406	4639	1
2406	4642	1
2406	4646	1
2407	4605	1
2407	4621	1
2407	4629	1
2407	4641	1
2407	4644	1
2408	4612	1
2408	4626	1
2408	4636	1
2410	4622	1
2410	4634	1
2411	4623	1
2411	4630	1
2411	4645	1
2413	4625	1
2413	4635	1
2414	4632	1
2414	4633	1
2416	4652	1
2416	4656	1
2417	4653	1
2417	4654	1
2417	4655	1
2417	4657	1
2418	4658	1
2418	4671	1
2418	4675	1
2419	4659	1
2419	4660	1
2419	4665	1
2419	4670	1
2419	4679	1
2420	4667	1
2420	4669	1
2421	4682	1
2421	4683	1
2422	4685	1
2422	4688	1
2423	4695	1
2423	4701	1
2423	4702	1
2423	4703	1
2424	4699	1
2424	4704	1
2424	4706	1
2424	4707	1
2425	4700	1
2425	4705	1
2425	4708	1
2425	4709	1
2427	4711	1
2427	4714	1
2428	4716	1
2428	4719	1
2428	4720	1
2429	4717	1
2429	4721	1
2429	4722	1
2430	4723	1
2430	4724	1
2432	4727	1
2432	4730	1
2433	4728	1
2433	4729	1
2433	4731	1
2433	4732	1
2434	4733	1
2434	4734	1
2434	4735	1
2435	4736	1
2435	4754	1
2436	4739	1
2436	4740	1
2437	4744	1
2437	4745	1
2438	4748	1
2438	4749	1
2439	4755	1
2439	4766	1
2440	4756	1
2440	4757	1
2443	4765	1
2443	4767	1
2444	4768	1
2444	4769	1
2445	4770	1
2445	4772	1
2445	4773	1
2446	4774	1
2446	4775	1
2447	4776	1
2447	4779	1
2448	4777	1
2448	4778	1
2449	4780	1
2449	4785	1
2450	4781	1
2450	4786	1
2451	4782	1
2451	4787	1
2452	4788	1
2452	4789	1
2453	4790	1
2453	4794	1
2454	4791	1
2454	4796	1
2455	4792	1
2455	4795	1
2455	4802	1
2455	4803	1
2456	4793	1
2456	4800	1
2458	4798	1
2458	4799	1
2459	4805	1
2459	4808	1
2460	4806	1
2460	4809	1
2463	4813	1
2463	4818	1
2465	4815	1
2465	4817	1
2465	4820	1
2466	4816	1
2466	4821	1
2467	4822	1
2467	4823	1
2468	4824	1
2468	4825	1
2469	4826	1
2469	4831	1
2471	4841	1
2471	4842	1
2471	4843	1
2472	4844	1
2472	4845	1
2472	4846	1
2473	4847	1
2473	4855	1
2474	4853	1
2474	4854	1
2475	4858	1
2475	4860	1
2476	4859	1
2476	4861	1
2476	4862	1
2477	4863	1
2477	4864	1
2478	4865	1
2478	4866	1
2478	4867	1
2479	4870	1
2479	4871	1
2479	4872	1
2479	4873	1
2480	4874	1
2480	4875	1
2482	4877	1
2482	4880	1
2484	4884	1
2484	4885	1
2485	4890	1
2485	4891	1
2486	4892	1
2486	4893	1
2488	4896	1
2488	4898	1
2489	4897	1
2489	4899	1
2490	4906	1
2490	4907	1
2492	4910	1
2492	4911	1
2493	4914	1
2493	4917	1
2494	4921	1
2494	4935	1
2495	4927	1
2495	4928	1
2495	4932	1
2496	4936	1
2496	4937	1
2496	4944	1
2497	4938	1
2497	4939	1
2498	4940	1
2498	4943	1
2499	4947	1
2499	4948	1
2499	4949	1
2499	4950	1
2499	4951	1
2501	4956	1
2501	4957	1
2502	4961	1
2502	4963	1
2502	4965	1
2503	4962	1
2503	4969	1
2504	4967	1
2504	4968	1
2505	4970	1
2505	4971	1
2506	4976	1
2506	4977	1
2506	4979	1
2508	4984	1
2508	4990	1
2508	4992	1
2510	4996	1
2510	4997	1
2511	4998	1
2511	4999	1
2511	5001	1
2512	5002	1
2512	5003	1
2512	5004	1
2513	5005	1
2513	5011	1
2517	5018	1
2517	5019	1
2517	5020	1
2517	5023	1
2520	5025	1
2520	5026	1
2521	5028	1
2521	5029	1
2521	5030	1
2521	5031	1
2523	5037	1
2523	5042	1
2524	5038	1
2524	5043	1
2525	5039	1
2525	5044	1
2525	5045	1
2527	5051	1
2527	5052	1
2528	5057	1
2528	5060	1
2528	5062	1
2529	5058	1
2529	5059	1
2530	5063	1
2530	5064	1
2531	5065	1
2531	5068	1
2532	5066	1
2532	5067	1
2532	5069	1
2533	5070	1
2533	5071	1
2533	5072	1
2534	5073	1
2534	5079	1
2534	5080	1
2535	5094	1
2535	5095	1
2535	5096	1
2536	5097	1
2536	5098	1
2537	5099	1
2537	5100	1
2538	5111	1
2538	5115	1
2539	5113	1
2539	5114	1
2539	5116	1
2540	5125	1
2540	5126	1
2541	5127	1
2541	5128	1
2542	5129	1
2542	5130	1
2542	5131	1
2543	5132	1
2543	5133	1
2544	5134	1
2544	5137	1
2545	5135	1
2545	5136	1
2546	5138	1
2546	5139	1
2551	5147	1
2551	5148	1
2552	5150	1
2552	5152	1
2553	5151	1
2553	5153	1
2553	5154	1
2554	5159	1
2554	5160	1
2555	5162	1
2555	5163	1
2557	5166	1
2557	5170	1
2559	5174	1
2559	5175	1
2560	5176	1
2560	5181	1
2560	5182	1
2560	5183	1
2561	5179	1
2561	5180	1
2562	5184	1
2562	5185	1
2563	5188	1
2563	5189	1
2564	5190	1
2564	5195	1
2565	5197	1
2565	5199	1
2565	5200	1
2566	5201	1
2566	5202	1
2568	5205	1
2568	5206	1
2569	5208	1
2569	5209	1
2570	5210	1
2570	5211	1
2571	5212	1
2571	5213	1
2572	5214	1
2572	5215	1
2576	5225	1
2576	5230	1
2577	5232	1
2577	5233	1
2578	5234	1
2578	5235	1
2579	5236	1
2579	5239	1
2579	5240	1
2580	5237	1
2580	5238	1
2581	5245	1
2581	5246	1
2582	5248	1
2582	5249	1
2584	5256	1
2584	5257	1
2585	5261	1
2585	5262	1
2587	5265	1
2587	5266	1
2588	5267	1
2588	5268	1
2589	5269	1
2589	5270	1
2591	5274	1
2591	5275	1
2592	5277	1
2592	5278	1
2593	5280	1
2593	5281	1
2594	5287	1
2594	5288	1
2595	5289	1
2595	5299	1
2595	5300	1
2595	5303	1
2595	5307	1
2596	5290	1
2596	5295	1
2597	5291	1
2597	5302	1
2598	5296	1
2598	5317	1
2599	5297	1
2599	5304	1
2600	5305	1
2600	5306	1
2601	5310	1
2601	5311	1
2604	5320	1
2604	5321	1
2605	5372	1
2605	5373	1
2607	5479	1
2607	5494	1
2608	5480	1
2608	5481	1
2608	5487	1
2610	5496	1
2610	5499	1
2611	5501	1
2611	5504	1
2611	5514	1
2612	5502	1
2612	5505	1
2613	5510	1
2613	5511	1
2616	5517	1
2616	5519	1
2618	5521	1
2618	5524	1
2619	5522	1
2619	5525	1
2620	5523	1
2620	5526	1
2621	5527	1
2621	5530	1
2622	5563	1
2622	5567	1
2623	5564	1
2623	5565	1
2623	5566	1
2626	5587	1
2626	5588	1
2628	5599	1
2628	5600	1
2629	5602	1
2629	5603	1
2630	5604	1
2630	5605	1
2631	5606	1
2631	5619	1
2631	5621	1
2632	5617	1
2632	5620	1
2633	5618	1
2633	5622	1
2634	5623	1
2634	5626	1
2635	5624	1
2635	5625	1
2636	5628	1
2636	5629	1
2637	5639	1
2637	5640	1
2638	5652	1
2638	5653	1
2639	5654	1
2639	5655	1
2640	5656	1
2640	5657	1
2641	5658	1
2641	5659	1
2642	5666	1
2642	5667	1
2645	5672	1
2645	5673	1
2646	5680	1
2646	5681	1
2647	5682	1
2647	5683	1
2648	5684	1
2648	5685	1
2649	5686	1
2649	5687	1
2650	5694	1
2650	5695	1
2651	5696	1
2651	5697	1
2652	5698	1
2652	5699	1
2653	5700	1
2653	5701	1
2654	5708	1
2654	5709	1
2655	5710	1
2655	5711	1
2657	5714	1
2657	5715	1
2658	5719	1
2658	5720	1
2659	5729	1
2659	5730	1
2660	5732	1
2660	5733	1
2660	5737	1
2660	5738	1
2661	5739	1
2661	5740	1
2662	5743	1
2662	5744	1
2663	5745	1
2663	5746	1
2664	5752	1
2664	5759	1
2665	5762	1
2665	5763	1
2666	5764	1
2666	5765	1
2667	5766	1
2667	5769	1
2668	5767	1
2668	5785	1
2668	5786	1
2669	5768	1
2669	5779	1
2669	5780	1
2670	5770	1
2670	5775	1
2670	5776	1
2670	5777	1
2670	5778	1
2671	5771	1
2671	5772	1
2672	5773	1
2672	5774	1
2673	5781	1
2673	5782	1
2674	5783	1
2674	5784	1
2675	5787	1
2675	5788	1
2676	5789	1
2676	5790	1
2676	5791	1
2677	5792	1
2677	5793	1
2680	5799	1
2680	5803	1
2681	5800	1
2681	5817	1
2681	5818	1
2682	5801	1
2682	5813	1
2682	5814	1
2683	5802	1
2683	5815	1
2683	5816	1
2685	5805	1
2685	5806	1
2686	5807	1
2686	5808	1
2687	5819	1
2687	5820	1
2688	5822	1
2688	5826	1
2689	5823	1
2689	5824	1
2689	5825	1
2690	5828	1
2690	5832	1
2691	5829	1
2691	5830	1
2691	5831	1
2692	5845	1
2692	5846	1
2693	5847	1
2693	5875	1
2693	5876	1
2693	5885	1
2693	5892	1
2694	5848	1
2694	5877	1
2694	5878	1
2694	5886	1
2694	5893	1
2695	5849	1
2695	5860	1
2697	5851	1
2697	5852	1
2699	5854	1
2699	5861	1
2699	5862	1
2700	5855	1
2700	5856	1
2701	5857	1
2701	5858	1
2701	5859	1
2702	5863	1
2702	5879	1
2703	5864	1
2703	5865	1
2704	5866	1
2704	5867	1
2705	5868	1
2705	5869	1
2706	5871	1
2706	5891	1
2707	5887	1
2707	5889	1
2708	5894	1
2708	5895	1
2710	5900	1
2710	5901	1
2710	5902	1
2710	5903	1
2711	5904	1
2711	5928	1
2711	5929	1
2711	5935	1
2711	5945	1
2712	5905	1
2712	5930	1
2712	5931	1
2712	5936	1
2712	5946	1
2713	5906	1
2713	5915	1
2716	5910	1
2716	5927	1
2717	5911	1
2717	5916	1
2717	5917	1
2718	5912	1
2718	5913	1
2718	5914	1
2719	5918	1
2719	5934	1
2720	5919	1
2720	5920	1
2721	5921	1
2721	5922	1
2722	5923	1
2722	5924	1
2723	5926	1
2723	5944	1
2724	5932	1
2724	5933	1
2725	5937	1
2725	5941	1
2726	5947	1
2726	5948	1
2727	5949	1
2727	5950	1
2727	5951	1
2729	5962	1
2729	5963	1
2730	5964	1
2730	5965	1
2731	5968	1
2731	5969	1
2732	5972	1
2732	5977	1
2732	5978	1
2733	5975	1
2733	5976	1
2733	5979	1
2734	5988	1
2734	5989	1
2736	5993	1
2736	5998	1
2736	6012	1
2736	6013	1
2736	6019	1
2739	5996	1
2739	5997	1
2739	6006	1
2739	6007	1
2739	6008	1
2739	6009	1
2739	6010	1
2739	6011	1
2740	6002	1
2740	6003	1
2741	6004	1
2741	6005	1
2742	6016	1
2742	6017	1
2742	6018	1
2743	6021	1
2743	6028	1
2743	6045	1
2743	6046	1
2743	6050	1
2744	6022	1
2744	6030	1
2744	6047	1
2744	6048	1
2744	6051	1
2745	6023	1
2745	6031	1
2745	6032	1
2746	6024	1
2746	6033	1
2746	6034	1
2746	6049	1
2747	6025	1
2747	6026	1
2747	6039	1
2747	6040	1
2747	6041	1
2747	6042	1
2747	6043	1
2747	6044	1
2748	6035	1
2748	6036	1
2749	6037	1
2749	6038	1
2750	6052	1
2750	6053	1
2751	6056	1
2751	6063	1
2752	6064	1
2752	6065	1
2753	6066	1
2753	6091	1
2753	6101	1
2754	6067	1
2754	6092	1
2754	6093	1
2754	6102	1
2755	6068	1
2755	6100	1
2755	6107	1
2756	6069	1
2756	6106	1
2757	6070	1
2757	6074	1
2757	6089	1
2757	6090	1
2757	6105	1
2758	6072	1
2758	6082	1
2758	6083	1
2758	6084	1
2759	6073	1
2759	6085	1
2759	6086	1
2760	6076	1
2760	6077	1
2760	6094	1
2760	6095	1
2763	6108	1
2763	6109	1
2763	6110	1
2765	6112	1
2765	6113	1
2766	6114	1
2766	6115	1
2767	6119	1
2767	6120	1
2768	6122	1
2768	6149	1
2769	6123	1
2769	6126	1
2769	6135	1
2769	6136	1
2769	6146	1
2770	6124	1
2770	6132	1
2771	6127	1
2771	6128	1
2771	6138	1
2771	6139	1
2772	6130	1
2772	6131	1
2772	6140	1
2772	6141	1
2772	6142	1
2772	6143	1
2772	6144	1
2773	6133	1
2773	6134	1
2774	6147	1
2774	6148	1
2776	6151	1
2776	6160	1
2776	6161	1
2776	6162	1
2776	6163	1
2778	6154	1
2778	6166	1
2779	6155	1
2779	6164	1
2781	6168	1
2781	6194	1
2781	6195	1
2781	6199	1
2782	6169	1
2782	6171	1
2782	6184	1
2782	6185	1
2782	6200	1
2784	6176	1
2784	6196	1
2784	6197	1
2784	6198	1
2785	6177	1
2785	6202	1
2787	6182	1
2787	6183	1
2788	6203	1
2788	6208	1
2788	6209	1
2788	6210	1
2789	6204	1
2789	6205	1
2789	6206	1
2789	6207	1
2790	6211	1
2790	6235	1
2790	6236	1
2790	6237	1
2790	6238	1
2791	6212	1
2791	6215	1
2791	6228	1
2791	6229	1
2791	6243	1
2792	6213	1
2792	6225	1
2792	6247	1
2794	6219	1
2794	6239	1
2794	6240	1
2794	6241	1
2795	6220	1
2795	6245	1
2796	6222	1
2796	6223	1
2796	6224	1
2798	6248	1
2798	6249	1
2799	6252	1
2799	6255	1
2799	6256	1
2799	6262	1
2799	6263	1
2801	6266	1
2801	6267	1
2801	6268	1
2803	6278	1
2803	6281	1
2803	6282	1
2803	6288	1
2803	6289	1
2805	6292	1
2805	6293	1
2805	6294	1
2806	6297	1
2806	6298	1
2807	6305	1
2807	6306	1
2808	6307	1
2808	6308	1
2810	6313	1
2810	6315	1
2812	6327	1
2812	6331	1
2812	6332	1
2812	6339	1
2813	6328	1
2813	6329	1
2813	6333	1
2813	6334	1
2814	6335	1
2814	6336	1
2818	6363	1
2818	6377	1
2818	6378	1
2819	6364	1
2819	6365	1
2820	6367	1
2820	6368	1
2822	6371	1
2822	6372	1
2823	6373	1
2823	6374	1
2824	6379	1
2824	6397	1
2824	6398	1
2824	6401	1
2826	6383	1
2826	6384	1
2826	6393	1
2827	6385	1
2827	6386	1
2828	6387	1
2828	6388	1
2828	6396	1
2829	6389	1
2829	6390	1
2830	6394	1
2830	6395	1
2832	6415	1
2832	6416	1
2833	6417	1
2833	6418	1
2834	6419	1
2834	6420	1
2835	6421	1
2835	6422	1
2836	6423	1
2836	6424	1
2837	6425	1
2837	6426	1
2838	6427	1
2838	6428	1
2839	6429	1
2839	6430	1
2840	6431	1
2840	6432	1
2841	6433	1
2841	6434	1
2843	6437	1
2843	6438	1
2844	6439	1
2844	6440	1
2845	6441	1
2845	6442	1
2846	6443	1
2846	6444	1
2847	6445	1
2847	6446	1
2848	6447	1
2848	6448	1
2849	6449	1
2849	6452	1
2849	6453	1
2850	6450	1
2850	6451	1
2852	6455	1
2852	6465	1
2852	6467	1
2853	6456	1
2853	6460	1
2854	6457	1
2854	6463	1
2856	6461	1
2856	6462	1
2857	6468	1
2857	6471	1
2857	6472	1
2858	6469	1
2858	6470	1
2859	6473	1
2859	6481	1
2859	6482	1
2860	6474	1
2860	6478	1
2862	6476	1
2862	6477	1
2864	6484	1
2864	6485	1
2865	6488	1
2865	6489	1
2867	6493	1
2867	6494	1
2869	6500	1
2869	6501	1
2870	6502	1
2870	6509	1
2871	6505	1
2871	6506	1
2872	6507	1
2872	6508	1
2875	6515	1
2875	6516	1
2876	6517	1
2876	6523	1
2877	6524	1
2877	6525	1
2878	6526	1
2878	6527	1
2879	6528	1
2879	6529	1
2879	6530	1
2880	6531	1
2880	6532	1
2883	6539	1
2883	6541	1
2884	6542	1
2884	6558	1
2885	6543	1
2885	6546	1
2885	6552	1
2886	6547	1
2886	6548	1
2888	6562	1
2888	6563	1
2889	6572	1
2889	6574	1
2890	6575	1
2890	6579	1
2891	6580	1
2891	6582	1
2891	6584	1
2891	6585	1
2891	6587	1
2892	6588	1
2892	6663	1
2893	6589	1
2893	6592	1
2893	6593	1
2893	6598	1
2893	6632	1
2894	6590	1
2894	6595	1
2895	6591	1
2895	6625	1
2896	6594	1
2896	6676	1
2899	6599	1
2899	6636	1
2902	6666	1
2902	6667	1
2903	6668	1
2903	6669	1
2904	6695	1
2904	6696	1
2906	6711	1
2906	6712	1
2906	6713	1
2907	6714	1
2907	6715	1
2908	6716	1
2908	6720	1
2908	6728	1
2908	6729	1
2909	6730	1
2909	6731	1
2910	6732	1
2910	6733	1
2911	6734	1
2911	6735	1
2912	6736	1
2912	6773	1
2913	6737	1
2913	6751	1
2916	6742	1
2916	6768	1
2917	6743	1
2917	6769	1
2918	6748	1
2918	6764	1
2919	6756	1
2919	6775	1
2921	6782	1
2921	6783	1
2922	6790	1
2922	6791	1
2923	6792	1
2923	6793	1
2926	6802	1
2926	6803	1
2927	6804	1
2927	6805	1
2928	6806	1
2928	6807	1
2929	6808	1
2929	6809	1
2930	6812	1
2930	6813	1
2930	6814	1
2931	6823	1
2931	6824	1
2932	6825	1
2932	6826	1
2932	6827	1
2934	6832	1
2934	6833	1
2934	6834	1
2935	6839	1
2935	6840	1
2936	6841	1
2936	6843	1
2936	6845	1
2937	6842	1
2937	6844	1
2937	6848	1
2938	6849	1
2938	6850	1
2938	6852	1
2939	6851	1
2939	6853	1
2940	6854	1
2940	6859	1
2942	6864	1
2942	6865	1
2943	6866	1
2943	6868	1
2944	6872	1
2944	6873	1
2945	6880	1
2945	6882	1
2946	6883	1
2946	6890	1
2946	6923	1
2947	6887	1
2947	6922	1
2947	6929	1
2949	6896	1
2949	6897	1
2949	6898	1
2950	6900	1
2950	6901	1
2952	6909	1
2952	6910	1
2953	6920	1
2953	6921	1
2954	6926	1
2954	6931	1
2955	6927	1
2955	6930	1
2956	6934	1
2956	6935	1
2956	6937	1
2958	6954	1
2958	6975	1
2959	6957	1
2959	6958	1
2959	6959	1
2959	6977	1
2961	6963	1
2961	6964	1
2962	6968	1
2962	6969	1
2964	6974	1
2964	6976	1
2965	6980	1
2965	6981	1
2966	6982	1
2966	6983	1
2966	6984	1
2967	6996	1
2967	7021	1
2967	7054	1
2967	7055	1
2968	6997	1
2968	7025	1
2968	7060	1
2969	7007	1
2969	7033	1
2969	7034	1
2970	7008	1
2970	7009	1
2970	7010	1
2970	7035	1
2971	7011	1
2971	7012	1
2971	7013	1
2972	7015	1
2972	7042	1
2972	7043	1
2974	7017	1
2974	7046	1
2974	7047	1
2975	7018	1
2975	7048	1
2975	7049	1
2976	7019	1
2976	7020	1
2976	7050	1
2977	7023	1
2977	7024	1
2978	7028	1
2978	7029	1
2978	7030	1
2979	7031	1
2979	7032	1
2981	7038	1
2981	7039	1
2982	7040	1
2982	7041	1
2984	7056	1
2984	7057	1
2985	7058	1
2985	7059	1
2986	7061	1
2986	7062	1
2987	7063	1
2987	7064	1
2989	7067	1
2989	7068	1
2990	7069	1
2990	7070	1
2991	7075	1
2991	7076	1
2992	7085	1
2992	7086	1
2993	7087	1
2993	7090	1
2994	7088	1
2994	7089	1
2994	7091	1
2995	7092	1
2995	7095	1
2996	7093	1
2996	7094	1
2996	7096	1
2997	7097	1
2997	7101	1
2998	7098	1
2998	7103	1
2999	7099	1
2999	7100	1
2999	7102	1
3000	7104	1
3000	7110	1
3001	7105	1
3001	7111	1
3003	7112	1
3003	7114	1
3004	7113	1
3004	7115	1
3005	7116	1
3005	7121	1
3006	7117	1
3006	7122	1
3007	7118	1
3007	7119	1
3007	7120	1
3007	7125	1
3008	7126	1
3008	7127	1
3008	7130	1
3009	7133	1
3009	7136	1
3010	7139	1
3010	7143	1
3012	7144	1
3012	7148	1
3014	7149	1
3014	7153	1
3017	7155	1
3017	7156	1
3017	7157	1
3019	7160	1
3019	7165	1
3020	7161	1
3020	7162	1
3020	7163	1
3021	7167	1
3021	7171	1
3022	7168	1
3022	7169	1
3022	7170	1
3023	7172	1
3023	7173	1
3024	7174	1
3024	7175	1
3025	7176	1
3025	7177	1
3026	7178	1
3026	7179	1
3027	7180	1
3027	7183	1
3032	7193	1
3032	7195	1
3033	7194	1
3033	7196	1
3034	7197	1
3034	7198	1
3035	7199	1
3035	7200	1
3035	7201	1
3036	7202	1
3036	7203	1
3036	7204	1
3037	7205	1
3037	7209	1
3038	7206	1
3038	7208	1
3039	7210	1
3039	7212	1
3040	7211	1
3040	7213	1
3043	7218	1
3043	7219	1
3044	7222	1
3044	7223	1
3045	7232	1
3045	7233	1
3046	7234	1
3046	7235	1
3047	7240	1
3047	7242	1
3047	7244	1
3048	7241	1
3048	7245	1
3049	7247	1
3049	7251	1
3050	7248	1
3050	7249	1
3050	7254	1
3052	7258	1
3052	7261	1
3053	7259	1
3053	7260	1
3054	7262	1
3054	7263	1
3054	7264	1
3055	7267	1
3055	7268	1
3056	7269	1
3056	7270	1
3057	7271	1
3057	7272	1
3060	7282	1
3060	7284	1
3060	7285	1
3061	7283	1
3061	7286	1
3062	7287	1
3062	7289	1
3063	7288	1
3063	7290	1
3064	7291	1
3064	7292	1
3065	7293	1
3065	7295	1
3066	7296	1
3066	7297	1
3067	7303	1
3067	7304	1
3067	7305	1
3068	7306	1
3068	7307	1
3069	7312	1
3069	7313	1
3070	7314	1
3070	7315	1
3071	7321	1
3071	7322	1
3072	7324	1
3072	7325	1
3073	7327	1
3073	7330	1
3074	7334	1
3074	7335	1
3076	7338	1
3076	7340	1
3076	7342	1
3077	7343	1
3077	7344	1
3078	7345	1
3078	7346	1
3078	7353	1
3078	7354	1
3078	7356	1
3078	7357	1
3079	7348	1
3079	7349	1
3079	7355	1
3081	7362	1
3081	7368	1
3081	7369	1
3082	7381	1
3082	7382	1
3085	7392	1
3085	7393	1
3086	7406	1
3086	7407	1
3087	7408	1
3087	7409	1
3088	7410	1
3088	7411	1
3090	7421	1
3090	7422	1
3091	7423	1
3091	7425	1
3092	7424	1
3092	7426	1
3093	7440	1
3093	7441	1
3094	7443	1
3094	7444	1
3095	7445	1
3095	7446	1
3096	7447	1
3096	7448	1
3097	7449	1
3097	7450	1
3099	7454	1
3099	7456	1
3100	7457	1
3100	7458	1
3100	7460	1
3101	7462	1
3101	7463	1
3102	7464	1
3102	7465	1
3102	7466	1
3103	7471	1
3103	7472	1
3103	7473	1
3104	7474	1
3104	7475	1
3105	7476	1
3105	7477	1
3106	7478	1
3106	7480	1
3107	7479	1
3107	7481	1
3108	7482	1
3108	7483	1
3109	7484	1
3109	7489	1
3110	7485	1
3110	7487	1
3111	7486	1
3111	7488	1
3112	7490	1
3112	7493	1
3113	7491	1
3113	7492	1
3114	7494	1
3114	7499	1
3115	7497	1
3115	7498	1
3116	7500	1
3116	7502	1
3116	7503	1
3117	7504	1
3117	7505	1
3118	7508	1
3118	7510	1
3119	7512	1
3119	7516	1
3120	7514	1
3120	7515	1
3120	7517	1
3121	7518	1
3121	7519	1
3121	7520	1
3121	7521	1
3121	7522	1
3122	7523	1
3122	7525	1
3123	7527	1
3123	7529	1
3123	7530	1
3123	7532	1
3124	7528	1
3124	7531	1
3125	7533	1
3125	7534	1
3126	7547	1
3126	7548	1
3127	7549	1
3127	7551	1
3127	7552	1
3130	7557	1
3130	7558	1
3131	7567	1
3131	7568	1
3132	7569	1
3132	7578	1
3133	7570	1
3133	7579	1
3134	7571	1
3134	7580	1
3135	7586	1
3135	7587	1
3135	7588	1
3136	7596	1
3136	7597	1
3137	7601	1
3137	7604	1
3138	7602	1
3138	7603	1
3140	7609	1
3140	7610	1
3141	7612	1
3141	7613	1
3142	7614	1
3142	7615	1
3142	7620	1
3143	7627	1
3143	7628	1
3144	7629	1
3144	7630	1
3146	7635	1
3146	7636	1
3147	7638	1
3147	7640	1
3148	7642	1
3148	7643	1
3149	7644	1
3149	7645	1
3151	7649	1
3151	7650	1
3152	7651	1
3152	7652	1
3154	7663	1
3154	7673	1
3155	7665	1
3155	7666	1
3156	7674	1
3156	7675	1
3157	7676	1
3157	7677	1
3157	7678	1
3158	7679	1
3158	7680	1
3159	7686	1
3159	7687	1
3160	7695	1
3160	7699	1
3160	7700	1
3161	7696	1
3161	7697	1
3162	7710	1
3162	7711	1
3163	7712	1
3163	7713	1
3164	7716	1
3164	7717	1
3165	7718	1
3165	7719	1
3166	7720	1
3166	7721	1
3167	7722	1
3167	7723	1
3168	7724	1
3168	7735	1
3169	7725	1
3169	7730	1
3169	7731	1
3169	7734	1
3169	7736	1
3170	7726	1
3170	7732	1
3171	7727	1
3171	7733	1
3172	7728	1
3172	7729	1
3174	7739	1
3174	7740	1
3177	7759	1
3177	7760	1
3178	7762	1
3178	7763	1
3178	7766	1
3179	7764	1
3179	7765	1
3180	7774	1
3180	7779	1
3181	7775	1
3181	7776	1
3182	7777	1
3182	7778	1
3184	7784	1
3184	7785	1
3185	7786	1
3185	7787	1
3187	7796	1
3187	7797	1
3189	7805	1
3189	7809	1
3189	7810	1
3189	7811	1
3190	7812	1
3190	7830	1
3190	7831	1
3190	7833	1
3191	7814	1
3191	7834	1
3191	7838	1
3193	7818	1
3193	7819	1
3195	7842	1
3195	7843	1
3198	7854	1
3198	7855	1
3199	7856	1
3199	7857	1
3199	7858	1
3199	7859	1
3200	7860	1
3200	7861	1
3202	7867	1
3202	7868	1
3202	7869	1
3202	7870	1
3203	7871	1
3203	7872	1
3203	7873	1
3204	7889	1
3204	7891	1
3205	7912	1
3205	7914	1
3206	7913	1
3206	7915	1
3206	7918	1
3207	7919	1
3207	7920	1
3207	7921	1
3208	7922	1
3208	7926	1
3208	7933	1
3209	7923	1
3209	7927	1
3209	7934	1
3210	7924	1
3210	7935	1
3210	7936	1
3210	7971	1
3211	7925	1
3211	7930	1
3211	7970	1
3212	7931	1
3212	7942	1
3212	7972	1
3213	7938	1
3213	7969	1
3217	7965	1
3217	7966	1
3217	7967	1
3218	7973	1
3218	7976	1
3219	7974	1
3219	7975	1
3220	7992	1
3220	7993	1
3221	8004	1
3221	8005	1
3222	8006	1
3222	8007	1
3223	8008	1
3223	8009	1
3224	8010	1
3224	8020	1
3225	8011	1
3225	8022	1
3226	8012	1
3226	8034	1
3227	8015	1
3227	8028	1
3230	8018	1
3230	8031	1
3233	8035	1
3233	8036	1
3234	8037	1
3234	8038	1
3235	8040	1
3235	8042	1
3236	8048	1
3236	8066	1
3237	8072	1
3237	8074	1
3239	8078	1
3239	8087	1
3239	8089	1
3239	8091	1
3240	8079	1
3240	8080	1
3241	8081	1
3241	8088	1
3241	8090	1
3242	8082	1
3242	8092	1
3243	8085	1
3243	8086	1
3244	8094	1
3244	8095	1
3245	8097	1
3245	8098	1
3246	8104	1
3246	8105	1
3246	8106	1
3247	8107	1
3247	8108	1
3249	8111	1
3249	8114	1
3249	8117	1
3251	8118	1
3251	8119	1
3252	8120	1
3252	8121	1
3255	8128	1
3255	8134	1
3255	8135	1
3256	8136	1
3256	8137	1
3257	8138	1
3257	8139	1
3257	8140	1
3257	8141	1
3257	8142	1
3259	8144	1
3259	8145	1
3260	8165	1
3260	8166	1
3260	8167	1
3262	8174	1
3262	8184	1
3263	8175	1
3263	8185	1
3264	8176	1
3264	8188	1
3265	8177	1
3265	8192	1
3265	8214	1
3266	8178	1
3266	8205	1
3267	8180	1
3267	8187	1
3268	8181	1
3268	8195	1
3269	8182	1
3269	8207	1
3270	8216	1
3270	8218	1
3271	8219	1
3271	8220	1
3271	8221	1
3271	8228	1
3272	8222	1
3272	8223	1
3273	8226	1
3273	8227	1
3274	8229	1
3274	8230	1
3276	8236	1
3276	8237	1
3277	8238	1
3277	8239	1
3278	8240	1
3278	8242	1
3279	8248	1
3279	8249	1
3280	8258	1
3280	8259	1
3281	8260	1
3281	8262	1
3282	8261	1
3282	8263	1
3282	8264	1
3283	8265	1
3283	8266	1
3284	8269	1
3284	8270	1
3285	8277	1
3285	8278	1
3287	8349	1
3287	8353	1
3288	8350	1
3288	8352	1
3289	8354	1
3289	8355	1
3290	8362	1
3290	8363	1
3292	8368	1
3292	8369	1
3294	8373	1
3294	8375	1
3296	8381	1
3296	8384	1
3297	8385	1
3297	8386	1
3298	8387	1
3298	8388	1
3299	8389	1
3299	8390	1
3301	8393	1
3301	8394	1
3301	8395	1
3302	8396	1
3302	8397	1
3303	8409	1
3303	8410	1
3304	8414	1
3304	8415	1
3304	8416	1
3304	8417	1
3305	8418	1
3305	8419	1
3306	8421	1
3306	8422	1
3306	8423	1
3307	8432	1
3307	8433	1
3307	8440	1
3309	8444	1
3309	8446	1
3310	8447	1
3310	8448	1
3311	8449	1
3311	8453	1
3311	8454	1
3311	8461	1
3311	8462	1
3312	8450	1
3312	8451	1
3312	8452	1
3312	8460	1
3313	8455	1
3313	8456	1
3314	8457	1
3314	8458	1
3314	8459	1
3315	8463	1
3315	8471	1
3315	8472	1
3315	8477	1
3315	8478	1
3320	8483	1
3320	8485	1
3321	8488	1
3321	8489	1
3323	8510	1
3323	8518	1
3324	8511	1
3324	8519	1
3326	8513	1
3326	8516	1
3327	8520	1
3327	8523	1
3328	8525	1
3328	8526	1
3329	8529	1
3329	8530	1
3330	8531	1
3330	8532	1
3331	8533	1
3331	8534	1
3331	8536	1
3332	8551	1
3332	8552	1
3333	8553	1
3333	8554	1
3333	8555	1
3334	8556	1
3334	8557	1
3334	8558	1
3334	8561	1
3335	8559	1
3335	8560	1
3335	8562	1
3336	8574	1
3336	8579	1
3336	8581	1
3336	8583	1
3336	8584	1
3337	8575	1
3337	8576	1
3338	8577	1
3338	8578	1
3338	8582	1
3340	8588	1
3340	8591	1
3341	8589	1
3341	8590	1
3342	8592	1
3342	8597	1
3342	8598	1
3342	8601	1
3343	8593	1
3343	8599	1
3343	8600	1
3343	8602	1
3344	8594	1
3344	8595	1
3344	8596	1
3344	8603	1
3344	8604	1
3345	8605	1
3345	8612	1
3346	8606	1
3346	8610	1
3346	8611	1
3347	8607	1
3347	8608	1
3347	8609	1
3347	8613	1
3347	8614	1
3348	8615	1
3348	8621	1
3349	8616	1
3349	8620	1
3349	8622	1
3350	8617	1
3350	8618	1
3350	8619	1
3350	8623	1
3350	8624	1
3351	8625	1
3351	8635	1
3352	8626	1
3352	8631	1
3352	8632	1
3352	8636	1
3353	8627	1
3353	8633	1
3353	8634	1
3354	8628	1
3354	8629	1
3354	8630	1
3354	8637	1
3354	8638	1
3355	8639	1
3355	8647	1
3356	8644	1
3356	8645	1
3356	8646	1
3357	8648	1
3357	8649	1
3360	8652	1
3360	8656	1
3361	8657	1
3361	8662	1
3362	8658	1
3362	8663	1
3363	8659	1
3363	8661	1
3363	8664	1
3364	8660	1
3364	8665	1
3366	8670	1
3366	8671	1
3366	8672	1
3367	8681	1
3367	8715	1
3368	8683	1
3368	8713	1
3369	8684	1
3369	8714	1
3370	8735	1
3370	8736	1
3372	8740	1
3372	8741	1
3373	8742	1
3373	8743	1
3374	8744	1
3374	8745	1
3376	8750	1
3376	8751	1
3376	8754	1
3376	8755	1
3377	8756	1
3377	8762	1
3378	8770	1
3378	8771	1
3379	8772	1
3379	8773	1
3380	8774	1
3380	8775	1
3381	8777	1
3381	8779	1
3382	8791	1
3382	8792	1
3382	8793	1
3383	8796	1
3383	8799	1
3383	8800	1
3384	8804	1
3384	8805	1
3385	8806	1
3385	8807	1
3386	8808	1
3386	8809	1
3386	8810	1
3387	8811	1
3387	8812	1
3388	8813	1
3388	8820	1
3389	8821	1
3389	8822	1
3390	8823	1
3390	8827	1
3391	8824	1
3391	8828	1
3393	8826	1
3393	8830	1
3394	8831	1
3394	8832	1
3395	8833	1
3395	8834	1
3396	8842	1
3396	8844	1
3396	8845	1
3397	8846	1
3397	8847	1
3398	8850	1
3398	8851	1
3400	8854	1
3400	8859	1
3401	8855	1
3401	8856	1
3401	8858	1
3402	8863	1
3402	8865	1
3402	8867	1
3402	8870	1
3402	8874	1
3403	8864	1
3403	8866	1
3403	8875	1
3405	8869	1
3405	8873	1
3406	8876	1
3406	8877	1
3407	8878	1
3407	8879	1
3408	8880	1
3408	8883	1
3409	8881	1
3409	8885	1
3410	8882	1
3410	8887	1
3411	8888	1
3411	8901	1
3412	8912	1
3412	8913	1
3413	8936	1
3413	8937	1
3414	8940	1
3414	8941	1
3414	8942	1
3415	8943	1
3415	8944	1
3415	8945	1
3416	8946	1
3416	8953	1
3418	8961	1
3418	8962	1
3420	8966	1
3420	8967	1
3421	8968	1
3421	8969	1
3421	8970	1
3422	8973	1
3422	8975	1
3423	8974	1
3423	8978	1
3426	8992	1
3426	8993	1
3426	8994	1
3428	9002	1
3428	9003	1
3428	9004	1
3429	9013	1
3429	9014	1
3430	9015	1
3430	9016	1
3431	9021	1
3431	9029	1
3432	9022	1
3432	9026	1
3432	9030	1
3433	9035	1
3433	9040	1
3433	9041	1
3433	9042	1
3434	9043	1
3434	9044	1
3435	9045	1
3435	9050	1
3436	9046	1
3436	9052	1
3437	9047	1
3437	9049	1
3438	9053	1
3438	9054	1
3439	9059	1
3439	9060	1
3439	9061	1
3442	9072	1
3442	9078	1
3443	9073	1
3443	9076	1
3445	9081	1
3445	9090	1
3445	9098	1
3446	9082	1
3446	9083	1
3446	9095	1
3447	9113	1
3447	9114	1
3448	9115	1
3448	9117	1
3449	9116	1
3449	9118	1
3450	9119	1
3450	9120	1
3451	9121	1
3451	9122	1
3451	9123	1
3451	9124	1
3451	9125	1
3452	9128	1
3452	9129	1
3453	9130	1
3453	9131	1
3454	9132	1
3454	9134	1
3454	9143	1
3454	9144	1
3455	9133	1
3455	9140	1
3456	9135	1
3456	9138	1
3457	9136	1
3457	9137	1
3459	9148	1
3459	9151	1
3460	9149	1
3460	9156	1
3461	9167	1
3461	9169	1
3462	9168	1
3462	9172	1
3462	9173	1
3463	9174	1
3463	9175	1
3464	9181	1
3464	9182	1
3465	9183	1
3465	9184	1
3466	9197	1
3466	9198	1
3467	9199	1
3467	9202	1
3467	9204	1
3467	9205	1
3469	9201	1
3469	9206	1
3470	9207	1
3470	9208	1
3470	9209	1
3470	9210	1
3471	9211	1
3471	9212	1
3472	9215	1
3472	9216	1
3473	9217	1
3473	9218	1
3477	9236	1
3477	9238	1
3477	9247	1
3479	9239	1
3479	9242	1
3480	9240	1
3480	9243	1
3481	9245	1
3481	9246	1
3482	9250	1
3482	9251	1
3484	9255	1
3484	9256	1
3487	9262	1
3487	9264	1
3487	9274	1
3488	9266	1
3488	9267	1
3488	9273	1
3489	9278	1
3489	9279	1
3489	9280	1
3490	9283	1
3490	9284	1
3491	9287	1
3491	9288	1
3492	9290	1
3492	9291	1
3493	9293	1
3493	9295	1
3494	9300	1
3494	9303	1
3495	9301	1
3495	9304	1
3496	9302	1
3496	9305	1
3497	9306	1
3497	9307	1
3498	9308	1
3498	9309	1
3498	9310	1
3499	9315	1
3499	9316	1
3500	9318	1
3500	9319	1
3501	9321	1
3501	9322	1
3501	9323	1
3502	9324	1
3502	9325	1
3502	9326	1
3503	9327	1
3503	9328	1
3504	9332	1
3504	9333	1
3505	9338	1
3505	9339	1
3505	9340	1
3505	9341	1
3505	9343	1
3505	9348	1
3505	9350	1
3507	9345	1
3507	9349	1
3508	9351	1
3508	9353	1
3509	9361	1
3509	9362	1
3509	9363	1
3510	9364	1
3510	9365	1
3511	9366	1
3511	9367	1
3512	9393	1
3512	9395	1
3512	9396	1
3514	9398	1
3514	9401	1
3515	9399	1
3515	9402	1
3517	9407	1
3517	9412	1
3519	9413	1
3519	9415	1
3519	9416	1
3520	9414	1
3520	9417	1
3521	9419	1
3521	9420	1
3522	9421	1
3522	9422	1
3522	9423	1
3523	9424	1
3523	9425	1
