0	3379	1
1	3379	1
2	6674	1
3	6674	1
4	6650	1
5	6650	1
6	6707	1
7	6707	1
8	413	1
8	1755	1
8	1834	1
8	2056	1
8	3654	1
8	4148	1
8	4290	1
9	413	1
9	1755	1
9	1834	1
9	2056	1
9	3654	1
9	4148	1
9	4290	1
10	4448	1
11	4448	1
12	819	1
12	3387	1
13	819	1
13	3387	1
14	4271	1
14	5985	1
14	7263	1
15	4271	1
15	5985	1
15	7263	1
16	1214	1
16	1259	1
16	2415	1
16	4475	1
16	5012	1
16	6239	1
16	7096	1
20	6499	1
20	6619	1
21	6499	1
21	6619	1
22	5516	1
22	5957	1
22	6042	1
23	5516	1
23	5957	1
23	6042	1
25	1204	1
28	11	1
29	11	1
30	5613	1
31	5613	1
32	808	1
32	2417	1
32	3632	1
32	4150	1
32	4248	1
32	4461	1
33	808	1
33	2417	1
33	3632	1
33	4150	1
33	4248	1
33	4461	1
34	1067	1
35	1067	1
36	724	1
38	5126	1
39	5126	1
40	5795	1
42	2504	1
44	3277	1
45	3277	1
48	2288	1
49	2288	1
52	6503	1
53	6503	1
55	5777	1
57	748	1
59	6676	1
60	5940	1
61	5940	1
62	361	1
63	361	1
64	1327	1
64	3612	1
65	1327	1
65	3612	1
66	3370	1
66	5783	1
67	3370	1
67	5783	1
68	859	1
71	2705	1
73	6805	1
75	1177	1
75	2844	1
75	2875	1
75	3074	1
75	3279	1
75	6181	1
76	764	1
77	764	1
78	6010	1
79	6010	1
80	835	1
81	835	1
82	56	1
82	1127	1
82	2646	1
82	4189	1
82	4846	1
83	56	1
83	1127	1
83	2646	1
83	4189	1
83	4846	1
85	2843	1
87	1402	1
87	3426	1
87	3854	1
88	2192	1
89	2192	1
91	4328	1
92	2339	1
92	2654	1
92	4258	1
93	2339	1
93	2654	1
93	4258	1
94	6032	1
95	6032	1
96	565	1
96	760	1
97	565	1
97	760	1
98	1124	1
99	1124	1
100	790	1
100	2440	1
100	4527	1
100	5521	1
101	790	1
101	2440	1
101	4527	1
101	5521	1
102	471	1
102	2345	1
102	3261	1
102	3322	1
102	4208	1
102	5666	1
103	471	1
103	2345	1
103	3261	1
103	3322	1
103	4208	1
103	5666	1
104	6667	1
105	6667	1
106	1804	1
106	2374	1
107	1804	1
107	2374	1
109	7225	1
110	4190	1
111	4190	1
112	1167	1
113	1167	1
114	1068	1
114	1808	1
114	4929	1
115	1068	1
115	1808	1
115	4929	1
116	353	1
116	7309	1
117	353	1
117	7309	1
120	4242	1
121	4242	1
122	1444	1
126	2574	1
127	2574	1
128	3029	1
130	5390	1
131	5390	1
132	58	1
135	4471	1
137	3852	1
137	4215	1
138	2155	1
140	6498	1
143	73	1
145	5889	1
146	1025	1
146	1678	1
147	1025	1
147	1678	1
149	514	1
149	1230	1
149	5109	1
150	1316	1
150	5973	1
151	1316	1
151	5973	1
152	2484	1
152	6731	1
153	2484	1
153	6731	1
154	708	1
154	1564	1
154	5481	1
156	4482	1
158	967	1
158	1597	1
158	1624	1
158	2768	1
158	2885	1
159	967	1
159	1597	1
159	1624	1
159	2768	1
159	2885	1
160	704	1
160	1583	1
160	4136	1
160	5753	1
160	6393	1
160	6860	1
163	5469	1
165	984	1
165	1571	1
165	6165	1
166	3475	1
167	3475	1
168	3312	1
168	4275	1
168	6467	1
169	3312	1
169	4275	1
169	6467	1
170	1626	1
170	2109	1
170	6028	1
171	1626	1
171	2109	1
171	6028	1
176	3274	1
176	5298	1
177	3274	1
177	5298	1
179	3234	1
179	4824	1
179	6559	1
180	2980	1
181	2980	1
183	3883	1
184	626	1
185	626	1
186	1144	1
186	3501	1
186	6868	1
186	7180	1
187	1144	1
187	3501	1
187	6868	1
187	7180	1
188	252	1
189	252	1
190	5005	1
191	5005	1
192	148	1
194	4049	1
195	4049	1
196	1691	1
197	1691	1
199	6130	1
200	6861	1
201	6861	1
202	603	1
202	694	1
202	749	1
202	1322	1
202	4742	1
203	603	1
203	694	1
203	749	1
203	1322	1
203	4742	1
205	1980	1
205	5040	1
206	98	1
208	774	1
208	4806	1
209	774	1
209	4806	1
210	5732	1
211	5732	1
213	5369	1
215	4045	1
216	1663	1
219	3929	1
220	4777	1
221	4777	1
222	773	1
223	773	1
224	31	1
225	31	1
226	1041	1
227	1041	1
228	2074	1
229	2074	1
230	6210	1
231	6210	1
233	1311	1
235	1964	1
235	3417	1
235	3662	1
235	6920	1
236	1825	1
238	1339	1
240	1184	1
240	6011	1
241	1184	1
241	6011	1
244	2456	1
247	242	1
247	4180	1
248	649	1
249	649	1
251	4889	1
252	6662	1
254	7256	1
256	6680	1
257	6680	1
258	1262	1
258	1288	1
261	3071	1
261	6771	1
263	416	1
263	7100	1
264	4062	1
265	4062	1
266	1062	1
266	6581	1
267	1062	1
267	6581	1
270	365	1
270	1646	1
270	4113	1
270	5165	1
270	5379	1
270	5387	1
270	6601	1
270	6740	1
270	6763	1
271	365	1
271	1646	1
271	4113	1
271	5165	1
271	5379	1
271	5387	1
271	6601	1
271	6740	1
271	6763	1
272	166	1
272	662	1
273	166	1
273	662	1
274	6256	1
276	768	1
276	968	1
277	768	1
277	968	1
279	40	1
280	730	1
280	822	1
280	1301	1
280	2127	1
280	3790	1
280	3914	1
280	6957	1
280	7010	1
281	730	1
281	822	1
281	1301	1
281	2127	1
281	3790	1
281	3914	1
281	6957	1
281	7010	1
283	7246	1
285	4262	1
287	7257	1
289	951	1
289	964	1
289	4875	1
289	6726	1
289	6762	1
290	837	1
290	5875	1
290	6900	1
291	837	1
291	5875	1
291	6900	1
292	1054	1
293	1054	1
295	328	1
297	3752	1
298	610	1
299	610	1
300	209	1
300	351	1
300	3078	1
300	3405	1
303	715	1
304	399	1
305	399	1
306	2160	1
307	2160	1
308	1379	1
310	2358	1
311	2358	1
313	7021	1
316	2817	1
316	5917	1
317	2817	1
317	5917	1
318	6147	1
319	6147	1
320	4967	1
321	4967	1
322	6570	1
322	7306	1
323	6570	1
323	7306	1
325	4064	1
326	2699	1
327	2699	1
328	6686	1
329	6686	1
330	112	1
330	4407	1
331	112	1
331	4407	1
332	3116	1
333	3116	1
334	887	1
335	887	1
337	650	1
337	1619	1
337	1833	1
337	4451	1
339	2752	1
340	1012	1
341	1012	1
342	6516	1
344	1962	1
344	2372	1
344	2674	1
344	3416	1
344	4170	1
344	4315	1
344	4367	1
344	6586	1
344	6783	1
344	6917	1
345	1962	1
345	2372	1
345	2674	1
345	3416	1
345	4170	1
345	4315	1
345	4367	1
345	6586	1
345	6783	1
345	6917	1
346	3744	1
347	3744	1
349	4389	1
350	3647	1
351	3647	1
352	4311	1
353	4311	1
355	1685	1
356	22	1
357	22	1
358	3734	1
358	5228	1
359	3734	1
359	5228	1
360	4496	1
362	990	1
363	990	1
364	117	1
364	5676	1
365	117	1
365	5676	1
366	5873	1
366	6922	1
367	5873	1
367	6922	1
368	3909	1
370	5518	1
371	5518	1
373	3570	1
373	7290	1
374	6834	1
375	6834	1
376	3476	1
377	3476	1
378	2908	1
379	2908	1
380	7113	1
381	7113	1
382	1533	1
382	2186	1
383	1533	1
383	2186	1
384	7308	1
385	7308	1
386	5370	1
387	5370	1
388	2604	1
389	2604	1
390	2895	1
390	7067	1
391	2895	1
391	7067	1
392	3152	1
393	3152	1
395	1573	1
395	7325	1
396	3067	1
396	3114	1
396	4352	1
396	6163	1
398	3596	1
399	3596	1
400	1314	1
402	6262	1
403	6262	1
404	5055	1
405	5055	1
407	312	1
408	5148	1
408	6012	1
409	5148	1
409	6012	1
410	1915	1
411	1915	1
413	249	1
414	2404	1
414	3038	1
414	3646	1
414	6913	1
416	1913	1
416	5883	1
418	5969	1
420	5898	1
421	5898	1
422	6361	1
423	6361	1
424	2624	1
425	2624	1
426	4983	1
427	4983	1
428	3864	1
429	3864	1
434	3643	1
435	3643	1
436	5204	1
438	3428	1
439	3428	1
440	2473	1
441	2473	1
442	966	1
442	5334	1
444	1489	1
445	1489	1
446	120	1
447	120	1
448	3766	1
449	3766	1
450	6567	1
451	6567	1
455	5059	1
457	3697	1
458	1125	1
458	5951	1
459	1125	1
459	5951	1
460	1320	1
462	1536	1
463	1536	1
464	4467	1
466	4160	1
467	4160	1
468	1115	1
468	6854	1
469	1115	1
469	6854	1
470	3106	1
471	3106	1
472	1896	1
474	611	1
474	2183	1
474	2736	1
474	2848	1
474	3361	1
474	6362	1
475	611	1
475	2183	1
475	2736	1
475	2848	1
475	3361	1
475	6362	1
476	1003	1
480	7177	1
482	3539	1
484	6141	1
485	6141	1
486	5438	1
486	6897	1
486	6925	1
487	5438	1
487	6897	1
487	6925	1
489	5114	1
490	2567	1
491	2567	1
492	5415	1
494	1033	1
496	2436	1
496	6138	1
498	1882	1
499	1882	1
500	1086	1
501	1086	1
502	306	1
504	1566	1
505	1566	1
508	71	1
508	3362	1
510	5353	1
512	4081	1
514	5069	1
515	5069	1
516	6299	1
517	6299	1
518	3532	1
519	3532	1
521	5392	1
522	1246	1
523	1246	1
524	3714	1
524	4641	1
524	5136	1
525	3714	1
525	4641	1
525	5136	1
526	430	1
526	635	1
526	810	1
526	885	1
526	1008	1
526	1064	1
526	1247	1
526	1801	1
526	1824	1
526	2166	1
526	2215	1
526	2315	1
526	2480	1
526	2535	1
526	2782	1
526	2894	1
526	2930	1
526	2985	1
526	3516	1
526	3828	1
526	3987	1
526	4007	1
526	4068	1
526	4322	1
526	4688	1
526	4702	1
526	4879	1
526	5200	1
526	5711	1
526	5932	1
526	6084	1
526	6687	1
526	6721	1
526	6828	1
526	7277	1
527	430	1
527	635	1
527	810	1
527	885	1
527	1008	1
527	1064	1
527	1247	1
527	1801	1
527	1824	1
527	2166	1
527	2215	1
527	2315	1
527	2480	1
527	2535	1
527	2782	1
527	2894	1
527	2930	1
527	2985	1
527	3516	1
527	3828	1
527	3987	1
527	4007	1
527	4068	1
527	4322	1
527	4688	1
527	4702	1
527	4879	1
527	5200	1
527	5711	1
527	5932	1
527	6084	1
527	6687	1
527	6721	1
527	6828	1
527	7277	1
528	68	1
530	80	1
531	80	1
532	151	1
532	2785	1
532	3504	1
532	6253	1
533	151	1
533	2785	1
533	3504	1
533	6253	1
535	3302	1
536	4300	1
537	4300	1
538	1811	1
538	2167	1
538	2898	1
538	5064	1
538	6367	1
539	1811	1
539	2167	1
539	2898	1
539	5064	1
539	6367	1
541	6258	1
542	226	1
543	226	1
544	2371	1
545	2371	1
546	3384	1
547	3384	1
548	3193	1
548	6003	1
549	3193	1
549	6003	1
550	2210	1
550	7301	1
551	2210	1
551	7301	1
552	5468	1
554	6554	1
556	4355	1
557	4355	1
559	2960	1
559	3357	1
560	13	1
560	5934	1
561	13	1
561	5934	1
562	1263	1
563	1263	1
564	5833	1
565	5833	1
567	2836	1
567	5549	1
568	7144	1
569	7144	1
570	5312	1
571	5312	1
572	6053	1
574	3717	1
575	3717	1
577	7243	1
577	7258	1
578	1892	1
579	1892	1
580	5563	1
581	5563	1
582	7082	1
583	7082	1
584	2193	1
584	5526	1
585	2193	1
585	5526	1
586	2078	1
588	6215	1
590	4019	1
591	4019	1
593	3424	1
594	912	1
595	912	1
596	1504	1
597	1504	1
598	2731	1
599	2731	1
600	1215	1
600	2978	1
600	5230	1
600	5485	1
601	1215	1
601	2978	1
601	5230	1
601	5485	1
602	3846	1
603	3846	1
604	3528	1
605	3528	1
606	409	1
606	6894	1
607	409	1
607	6894	1
608	1362	1
608	1479	1
609	1362	1
609	1479	1
611	889	1
611	1063	1
611	1440	1
611	1621	1
611	1695	1
611	1767	1
611	1806	1
611	2098	1
611	2146	1
611	2216	1
611	2605	1
611	2941	1
611	3066	1
611	3121	1
611	3258	1
611	3412	1
611	3793	1
611	4299	1
611	4314	1
611	4319	1
611	4480	1
611	4603	1
611	4635	1
611	4655	1
611	4669	1
611	4714	1
611	4791	1
611	4861	1
611	4895	1
611	4917	1
611	5408	1
611	5640	1
611	5761	1
611	5794	1
611	6093	1
611	6911	1
611	7063	1
613	6878	1
614	1447	1
615	1447	1
616	2987	1
616	3050	1
617	2987	1
617	3050	1
618	224	1
620	7188	1
622	3454	1
622	7105	1
623	3454	1
623	7105	1
624	3733	1
625	3733	1
626	5654	1
627	5654	1
628	985	1
628	4186	1
628	6385	1
628	6390	1
628	6956	1
629	985	1
629	4186	1
629	6385	1
629	6390	1
629	6956	1
630	3620	1
631	3620	1
635	2113	1
636	1966	1
636	3445	1
637	1966	1
637	3445	1
638	5804	1
641	1213	1
641	1562	1
643	6814	1
644	2031	1
644	5515	1
645	2031	1
645	5515	1
647	6144	1
648	2922	1
648	3832	1
648	4055	1
649	2922	1
649	3832	1
649	4055	1
650	4819	1
651	4819	1
652	6515	1
653	6515	1
654	3696	1
655	3696	1
656	896	1
656	1076	1
656	4087	1
657	896	1
657	1076	1
657	4087	1
658	5026	1
659	5026	1
660	27	1
661	27	1
662	6490	1
662	7231	1
663	6490	1
663	7231	1
666	1042	1
666	1798	1
666	3325	1
667	1042	1
667	1798	1
667	3325	1
668	119	1
669	119	1
670	832	1
670	4234	1
670	5755	1
670	6964	1
671	832	1
671	4234	1
671	5755	1
671	6964	1
673	3622	1
673	4332	1
674	1539	1
675	1539	1
676	6115	1
677	6115	1
678	919	1
678	946	1
678	1079	1
678	1386	1
678	1554	1
678	1819	1
678	2060	1
678	2313	1
678	2348	1
678	2606	1
678	3510	1
678	3512	1
678	3905	1
678	4293	1
678	4691	1
678	4916	1
678	5149	1
678	5244	1
678	5399	1
678	5573	1
678	5948	1
678	6344	1
678	6537	1
678	6556	1
678	6719	1
679	919	1
679	946	1
679	1079	1
679	1386	1
679	1554	1
679	1819	1
679	2060	1
679	2313	1
679	2348	1
679	2606	1
679	3510	1
679	3512	1
679	3905	1
679	4293	1
679	4691	1
679	4916	1
679	5149	1
679	5244	1
679	5399	1
679	5573	1
679	5948	1
679	6344	1
679	6537	1
679	6556	1
679	6719	1
680	553	1
681	553	1
682	3530	1
683	3530	1
684	241	1
685	241	1
686	3845	1
686	4153	1
687	3845	1
687	4153	1
688	1969	1
688	2088	1
690	615	1
691	615	1
692	2302	1
693	2302	1
694	6933	1
695	6933	1
696	86	1
696	1106	1
696	2999	1
696	3875	1
697	86	1
697	1106	1
697	2999	1
697	3875	1
698	3052	1
698	4326	1
698	5498	1
698	6629	1
699	3052	1
699	4326	1
699	5498	1
699	6629	1
701	452	1
701	5232	1
701	6035	1
701	6252	1
702	262	1
702	2009	1
702	4859	1
703	262	1
703	2009	1
703	4859	1
705	2918	1
707	3553	1
707	6741	1
709	3897	1
709	4149	1
710	4842	1
711	4842	1
712	3497	1
713	3497	1
714	3797	1
715	3797	1
716	6305	1
717	6305	1
718	3328	1
718	4497	1
720	656	1
721	656	1
722	2247	1
724	2769	1
725	2769	1
727	3629	1
727	5223	1
728	6691	1
729	6691	1
730	76	1
731	76	1
732	6399	1
734	137	1
734	1432	1
734	4942	1
735	137	1
735	1432	1
735	4942	1
736	1745	1
738	6155	1
739	6155	1
741	5901	1
742	4825	1
742	5688	1
743	4825	1
743	5688	1
744	4027	1
745	4027	1
746	2040	1
747	2040	1
748	4851	1
749	4851	1
751	1350	1
752	5908	1
753	5908	1
754	3369	1
756	2242	1
757	2242	1
759	5665	1
760	3087	1
761	3087	1
763	4952	1
764	2159	1
765	2159	1
767	6685	1
768	440	1
768	1009	1
768	1141	1
769	440	1
769	1009	1
769	1141	1
771	132	1
772	3349	1
773	3349	1
774	3210	1
775	3210	1
777	6850	1
778	6569	1
779	6569	1
781	1319	1
782	2746	1
782	3948	1
783	2746	1
783	3948	1
784	2202	1
784	5070	1
785	2202	1
785	5070	1
787	1721	1
788	4372	1
791	381	1
791	723	1
792	1365	1
792	3983	1
792	4392	1
793	1365	1
793	3983	1
793	4392	1
794	6000	1
795	6000	1
796	2958	1
797	2958	1
798	1943	1
799	1943	1
802	2110	1
802	2282	1
802	5253	1
803	2110	1
803	2282	1
803	5253	1
804	5811	1
805	5811	1
806	3520	1
807	3520	1
809	5584	1
809	6580	1
811	6669	1
812	3676	1
814	3380	1
815	3380	1
818	1974	1
818	7000	1
819	1974	1
819	7000	1
821	121	1
822	1506	1
823	1506	1
825	5627	1
827	5453	1
827	6337	1
830	329	1
831	329	1
832	6129	1
832	6999	1
833	6129	1
833	6999	1
834	2827	1
835	2827	1
836	89	1
836	6193	1
837	89	1
837	6193	1
838	4227	1
839	4227	1
840	523	1
840	689	1
840	1031	1
840	1387	1
840	1698	1
840	1732	1
840	1810	1
840	1823	1
840	1856	1
840	2003	1
840	2085	1
840	2483	1
840	2493	1
840	2722	1
840	2784	1
840	2905	1
840	2942	1
840	3151	1
840	3371	1
840	3763	1
840	3779	1
840	4067	1
840	4126	1
840	4247	1
840	4341	1
840	4423	1
840	4588	1
840	4697	1
840	5087	1
840	5096	1
840	5329	1
840	5336	1
840	5480	1
840	5648	1
840	5673	1
840	5784	1
840	5841	1
840	5960	1
840	6175	1
840	6242	1
840	6243	1
840	6313	1
840	6317	1
840	6324	1
840	6472	1
840	6769	1
840	6871	1
840	6888	1
840	6972	1
840	7091	1
840	7123	1
840	7207	1
840	7230	1
840	7259	1
841	523	1
841	689	1
841	1031	1
841	1387	1
841	1698	1
841	1732	1
841	1810	1
841	1823	1
841	1856	1
841	2003	1
841	2085	1
841	2483	1
841	2493	1
841	2722	1
841	2784	1
841	2905	1
841	2942	1
841	3151	1
841	3371	1
841	3763	1
841	3779	1
841	4067	1
841	4126	1
841	4247	1
841	4341	1
841	4423	1
841	4588	1
841	4697	1
841	5087	1
841	5096	1
841	5329	1
841	5336	1
841	5480	1
841	5648	1
841	5673	1
841	5784	1
841	5841	1
841	5960	1
841	6175	1
841	6242	1
841	6243	1
841	6313	1
841	6317	1
841	6324	1
841	6472	1
841	6769	1
841	6871	1
841	6888	1
841	6972	1
841	7091	1
841	7123	1
841	7207	1
841	7230	1
841	7259	1
842	2395	1
844	1800	1
844	4078	1
844	4379	1
844	5049	1
845	1800	1
845	4078	1
845	4379	1
845	5049	1
846	2125	1
846	7078	1
847	2125	1
847	7078	1
848	2897	1
848	2926	1
848	6043	1
849	2897	1
849	2926	1
849	6043	1
850	3095	1
850	3836	1
850	5494	1
851	3095	1
851	3836	1
851	5494	1
852	4288	1
853	4288	1
854	2393	1
856	5254	1
857	5254	1
858	7147	1
859	7147	1
860	992	1
862	1860	1
862	3338	1
862	5355	1
862	5574	1
863	1860	1
863	3338	1
863	5355	1
863	5574	1
864	2233	1
865	2233	1
866	568	1
869	1725	1
869	6014	1
871	32	1
871	69	1
871	474	1
871	479	1
871	554	1
871	560	1
871	646	1
871	803	1
871	891	1
871	1198	1
871	1219	1
871	1220	1
871	1458	1
871	1484	1
871	1520	1
871	1709	1
871	1973	1
871	1981	1
871	2025	1
871	2119	1
871	2309	1
871	2379	1
871	2430	1
871	2486	1
871	2537	1
871	2539	1
871	2542	1
871	3039	1
871	3054	1
871	3104	1
871	3250	1
871	3466	1
871	3569	1
871	3576	1
871	3776	1
871	4131	1
871	4294	1
871	4374	1
871	4535	1
871	4562	1
871	4610	1
871	4645	1
871	4695	1
871	4847	1
871	4862	1
871	4937	1
871	5052	1
871	5479	1
871	5581	1
871	6025	1
871	6612	1
871	6774	1
871	7109	1
871	7173	1
871	7283	1
874	3239	1
875	3239	1
876	3896	1
877	3896	1
878	1513	1
881	124	1
882	5283	1
883	5283	1
884	3683	1
885	3683	1
886	2165	1
887	2165	1
888	3759	1
890	437	1
890	6379	1
891	437	1
891	6379	1
892	26	1
892	211	1
893	26	1
893	211	1
894	1714	1
894	2153	1
894	5539	1
894	6534	1
895	1714	1
895	2153	1
895	5539	1
895	6534	1
896	65	1
897	65	1
898	6876	1
899	6876	1
900	2352	1
900	3351	1
900	4345	1
901	2352	1
901	3351	1
901	4345	1
902	1592	1
903	1592	1
904	3972	1
904	6420	1
905	3972	1
905	6420	1
906	3295	1
907	3295	1
909	363	1
909	5046	1
910	3917	1
912	4111	1
913	4111	1
914	192	1
914	6143	1
915	192	1
915	6143	1
916	5984	1
917	5984	1
919	6278	1
920	295	1
920	1000	1
920	2984	1
920	5572	1
921	295	1
921	1000	1
921	2984	1
921	5572	1
922	2950	1
922	5019	1
923	2950	1
923	5019	1
924	3769	1
925	3769	1
926	3046	1
927	3046	1
929	613	1
930	6541	1
931	6541	1
932	1296	1
933	1296	1
935	1761	1
937	5714	1
938	3430	1
939	3430	1
941	804	1
943	1891	1
946	384	1
946	531	1
947	384	1
947	531	1
948	3668	1
949	3668	1
950	319	1
951	319	1
952	5647	1
953	5647	1
954	4260	1
955	4260	1
956	4381	1
957	4381	1
958	2240	1
959	2240	1
961	6838	1
962	3807	1
962	3895	1
962	5760	1
962	5819	1
962	7165	1
963	3807	1
963	3895	1
963	5760	1
963	5819	1
963	7165	1
964	1103	1
964	3058	1
964	6848	1
965	1103	1
965	3058	1
965	6848	1
966	6073	1
967	6073	1
968	2073	1
970	2557	1
971	2557	1
972	5789	1
973	5789	1
974	506	1
974	2457	1
978	4800	1
979	4800	1
980	999	1
981	999	1
982	606	1
982	756	1
982	2179	1
982	2510	1
982	5173	1
982	5589	1
984	4343	1
984	4882	1
985	4343	1
985	4882	1
986	5748	1
987	5748	1
988	4855	1
988	4977	1
989	4855	1
989	4977	1
990	2091	1
991	2091	1
993	2556	1
993	6391	1
994	4500	1
994	4887	1
995	4500	1
995	4887	1
998	6568	1
999	6568	1
1000	4634	1
1001	4634	1
1002	857	1
1002	917	1
1002	1771	1
1002	5020	1
1003	857	1
1003	917	1
1003	1771	1
1003	5020	1
1004	529	1
1004	591	1
1004	3135	1
1006	4241	1
1007	4241	1
1008	4107	1
1008	4261	1
1010	4604	1
1011	4604	1
1012	6054	1
1013	6054	1
1014	7248	1
1015	7248	1
1016	1916	1
1017	1916	1
1019	3285	1
1019	4253	1
1019	6192	1
1020	3970	1
1021	3970	1
1025	2426	1
1026	2180	1
1026	2957	1
1026	3165	1
1026	5326	1
1026	7015	1
1028	3019	1
1029	3019	1
1030	6212	1
1031	6212	1
1032	5309	1
1032	6856	1
1033	5309	1
1033	6856	1
1034	596	1
1034	1235	1
1034	1351	1
1034	1593	1
1034	3139	1
1034	3269	1
1034	3593	1
1035	596	1
1035	1235	1
1035	1351	1
1035	1593	1
1035	3139	1
1035	3269	1
1035	3593	1
1036	5101	1
1037	5101	1
1038	3792	1
1038	4214	1
1039	3792	1
1039	4214	1
1040	1764	1
1040	4880	1
1041	1764	1
1041	4880	1
1043	323	1
1044	1022	1
1045	1022	1
1046	6068	1
1047	6068	1
1048	844	1
1048	1073	1
1048	1111	1
1048	1238	1
1048	1561	1
1048	2839	1
1048	2842	1
1048	2916	1
1048	3035	1
1048	3725	1
1048	3729	1
1048	4360	1
1048	4938	1
1048	5027	1
1048	5327	1
1048	5567	1
1048	5771	1
1048	6396	1
1048	6428	1
1048	6557	1
1048	6806	1
1048	6825	1
1048	7153	1
1049	844	1
1049	1073	1
1049	1111	1
1049	1238	1
1049	1561	1
1049	2839	1
1049	2842	1
1049	2916	1
1049	3035	1
1049	3725	1
1049	3729	1
1049	4360	1
1049	4938	1
1049	5027	1
1049	5327	1
1049	5567	1
1049	5771	1
1049	6396	1
1049	6428	1
1049	6557	1
1049	6806	1
1049	6825	1
1049	7153	1
1050	1826	1
1051	1826	1
1052	3519	1
1053	3519	1
1054	139	1
1054	439	1
1054	1078	1
1054	2049	1
1054	2136	1
1054	2576	1
1054	3467	1
1054	3738	1
1054	7268	1
1056	681	1
1057	681	1
1058	1056	1
1063	37	1
1063	455	1
1063	7164	1
1064	3608	1
1068	737	1
1069	737	1
1071	301	1
1072	54	1
1073	54	1
1074	2142	1
1075	2142	1
1077	5085	1
1078	4091	1
1079	4091	1
1080	4519	1
1082	4839	1
1082	5488	1
1082	6571	1
1085	2996	1
1086	1951	1
1087	1951	1
1088	2914	1
1089	2914	1
1090	1006	1
1090	6748	1
1091	1006	1
1091	6748	1
1092	2314	1
1093	2314	1
1094	201	1
1094	5988	1
1096	4172	1
1096	5915	1
1098	1158	1
1099	1158	1
1100	5905	1
1101	5905	1
1102	4449	1
1102	5364	1
1104	6460	1
1105	6460	1
1106	4082	1
1107	4082	1
1108	3739	1
1109	3739	1
1110	709	1
1111	709	1
1112	1123	1
1112	4414	1
1113	1123	1
1113	4414	1
1114	2929	1
1114	4555	1
1114	7270	1
1116	574	1
1117	574	1
1118	2971	1
1121	1661	1
1124	2410	1
1124	7299	1
1125	2410	1
1125	7299	1
1126	3903	1
1128	170	1
1129	170	1
1130	4607	1
1131	4607	1
1132	3085	1
1133	3085	1
1135	3603	1
1137	1173	1
1137	4066	1
1137	4650	1
1138	6819	1
1139	6819	1
1140	7324	1
1142	1166	1
1142	5206	1
1142	7235	1
1143	1166	1
1143	5206	1
1143	7235	1
1145	1102	1
1145	3802	1
1147	2184	1
1148	3246	1
1148	3994	1
1149	3246	1
1149	3994	1
1150	980	1
1150	3272	1
1151	980	1
1151	3272	1
1152	1282	1
1152	4193	1
1152	5051	1
1154	3959	1
1156	1244	1
1157	1244	1
1161	653	1
1161	1267	1
1161	1289	1
1161	1676	1
1161	2106	1
1161	2169	1
1161	3099	1
1161	3421	1
1161	6441	1
1161	6630	1
1161	6790	1
1161	7065	1
1162	378	1
1163	378	1
1164	95	1
1166	3834	1
1167	3834	1
1168	464	1
1168	867	1
1168	3423	1
1168	6980	1
1169	464	1
1169	867	1
1169	3423	1
1169	6980	1
1171	4388	1
1173	7029	1
1174	5342	1
1175	5342	1
1176	658	1
1176	876	1
1176	899	1
1176	1251	1
1176	1510	1
1176	2311	1
1176	3179	1
1176	3823	1
1176	4096	1
1176	6270	1
1176	6887	1
1177	658	1
1177	876	1
1177	899	1
1177	1251	1
1177	1510	1
1177	2311	1
1177	3179	1
1177	3823	1
1177	4096	1
1177	6270	1
1177	6887	1
1178	1461	1
1178	1736	1
1178	6066	1
1179	1461	1
1179	1736	1
1179	6066	1
1180	1815	1
1181	1815	1
1183	2072	1
1183	4677	1
1183	5447	1
1184	3280	1
1185	3280	1
1186	2994	1
1187	2994	1
1188	5269	1
1189	5269	1
1191	473	1
1191	6136	1
1192	1967	1
1193	1967	1
1194	1931	1
1195	1931	1
1196	5686	1
1197	5686	1
1198	4095	1
1199	4095	1
1200	1066	1
1202	344	1
1204	4173	1
1204	6673	1
1205	4173	1
1205	6673	1
1206	7166	1
1208	3888	1
1209	3888	1
1210	6953	1
1212	2230	1
1213	2230	1
1214	7271	1
1215	7271	1
1216	7016	1
1217	7016	1
1218	4495	1
1221	427	1
1223	3144	1
1223	4949	1
1224	6329	1
1224	6416	1
1225	6329	1
1225	6416	1
1227	651	1
1227	2662	1
1229	1525	1
1229	3963	1
1229	5706	1
1230	2129	1
1231	2129	1
1232	3422	1
1233	3422	1
1234	833	1
1235	833	1
1236	4988	1
1237	4988	1
1238	6300	1
1239	6300	1
1241	6560	1
1241	6847	1
1243	6320	1
1243	7174	1
1244	208	1
1245	208	1
1246	2973	1
1247	2973	1
1248	221	1
1248	5779	1
1249	221	1
1249	5779	1
1251	3419	1
1252	3051	1
1255	1572	1
1256	1269	1
1256	5383	1
1256	6746	1
1257	1269	1
1257	5383	1
1257	6746	1
1258	5913	1
1259	5913	1
1261	5023	1
1262	4922	1
1262	5351	1
1262	6592	1
1263	4922	1
1263	5351	1
1263	6592	1
1264	1535	1
1265	1535	1
1266	3678	1
1267	3678	1
1268	7191	1
1269	7191	1
1270	2623	1
1270	2805	1
1271	2623	1
1271	2805	1
1273	1145	1
1274	5001	1
1275	5001	1
1277	299	1
1278	5696	1
1279	5696	1
1280	5130	1
1281	5130	1
1282	5970	1
1283	5970	1
1284	5963	1
1285	5963	1
1286	3597	1
1287	3597	1
1288	6438	1
1289	6438	1
1290	66	1
1290	1600	1
1290	2911	1
1290	4460	1
1290	6341	1
1291	66	1
1291	1600	1
1291	2911	1
1291	4460	1
1291	6341	1
1294	1391	1
1294	2529	1
1294	5568	1
1294	5892	1
1296	6197	1
1297	6197	1
1298	2671	1
1301	3309	1
1305	2649	1
1306	5034	1
1307	5034	1
1308	5095	1
1309	5095	1
1310	2045	1
1311	2045	1
1312	6113	1
1313	6113	1
1314	1212	1
1314	3028	1
1314	4906	1
1314	6738	1
1316	4006	1
1316	6101	1
1317	4006	1
1317	6101	1
1319	6808	1
1320	4223	1
1321	4223	1
1322	576	1
1323	576	1
1324	3650	1
1325	3650	1
1326	453	1
1326	1589	1
1326	2144	1
1328	3760	1
1329	3760	1
1330	2044	1
1331	2044	1
1332	741	1
1333	741	1
1334	3170	1
1337	4680	1
1338	789	1
1339	789	1
1340	2069	1
1343	3543	1
1344	4333	1
1344	7149	1
1345	4333	1
1345	7149	1
1346	2237	1
1347	2237	1
1348	103	1
1348	428	1
1348	841	1
1348	858	1
1348	1082	1
1348	2038	1
1348	2511	1
1348	2818	1
1348	3198	1
1348	3474	1
1348	3571	1
1348	3964	1
1348	4083	1
1348	4529	1
1348	4554	1
1348	5614	1
1348	6095	1
1348	6282	1
1348	6481	1
1348	6743	1
1349	103	1
1349	428	1
1349	841	1
1349	858	1
1349	1082	1
1349	2038	1
1349	2511	1
1349	2818	1
1349	3198	1
1349	3474	1
1349	3571	1
1349	3964	1
1349	4083	1
1349	4529	1
1349	4554	1
1349	5614	1
1349	6095	1
1349	6282	1
1349	6481	1
1349	6743	1
1350	806	1
1350	1955	1
1350	3814	1
1352	412	1
1352	792	1
1352	1276	1
1352	1383	1
1352	1705	1
1352	2561	1
1352	5195	1
1352	6946	1
1355	4843	1
1356	552	1
1356	703	1
1356	799	1
1356	931	1
1356	1147	1
1356	1338	1
1356	1369	1
1356	1514	1
1356	1547	1
1356	1987	1
1356	1991	1
1356	2471	1
1356	2777	1
1356	3037	1
1356	3123	1
1356	3237	1
1356	3270	1
1356	3463	1
1356	3619	1
1356	3680	1
1356	3800	1
1356	3820	1
1356	3865	1
1356	3953	1
1356	4469	1
1356	4570	1
1356	4948	1
1356	5118	1
1356	5319	1
1356	5593	1
1356	5862	1
1356	6198	1
1356	6375	1
1356	6561	1
1356	6636	1
1356	6663	1
1356	6688	1
1356	6727	1
1356	6815	1
1356	7295	1
1358	4732	1
1361	1105	1
1362	5215	1
1363	5215	1
1364	6525	1
1365	6525	1
1366	3904	1
1367	3904	1
1368	3681	1
1369	3681	1
1370	2463	1
1371	2463	1
1372	6787	1
1373	6787	1
1375	6411	1
1376	685	1
1377	685	1
1379	2476	1
1380	2305	1
1380	4587	1
1380	5194	1
1380	6827	1
1381	2305	1
1381	4587	1
1381	5194	1
1381	6827	1
1382	1317	1
1382	4498	1
1382	4553	1
1384	6173	1
1385	6173	1
1387	4473	1
1388	6233	1
1391	4902	1
1391	7318	1
1393	4231	1
1394	1744	1
1395	1744	1
1396	561	1
1397	561	1
1398	909	1
1399	909	1
1400	385	1
1401	385	1
1402	2420	1
1402	5620	1
1402	5657	1
1403	2420	1
1403	5620	1
1403	5657	1
1404	2421	1
1405	2421	1
1407	1005	1
1408	3080	1
1408	3483	1
1408	4908	1
1408	5426	1
1409	3080	1
1409	3483	1
1409	4908	1
1409	5426	1
1414	796	1
1415	796	1
1416	4662	1
1416	6072	1
1417	4662	1
1417	6072	1
1418	805	1
1418	2058	1
1418	3960	1
1418	6038	1
1418	6782	1
1420	1138	1
1420	4246	1
1421	1138	1
1421	4246	1
1423	57	1
1424	6182	1
1427	6446	1
1429	6400	1
1430	4041	1
1432	5974	1
1433	5974	1
1435	4508	1
1436	2724	1
1437	2724	1
1438	3264	1
1438	6845	1
1439	3264	1
1439	6845	1
1440	443	1
1440	690	1
1440	882	1
1440	1172	1
1440	1307	1
1440	1738	1
1440	2018	1
1440	2447	1
1440	2485	1
1440	3673	1
1440	3913	1
1440	3935	1
1440	4211	1
1440	4533	1
1440	5073	1
1440	5124	1
1440	5235	1
1440	6584	1
1440	7017	1
1443	6377	1
1443	6927	1
1444	2615	1
1444	5522	1
1445	2615	1
1445	5522	1
1446	1425	1
1447	1425	1
1448	5843	1
1450	2740	1
1451	2740	1
1452	2491	1
1453	2491	1
1455	127	1
1455	1273	1
1455	3748	1
1456	4021	1
1457	4021	1
1458	1857	1
1458	7001	1
1459	1857	1
1459	7001	1
1460	109	1
1461	109	1
1462	478	1
1465	1579	1
1466	5057	1
1467	5057	1
1468	2251	1
1469	2251	1
1470	1043	1
1470	4762	1
1470	6030	1
1473	2665	1
1475	5928	1
1477	2966	1
1479	16	1
1480	4763	1
1480	6464	1
1481	4763	1
1481	6464	1
1482	3669	1
1483	3669	1
1484	3316	1
1484	3735	1
1485	3316	1
1485	3735	1
1487	6041	1
1488	6142	1
1489	6142	1
1490	879	1
1491	879	1
1493	6334	1
1494	144	1
1494	546	1
1495	144	1
1495	546	1
1496	4844	1
1497	4844	1
1499	4772	1
1500	1977	1
1501	1977	1
1502	2599	1
1502	5111	1
1503	2599	1
1503	5111	1
1504	2819	1
1504	5547	1
1504	6520	1
1505	2819	1
1505	5547	1
1505	6520	1
1508	2676	1
1508	3203	1
1510	4576	1
1511	4576	1
1512	5953	1
1513	5953	1
1515	5996	1
1517	4600	1
1518	4218	1
1519	4218	1
1520	3293	1
1520	6117	1
1520	6264	1
1521	3293	1
1521	6117	1
1521	6264	1
1522	5186	1
1523	5186	1
1524	1097	1
1525	1097	1
1526	3340	1
1526	4264	1
1527	3340	1
1527	4264	1
1528	794	1
1528	5314	1
1528	5907	1
1528	6076	1
1528	6947	1
1529	794	1
1529	5314	1
1529	5907	1
1529	6076	1
1529	6947	1
1530	5778	1
1531	5778	1
1532	5750	1
1533	5750	1
1534	104	1
1536	371	1
1537	371	1
1538	21	1
1538	880	1
1538	2097	1
1538	2869	1
1538	3318	1
1538	4042	1
1538	4368	1
1538	4613	1
1538	4622	1
1538	4808	1
1538	5537	1
1538	5738	1
1538	5890	1
1539	21	1
1539	880	1
1539	2097	1
1539	2869	1
1539	3318	1
1539	4042	1
1539	4368	1
1539	4613	1
1539	4622	1
1539	4808	1
1539	5537	1
1539	5738	1
1539	5890	1
1541	4339	1
1544	3867	1
1545	3867	1
1546	4331	1
1547	4331	1
1548	5857	1
1549	5857	1
1551	5837	1
1552	1175	1
1552	2799	1
1552	5588	1
1553	1175	1
1553	2799	1
1553	5588	1
1554	3283	1
1557	573	1
1558	5306	1
1559	5306	1
1560	17	1
1560	1109	1
1560	3299	1
1561	17	1
1561	1109	1
1561	3299	1
1562	5429	1
1563	5429	1
1564	3113	1
1564	6302	1
1565	3113	1
1565	6302	1
1566	4120	1
1566	4167	1
1567	4120	1
1567	4167	1
1568	5927	1
1569	5927	1
1570	6114	1
1571	6114	1
1572	1723	1
1572	2797	1
1572	5366	1
1572	5687	1
1572	5845	1
1572	5896	1
1572	6476	1
1572	6799	1
1573	1723	1
1573	2797	1
1573	5366	1
1573	5687	1
1573	5845	1
1573	5896	1
1573	6476	1
1573	6799	1
1575	414	1
1576	92	1
1576	4277	1
1577	92	1
1577	4277	1
1578	5461	1
1579	5461	1
1580	6882	1
1581	6882	1
1582	325	1
1584	1028	1
1584	1180	1
1584	1242	1
1584	1268	1
1584	1385	1
1584	1396	1
1584	1494	1
1584	1655	1
1584	1753	1
1584	2084	1
1584	2195	1
1584	2196	1
1584	2316	1
1584	2681	1
1584	2700	1
1584	2972	1
1584	3073	1
1584	3686	1
1584	3893	1
1584	3940	1
1584	3984	1
1584	4053	1
1584	4530	1
1584	4565	1
1584	4699	1
1584	4716	1
1584	4926	1
1584	4943	1
1584	5282	1
1584	5683	1
1584	5816	1
1584	5880	1
1584	5894	1
1584	5925	1
1584	6135	1
1584	6248	1
1584	6296	1
1584	6381	1
1584	6616	1
1584	7075	1
1585	1028	1
1585	1180	1
1585	1242	1
1585	1268	1
1585	1385	1
1585	1396	1
1585	1494	1
1585	1655	1
1585	1753	1
1585	2084	1
1585	2195	1
1585	2196	1
1585	2316	1
1585	2681	1
1585	2700	1
1585	2972	1
1585	3073	1
1585	3686	1
1585	3893	1
1585	3940	1
1585	3984	1
1585	4053	1
1585	4530	1
1585	4565	1
1585	4699	1
1585	4716	1
1585	4926	1
1585	4943	1
1585	5282	1
1585	5683	1
1585	5816	1
1585	5880	1
1585	5894	1
1585	5925	1
1585	6135	1
1585	6248	1
1585	6296	1
1585	6381	1
1585	6616	1
1585	7075	1
1586	3815	1
1588	2367	1
1589	2367	1
1590	42	1
1590	105	1
1590	659	1
1590	862	1
1590	1010	1
1590	1358	1
1590	1422	1
1590	1448	1
1590	1468	1
1590	1502	1
1590	1543	1
1590	1697	1
1590	1936	1
1590	2298	1
1590	2522	1
1590	2595	1
1590	2726	1
1590	3353	1
1590	3508	1
1590	4004	1
1590	4128	1
1590	4151	1
1590	4420	1
1590	4501	1
1590	4583	1
1590	5075	1
1590	5127	1
1590	5152	1
1590	5175	1
1590	5247	1
1590	5624	1
1590	5775	1
1590	5912	1
1590	6098	1
1590	6275	1
1590	6279	1
1590	6535	1
1590	6614	1
1590	6724	1
1590	6974	1
1591	42	1
1591	105	1
1591	659	1
1591	862	1
1591	1010	1
1591	1358	1
1591	1422	1
1591	1448	1
1591	1468	1
1591	1502	1
1591	1543	1
1591	1697	1
1591	1936	1
1591	2298	1
1591	2522	1
1591	2595	1
1591	2726	1
1591	3353	1
1591	3508	1
1591	4004	1
1591	4128	1
1591	4151	1
1591	4420	1
1591	4501	1
1591	4583	1
1591	5075	1
1591	5127	1
1591	5152	1
1591	5175	1
1591	5247	1
1591	5624	1
1591	5775	1
1591	5912	1
1591	6098	1
1591	6275	1
1591	6279	1
1591	6535	1
1591	6614	1
1591	6724	1
1591	6974	1
1592	4481	1
1592	6618	1
1593	4481	1
1593	6618	1
1594	5810	1
1596	3169	1
1597	3169	1
1599	432	1
1599	539	1
1599	2285	1
1599	6553	1
1601	5823	1
1602	2977	1
1605	4240	1
1605	4690	1
1606	169	1
1607	169	1
1609	5248	1
1610	5788	1
1611	5788	1
1612	4358	1
1612	4638	1
1612	5762	1
1613	4358	1
1613	4638	1
1613	5762	1
1615	787	1
1616	2438	1
1617	2438	1
1618	6254	1
1619	6254	1
1620	6167	1
1621	6167	1
1622	230	1
1622	4395	1
1623	230	1
1623	4395	1
1624	719	1
1624	4351	1
1625	719	1
1625	4351	1
1626	238	1
1627	238	1
1628	6533	1
1629	6533	1
1630	6226	1
1631	6226	1
1632	1883	1
1633	1883	1
1634	3535	1
1635	3535	1
1636	720	1
1636	1249	1
1636	1703	1
1637	720	1
1637	1249	1
1637	1703	1
1638	5398	1
1639	5398	1
1642	1684	1
1642	1686	1
1643	1684	1
1643	1686	1
1644	6846	1
1645	6846	1
1646	2852	1
1647	2852	1
1648	12	1
1650	854	1
1651	854	1
1652	390	1
1653	390	1
1654	1233	1
1656	1	1
1657	1	1
1658	1812	1
1662	1726	1
1663	1726	1
1664	6836	1
1664	7211	1
1666	747	1
1667	747	1
1668	3713	1
1669	3713	1
1670	7178	1
1671	7178	1
1672	4505	1
1673	4505	1
1674	695	1
1675	695	1
1677	4178	1
1677	6631	1
1678	3552	1
1679	3552	1
1680	1408	1
1682	157	1
1682	1299	1
1682	2172	1
1682	2864	1
1682	5181	1
1682	5219	1
1682	5277	1
1682	5881	1
1682	5895	1
1684	6508	1
1685	6508	1
1688	228	1
1689	228	1
1691	2745	1
1691	4047	1
1692	1843	1
1693	1843	1
1694	0	1
1694	846	1
1694	4177	1
1694	6091	1
1695	0	1
1695	846	1
1695	4177	1
1695	6091	1
1698	2721	1
1699	2721	1
1700	4703	1
1702	6700	1
1703	6700	1
1704	4788	1
1705	4788	1
1706	82	1
1706	5243	1
1708	2744	1
1709	2744	1
1711	4575	1
1712	3190	1
1713	3190	1
1714	5679	1
1716	6987	1
1717	6987	1
1721	2277	1
1723	5016	1
1724	751	1
1724	1687	1
1724	4127	1
1724	4402	1
1724	6340	1
1725	751	1
1725	1687	1
1725	4127	1
1725	4402	1
1725	6340	1
1726	2826	1
1727	2826	1
1728	660	1
1728	745	1
1728	3756	1
1728	4229	1
1728	4458	1
1728	5600	1
1728	5967	1
1728	6734	1
1729	660	1
1729	745	1
1729	3756	1
1729	4229	1
1729	4458	1
1729	5600	1
1729	5967	1
1729	6734	1
1730	3184	1
1731	3184	1
1732	1347	1
1733	1347	1
1734	1622	1
1736	3704	1
1737	3704	1
1738	3	1
1739	3	1
1740	6227	1
1741	6227	1
1743	969	1
1745	1529	1
1745	5241	1
1746	4057	1
1747	4057	1
1748	4674	1
1749	4674	1
1750	2592	1
1750	6244	1
1751	2592	1
1751	6244	1
1752	4197	1
1753	4197	1
1754	4627	1
1755	4627	1
1756	702	1
1756	2054	1
1756	6905	1
1757	702	1
1757	2054	1
1757	6905	1
1758	5817	1
1758	5860	1
1759	5817	1
1759	5860	1
1761	469	1
1761	2264	1
1761	3682	1
1761	6728	1
1762	1835	1
1763	1835	1
1764	247	1
1764	2798	1
1765	247	1
1765	2798	1
1766	2295	1
1767	2295	1
1771	585	1
1771	667	1
1771	816	1
1771	877	1
1771	937	1
1771	1011	1
1771	1069	1
1771	1240	1
1771	1392	1
1771	1480	1
1771	1768	1
1771	1775	1
1771	1899	1
1771	2158	1
1771	2225	1
1771	2243	1
1771	2276	1
1771	2300	1
1771	2663	1
1771	2871	1
1771	2873	1
1771	2877	1
1771	3141	1
1771	3710	1
1771	3809	1
1771	4085	1
1771	4175	1
1771	4200	1
1771	4406	1
1771	4454	1
1771	4931	1
1771	5252	1
1771	5476	1
1771	5575	1
1771	5638	1
1771	5844	1
1771	5931	1
1771	6188	1
1771	6202	1
1771	6603	1
1771	6709	1
1771	6907	1
1771	7264	1
1772	435	1
1772	3923	1
1772	4706	1
1772	5037	1
1773	435	1
1773	3923	1
1773	4706	1
1773	5037	1
1776	2596	1
1777	2596	1
1780	488	1
1781	488	1
1782	1822	1
1783	1822	1
1784	2296	1
1784	5325	1
1786	4457	1
1787	4457	1
1788	5444	1
1789	5444	1
1790	3145	1
1791	3145	1
1792	2982	1
1792	6311	1
1792	7146	1
1793	2982	1
1793	6311	1
1793	7146	1
1794	3256	1
1794	3955	1
1794	4306	1
1794	5271	1
1794	6280	1
1794	6733	1
1795	3256	1
1795	3955	1
1795	4306	1
1795	5271	1
1795	6280	1
1795	6733	1
1796	5080	1
1798	3172	1
1798	6597	1
1799	3172	1
1799	6597	1
1800	588	1
1800	759	1
1800	1361	1
1800	2694	1
1800	3372	1
1800	4119	1
1800	5972	1
1800	6020	1
1801	588	1
1801	759	1
1801	1361	1
1801	2694	1
1801	3372	1
1801	4119	1
1801	5972	1
1801	6020	1
1802	4118	1
1803	4118	1
1805	1100	1
1805	1467	1
1805	2203	1
1805	2381	1
1805	4741	1
1805	4961	1
1806	5150	1
1807	5150	1
1809	1838	1
1809	2292	1
1809	2666	1
1809	3757	1
1809	3795	1
1809	5401	1
1809	7124	1
1809	7260	1
1810	1816	1
1811	1816	1
1813	1827	1
1814	5900	1
1814	6268	1
1814	7143	1
1815	5900	1
1815	6268	1
1815	7143	1
1816	284	1
1816	2762	1
1816	2855	1
1816	5240	1
1816	5660	1
1816	6528	1
1817	284	1
1817	2762	1
1817	2855	1
1817	5240	1
1817	5660	1
1817	6528	1
1819	3156	1
1819	3442	1
1819	3623	1
1819	4739	1
1819	5446	1
1820	2096	1
1821	2096	1
1823	3036	1
1825	2051	1
1825	2845	1
1827	5872	1
1827	6874	1
1829	2271	1
1830	1836	1
1831	1836	1
1833	4955	1
1834	3918	1
1835	3918	1
1836	3942	1
1837	3942	1
1838	2297	1
1839	2297	1
1840	5125	1
1841	5125	1
1842	1986	1
1842	3222	1
1842	6625	1
1843	1986	1
1843	3222	1
1843	6625	1
1844	3849	1
1845	3849	1
1846	4614	1
1848	817	1
1849	817	1
1850	4667	1
1851	4667	1
1852	1680	1
1852	2090	1
1852	2468	1
1852	3767	1
1853	1680	1
1853	2090	1
1853	2468	1
1853	3767	1
1854	2517	1
1854	3545	1
1855	2517	1
1855	3545	1
1856	6723	1
1857	6723	1
1859	1734	1
1860	3385	1
1860	6081	1
1861	3385	1
1861	6081	1
1862	2007	1
1862	5776	1
1863	2007	1
1863	5776	1
1864	3604	1
1864	6642	1
1865	3604	1
1865	6642	1
1866	3578	1
1867	3578	1
1868	4347	1
1869	4347	1
1870	3360	1
1871	3360	1
1872	4327	1
1873	4327	1
1874	893	1
1874	2585	1
1874	4679	1
1875	893	1
1875	2585	1
1875	4679	1
1877	288	1
1880	7341	1
1881	7341	1
1882	380	1
1882	2220	1
1883	380	1
1883	2220	1
1885	6923	1
1886	2252	1
1887	2252	1
1888	49	1
1889	49	1
1890	1168	1
1893	6077	1
1894	5576	1
1894	6973	1
1895	5576	1
1895	6973	1
1896	4079	1
1897	4079	1
1898	6646	1
1899	6646	1
1902	979	1
1903	979	1
1904	4147	1
1905	4147	1
1906	2325	1
1907	2325	1
1908	1015	1
1908	1128	1
1908	1776	1
1908	1903	1
1908	2938	1
1908	3709	1
1908	5769	1
1908	6146	1
1908	7059	1
1911	2560	1
1913	336	1
1913	688	1
1913	1328	1
1913	5612	1
1913	6204	1
1914	4864	1
1916	7081	1
1917	7081	1
1918	663	1
1919	663	1
1920	4267	1
1921	4267	1
1922	7031	1
1923	7031	1
1924	5796	1
1925	5796	1
1927	6502	1
1929	1142	1
1930	6055	1
1931	6055	1
1932	1970	1
1934	1348	1
1936	2546	1
1937	2546	1
1938	320	1
1939	320	1
1940	2238	1
1943	721	1
1945	6666	1
1948	2012	1
1949	2012	1
1950	1526	1
1950	1946	1
1950	7097	1
1951	1526	1
1951	1946	1
1951	7097	1
1952	2437	1
1952	2593	1
1953	2437	1
1953	2593	1
1954	198	1
1954	2254	1
1955	198	1
1955	2254	1
1956	5868	1
1957	5868	1
1959	4133	1
1959	6526	1
1960	4869	1
1962	2989	1
1963	2989	1
1964	2733	1
1964	3621	1
1964	5625	1
1964	5637	1
1964	5981	1
1965	2733	1
1965	3621	1
1965	5625	1
1965	5637	1
1965	5981	1
1966	3115	1
1966	3166	1
1966	3562	1
1967	3115	1
1967	3166	1
1967	3562	1
1968	2027	1
1970	1217	1
1971	1217	1
1972	6331	1
1974	3006	1
1975	3006	1
1977	1356	1
1978	1072	1
1979	1072	1
1980	6986	1
1981	6986	1
1982	2293	1
1982	2831	1
1982	6522	1
1984	5211	1
1986	680	1
1986	4410	1
1987	680	1
1987	4410	1
1988	6206	1
1989	6206	1
1991	172	1
1991	655	1
1991	884	1
1991	898	1
1991	1129	1
1991	1143	1
1991	1472	1
1991	2177	1
1991	2201	1
1991	2347	1
1991	2398	1
1991	3225	1
1991	3236	1
1991	3645	1
1991	3870	1
1991	4957	1
1991	5340	1
1991	5361	1
1991	5472	1
1991	5639	1
1991	5977	1
1991	6200	1
1991	6371	1
1991	6660	1
1991	7239	1
1992	107	1
1992	2925	1
1993	107	1
1993	2925	1
1994	3771	1
1995	3771	1
1997	4594	1
1998	4740	1
1999	4740	1
2000	5257	1
2001	5257	1
2002	3911	1
2004	729	1
2004	1205	1
2004	2204	1
2004	2519	1
2004	2642	1
2004	2823	1
2004	3191	1
2004	3616	1
2004	5417	1
2005	729	1
2005	1205	1
2005	2204	1
2005	2519	1
2005	2642	1
2005	2823	1
2005	3191	1
2005	3616	1
2005	5417	1
2007	3291	1
2008	340	1
2008	861	1
2008	4465	1
2009	340	1
2009	861	1
2009	4465	1
2010	4898	1
2011	4898	1
2012	46	1
2012	3012	1
2012	3300	1
2015	746	1
2017	6879	1
2018	2198	1
2020	902	1
2020	5534	1
2023	6405	1
2024	1155	1
2024	1189	1
2024	3583	1
2025	1155	1
2025	1189	1
2025	3583	1
2027	607	1
2027	1766	1
2027	2050	1
2027	2360	1
2027	2687	1
2027	3409	1
2027	3580	1
2027	3762	1
2027	5285	1
2027	5690	1
2027	5877	1
2029	3181	1
2029	4718	1
2030	2449	1
2032	5191	1
2033	5191	1
2034	4152	1
2035	4152	1
2036	1388	1
2037	1388	1
2038	1925	1
2038	1995	1
2038	2253	1
2038	5680	1
2039	1925	1
2039	1995	1
2039	2253	1
2039	5680	1
2043	4578	1
2044	75	1
2044	593	1
2044	2260	1
2044	2716	1
2044	3100	1
2044	6394	1
2044	6433	1
2045	75	1
2045	593	1
2045	2260	1
2045	2716	1
2045	3100	1
2045	6394	1
2045	6433	1
2047	3395	1
2049	4802	1
2050	3626	1
2052	3527	1
2052	4203	1
2053	3527	1
2053	4203	1
2055	940	1
2056	958	1
2057	958	1
2058	1052	1
2059	1052	1
2060	2423	1
2061	2423	1
2062	3265	1
2062	3640	1
2062	4270	1
2063	3265	1
2063	3640	1
2063	4270	1
2064	564	1
2064	1001	1
2065	564	1
2065	1001	1
2066	3641	1
2067	3641	1
2069	246	1
2069	1132	1
2069	1591	1
2069	1643	1
2069	1863	1
2069	2597	1
2069	2619	1
2069	2690	1
2069	2691	1
2069	2828	1
2069	3173	1
2069	3438	1
2069	3470	1
2069	3557	1
2069	3702	1
2069	3855	1
2069	4228	1
2069	5042	1
2069	5193	1
2069	5371	1
2069	5697	1
2069	5744	1
2069	5853	1
2069	6160	1
2069	6807	1
2069	6981	1
2071	795	1
2073	7212	1
2074	4348	1
2075	4348	1
2076	1221	1
2077	1221	1
2080	3168	1
2083	1512	1
2085	1047	1
2086	7274	1
2087	7274	1
2088	5685	1
2091	179	1
2091	713	1
2091	971	1
2091	2000	1
2091	4540	1
2091	6369	1
2094	5556	1
2095	5556	1
2096	5497	1
2097	5497	1
2098	6221	1
2099	6221	1
2100	1164	1
2100	1332	1
2100	3110	1
2100	4618	1
2101	1164	1
2101	1332	1
2101	3110	1
2101	4618	1
2102	4789	1
2103	4789	1
2104	654	1
2104	5448	1
2105	654	1
2105	5448	1
2106	3916	1
2106	4986	1
2106	6640	1
2107	3916	1
2107	4986	1
2107	6640	1
2108	185	1
2108	470	1
2108	1070	1
2108	1683	1
2108	1689	1
2108	1852	1
2108	1893	1
2108	1941	1
2108	2258	1
2108	2730	1
2108	2876	1
2108	2956	1
2108	3131	1
2108	3350	1
2108	3550	1
2108	3863	1
2108	4058	1
2108	4100	1
2108	4224	1
2108	4384	1
2108	4445	1
2108	4624	1
2108	4664	1
2108	4783	1
2108	4873	1
2108	4877	1
2108	4990	1
2108	5209	1
2108	5260	1
2108	5317	1
2108	5337	1
2108	5347	1
2108	5670	1
2108	6237	1
2108	6383	1
2108	6540	1
2108	6564	1
2108	6881	1
2108	6983	1
2108	7205	1
2109	185	1
2109	470	1
2109	1070	1
2109	1683	1
2109	1689	1
2109	1852	1
2109	1893	1
2109	1941	1
2109	2258	1
2109	2730	1
2109	2876	1
2109	2956	1
2109	3131	1
2109	3350	1
2109	3550	1
2109	3863	1
2109	4058	1
2109	4100	1
2109	4224	1
2109	4384	1
2109	4445	1
2109	4624	1
2109	4664	1
2109	4783	1
2109	4873	1
2109	4877	1
2109	4990	1
2109	5209	1
2109	5260	1
2109	5317	1
2109	5337	1
2109	5347	1
2109	5670	1
2109	6237	1
2109	6383	1
2109	6540	1
2109	6564	1
2109	6881	1
2109	6983	1
2109	7205	1
2110	2526	1
2111	2526	1
2112	2772	1
2113	2772	1
2115	2550	1
2115	2764	1
2117	664	1
2118	1781	1
2119	1781	1
2120	60	1
2120	2602	1
2120	3137	1
2120	6477	1
2121	60	1
2121	2602	1
2121	3137	1
2121	6477	1
2122	1113	1
2122	2063	1
2123	1113	1
2123	2063	1
2124	5815	1
2125	5815	1
2126	2481	1
2127	2481	1
2128	4132	1
2130	757	1
2130	1094	1
2130	1669	1
2130	2026	1
2130	2107	1
2130	2866	1
2130	3393	1
2130	4683	1
2130	5280	1
2130	6634	1
2130	6670	1
2130	6908	1
2130	7119	1
2131	757	1
2131	1094	1
2131	1669	1
2131	2026	1
2131	2107	1
2131	2866	1
2131	3393	1
2131	4683	1
2131	5280	1
2131	6634	1
2131	6670	1
2131	6908	1
2131	7119	1
2132	1208	1
2132	1507	1
2132	3026	1
2132	5238	1
2132	6100	1
2133	1208	1
2133	1507	1
2133	3026	1
2133	5238	1
2133	6100	1
2135	813	1
2135	6948	1
2137	1578	1
2137	1688	1
2137	1759	1
2137	6970	1
2138	6859	1
2139	6859	1
2140	3749	1
2140	4918	1
2142	418	1
2143	418	1
2144	3461	1
2145	3461	1
2146	1457	1
2147	1457	1
2148	7320	1
2149	7320	1
2151	7090	1
2152	4710	1
2153	4710	1
2154	6059	1
2156	5338	1
2157	5338	1
2158	3464	1
2158	4369	1
2159	3464	1
2159	4369	1
2160	4404	1
2161	4404	1
2163	6716	1
2164	2208	1
2165	2208	1
2166	43	1
2166	875	1
2166	4754	1
2167	43	1
2167	875	1
2167	4754	1
2168	3413	1
2169	3413	1
2170	1229	1
2173	5120	1
2174	2657	1
2174	7281	1
2175	2657	1
2175	7281	1
2176	4411	1
2176	4985	1
2176	5986	1
2176	5993	1
2177	4411	1
2177	4985	1
2177	5986	1
2177	5993	1
2178	494	1
2179	494	1
2180	1749	1
2181	1749	1
2182	2246	1
2182	6939	1
2183	2246	1
2183	6939	1
2186	5577	1
2189	3055	1
2192	6529	1
2193	6529	1
2194	949	1
2194	961	1
2194	1202	1
2194	1482	1
2194	1870	1
2194	2037	1
2194	2673	1
2194	6094	1
2195	949	1
2195	961	1
2195	1202	1
2195	1482	1
2195	1870	1
2195	2037	1
2195	2673	1
2195	6094	1
2197	3506	1
2197	3966	1
2198	3665	1
2199	3665	1
2200	3315	1
2201	3315	1
2202	2603	1
2203	2603	1
2206	1400	1
2206	2514	1
2206	2954	1
2206	2983	1
2206	4468	1
2206	4773	1
2206	5307	1
2206	5406	1
2206	5933	1
2206	6082	1
2206	6349	1
2206	6725	1
2206	7045	1
2207	1400	1
2207	2514	1
2207	2954	1
2207	2983	1
2207	4468	1
2207	4773	1
2207	5307	1
2207	5406	1
2207	5933	1
2207	6082	1
2207	6349	1
2207	6725	1
2207	7045	1
2209	1868	1
2209	4731	1
2209	5827	1
2210	1847	1
2210	6414	1
2211	1847	1
2211	6414	1
2212	1450	1
2214	2013	1
2214	2992	1
2214	4591	1
2214	4593	1
2214	5774	1
2215	2013	1
2215	2992	1
2215	4591	1
2215	4593	1
2215	5774	1
2216	1420	1
2217	1420	1
2219	2444	1
2220	1431	1
2220	2329	1
2220	7241	1
2221	1431	1
2221	2329	1
2221	7241	1
2222	5884	1
2223	5884	1
2224	2781	1
2226	1278	1
2227	1278	1
2228	5185	1
2229	5185	1
2232	5835	1
2233	5835	1
2234	732	1
2235	732	1
2237	983	1
2238	7054	1
2240	1595	1
2241	1595	1
2242	2743	1
2243	2743	1
2244	5033	1
2247	6267	1
2249	1978	1
2251	217	1
2251	5713	1
2252	2306	1
2253	2306	1
2254	2697	1
2254	6132	1
2254	7006	1
2255	2697	1
2255	6132	1
2255	7006	1
2256	4017	1
2257	4017	1
2258	3633	1
2259	3633	1
2262	6715	1
2263	6715	1
2265	1210	1
2266	38	1
2267	38	1
2268	6128	1
2269	6128	1
2270	309	1
2271	309	1
2272	3627	1
2273	3627	1
2274	3973	1
2274	5649	1
2274	5782	1
2274	6099	1
2274	6928	1
2275	3973	1
2275	5649	1
2275	5782	1
2275	6099	1
2275	6928	1
2276	5682	1
2276	5814	1
2278	1590	1
2278	3694	1
2279	1590	1
2279	3694	1
2280	2904	1
2280	6693	1
2282	3119	1
2283	3119	1
2284	315	1
2284	674	1
2284	1503	1
2284	1954	1
2284	2135	1
2284	2952	1
2284	3934	1
2284	4158	1
2284	4212	1
2284	4256	1
2284	4651	1
2284	5100	1
2284	5284	1
2284	6187	1
2284	6518	1
2285	315	1
2285	674	1
2285	1503	1
2285	1954	1
2285	2135	1
2285	2952	1
2285	3934	1
2285	4158	1
2285	4212	1
2285	4256	1
2285	4651	1
2285	5100	1
2285	5284	1
2285	6187	1
2285	6518	1
2286	5471	1
2288	4484	1
2289	4484	1
2290	4729	1
2292	1095	1
2292	4970	1
2293	1095	1
2293	4970	1
2294	3363	1
2295	3363	1
2296	3778	1
2297	3778	1
2298	2635	1
2300	294	1
2301	294	1
2303	1693	1
2305	1570	1
2306	5731	1
2307	5731	1
2310	1404	1
2311	1404	1
2312	4814	1
2313	4814	1
2314	1490	1
2315	1490	1
2316	263	1
2317	263	1
2318	1994	1
2319	1994	1
2320	181	1
2322	271	1
2323	271	1
2324	3505	1
2325	3505	1
2326	1429	1
2327	1429	1
2328	1742	1
2329	1742	1
2330	4632	1
2331	4632	1
2332	3335	1
2333	3335	1
2334	7215	1
2336	1335	1
2337	1335	1
2339	5170	1
2341	156	1
2341	1373	1
2341	3584	1
2342	2205	1
2343	2205	1
2344	2963	1
2345	2963	1
2346	3540	1
2348	5529	1
2349	5529	1
2351	2995	1
2353	5820	1
2355	2882	1
2355	3526	1
2356	2112	1
2356	4183	1
2357	2112	1
2357	4183	1
2358	1787	1
2359	1787	1
2360	3211	1
2361	3211	1
2364	530	1
2364	2448	1
2365	530	1
2365	2448	1
2366	3060	1
2366	3367	1
2367	3060	1
2367	3367	1
2368	331	1
2369	331	1
2370	3826	1
2371	3826	1
2372	6695	1
2373	6695	1
2374	55	1
2375	55	1
2376	1185	1
2376	5836	1
2378	2563	1
2378	4416	1
2379	2563	1
2379	4416	1
2380	5313	1
2381	5313	1
2382	1865	1
2383	1865	1
2385	2543	1
2388	3524	1
2389	3524	1
2390	2094	1
2391	2094	1
2393	2390	1
2394	6926	1
2394	7322	1
2395	6926	1
2395	7322	1
2397	3075	1
2397	4184	1
2399	4440	1
2400	236	1
2400	3656	1
2400	5356	1
2400	6284	1
2401	236	1
2401	3656	1
2401	5356	1
2401	6284	1
2403	1871	1
2404	164	1
2404	1844	1
2404	6639	1
2405	164	1
2405	1844	1
2405	6639	1
2406	258	1
2407	258	1
2409	4337	1
2410	3655	1
2410	7137	1
2412	3831	1
2413	3831	1
2415	2778	1
2415	4194	1
2415	4580	1
2415	5296	1
2415	5650	1
2415	5786	1
2415	6826	1
2416	624	1
2417	624	1
2419	2290	1
2420	1039	1
2420	4997	1
2421	1039	1
2421	4997	1
2422	3537	1
2423	3537	1
2424	978	1
2425	978	1
2427	3554	1
2427	3636	1
2427	5558	1
2427	6899	1
2427	7060	1
2429	735	1
2431	3014	1
2432	3932	1
2433	3932	1
2435	517	1
2436	6424	1
2437	6424	1
2438	154	1
2438	1750	1
2438	4923	1
2439	154	1
2439	1750	1
2439	4923	1
2440	1325	1
2440	1713	1
2441	1325	1
2441	1713	1
2442	1644	1
2442	2152	1
2443	1644	1
2443	2152	1
2445	5832	1
2446	1360	1
2446	2512	1
2446	3919	1
2447	1360	1
2447	2512	1
2447	3919	1
2449	5606	1
2450	339	1
2450	7250	1
2451	339	1
2451	7250	1
2452	3594	1
2452	4734	1
2452	6996	1
2453	3594	1
2453	4734	1
2453	6996	1
2454	2432	1
2454	3876	1
2454	5291	1
2456	1588	1
2457	1588	1
2458	5943	1
2459	5943	1
2460	3420	1
2460	6971	1
2461	3420	1
2461	6971	1
2462	4040	1
2464	1170	1
2466	5813	1
2467	5813	1
2468	2652	1
2469	2652	1
2470	3143	1
2471	3143	1
2472	6177	1
2474	3142	1
2475	3142	1
2476	4994	1
2477	4994	1
2478	5416	1
2478	6851	1
2480	48	1
2480	445	1
2480	510	1
2480	699	1
2480	851	1
2480	1292	1
2480	1371	1
2480	1393	1
2480	1550	1
2480	2061	1
2480	2577	1
2480	2767	1
2480	2824	1
2480	2919	1
2480	3206	1
2480	3976	1
2480	4474	1
2480	4525	1
2480	4537	1
2480	4841	1
2480	5117	1
2480	5321	1
2480	5335	1
2480	5484	1
2480	5669	1
2480	5749	1
2480	6065	1
2480	6166	1
2480	6271	1
2480	6517	1
2480	6940	1
2480	7252	1
2480	7298	1
2482	1265	1
2482	2773	1
2482	3404	1
2482	4373	1
2483	1265	1
2483	2773	1
2483	3404	1
2483	4373	1
2484	2226	1
2484	5799	1
2484	6655	1
2484	6756	1
2485	2226	1
2485	5799	1
2485	6655	1
2485	6756	1
2486	6552	1
2488	5348	1
2489	5348	1
2490	705	1
2490	916	1
2490	925	1
2490	1381	1
2490	3711	1
2490	4784	1
2490	5740	1
2490	5849	1
2490	6447	1
2491	705	1
2491	916	1
2491	925	1
2491	1381	1
2491	3711	1
2491	4784	1
2491	5740	1
2491	5849	1
2491	6447	1
2492	3490	1
2493	3490	1
2494	1674	1
2495	1674	1
2496	1098	1
2497	1098	1
2498	7196	1
2499	7196	1
2501	6427	1
2502	3736	1
2503	3736	1
2504	775	1
2504	2581	1
2504	5609	1
2504	6607	1
2504	7040	1
2505	775	1
2505	2581	1
2505	5609	1
2505	6607	1
2505	7040	1
2506	5757	1
2507	5757	1
2509	6001	1
2510	6551	1
2512	2532	1
2513	2532	1
2514	2704	1
2514	4756	1
2514	6523	1
2515	2704	1
2515	4756	1
2515	6523	1
2516	2832	1
2516	5954	1
2517	2832	1
2517	5954	1
2518	509	1
2518	1818	1
2518	1988	1
2518	3568	1
2518	4744	1
2518	5028	1
2518	6637	1
2518	7233	1
2519	509	1
2519	1818	1
2519	1988	1
2519	3568	1
2519	4744	1
2519	5028	1
2519	6637	1
2519	7233	1
2520	5343	1
2521	5343	1
2523	2578	1
2524	682	1
2526	1671	1
2527	1671	1
2528	3651	1
2529	3651	1
2530	533	1
2530	4437	1
2530	4626	1
2531	533	1
2531	4437	1
2531	4626	1
2532	5216	1
2533	5216	1
2534	5722	1
2536	1515	1
2536	1519	1
2536	4336	1
2536	5323	1
2536	6565	1
2538	158	1
2538	684	1
2538	761	1
2538	767	1
2538	783	1
2538	932	1
2538	1108	1
2538	1133	1
2538	1349	1
2538	1487	1
2538	1611	1
2538	1625	1
2538	1765	1
2538	1958	1
2538	2024	1
2538	2190	1
2538	2391	1
2538	2407	1
2538	2626	1
2538	2667	1
2538	2757	1
2538	2801	1
2538	2857	1
2538	2902	1
2538	3183	1
2538	3366	1
2538	3459	1
2538	3468	1
2538	3716	1
2538	3747	1
2538	3890	1
2538	4038	1
2538	4105	1
2538	4195	1
2538	4207	1
2538	4239	1
2538	4334	1
2538	4477	1
2538	4704	1
2538	4804	1
2538	5011	1
2538	5030	1
2538	5273	1
2538	5500	1
2538	5718	1
2538	5747	1
2538	6235	1
2538	6487	1
2538	7110	1
2540	7023	1
2542	3088	1
2542	5134	1
2542	5459	1
2543	3088	1
2543	5134	1
2543	5459	1
2545	4779	1
2545	6812	1
2546	1253	1
2546	1989	1
2546	3233	1
2546	4522	1
2547	1253	1
2547	1989	1
2547	3233	1
2547	4522	1
2549	1876	1
2550	848	1
2552	5003	1
2553	5003	1
2554	7130	1
2555	7130	1
2556	1354	1
2557	1354	1
2558	5724	1
2558	7323	1
2559	5724	1
2559	7323	1
2560	191	1
2561	191	1
2564	7036	1
2565	7036	1
2566	918	1
2567	918	1
2569	6290	1
2570	7039	1
2572	7339	1
2573	7339	1
2575	349	1
2576	788	1
2576	1406	1
2576	3761	1
2576	6599	1
2577	788	1
2577	1406	1
2577	3761	1
2577	6599	1
2579	1905	1
2580	110	1
2581	110	1
2582	389	1
2583	389	1
2584	6963	1
2585	6963	1
2587	2121	1
2588	2970	1
2589	2970	1
2591	1690	1
2591	4462	1
2593	2541	1
2594	7148	1
2595	7148	1
2596	7126	1
2597	7126	1
2598	3072	1
2599	3072	1
2600	2573	1
2600	6218	1
2601	2573	1
2601	6218	1
2602	463	1
2602	1394	1
2602	1840	1
2602	2783	1
2602	3107	1
2602	3178	1
2602	3324	1
2602	3345	1
2602	3664	1
2602	3813	1
2602	4101	1
2602	4585	1
2602	4625	1
2602	4801	1
2602	4815	1
2602	5047	1
2602	5217	1
2602	5924	1
2602	5992	1
2602	6083	1
2602	6577	1
2602	6704	1
2602	6893	1
2602	6966	1
2602	7088	1
2602	7172	1
2603	463	1
2603	1394	1
2603	1840	1
2603	2783	1
2603	3107	1
2603	3178	1
2603	3324	1
2603	3345	1
2603	3664	1
2603	3813	1
2603	4101	1
2603	4585	1
2603	4625	1
2603	4801	1
2603	4815	1
2603	5047	1
2603	5217	1
2603	5924	1
2603	5992	1
2603	6083	1
2603	6577	1
2603	6704	1
2603	6893	1
2603	6966	1
2603	7088	1
2603	7172	1
2604	1667	1
2605	1667	1
2606	1679	1
2606	3559	1
2606	6588	1
2606	7157	1
2607	1679	1
2607	3559	1
2607	6588	1
2607	7157	1
2608	5661	1
2609	5661	1
2610	475	1
2611	475	1
2612	5564	1
2612	6016	1
2613	5564	1
2613	6016	1
2614	4044	1
2614	6795	1
2615	4044	1
2615	6795	1
2616	3251	1
2616	5671	1
2616	6322	1
2616	6824	1
2616	7161	1
2617	3251	1
2617	5671	1
2617	6322	1
2617	6824	1
2617	7161	1
2618	204	1
2619	204	1
2620	219	1
2620	6131	1
2621	219	1
2621	6131	1
2622	7043	1
2623	7043	1
2625	6989	1
2626	255	1
2626	598	1
2626	2758	1
2626	4375	1
2626	5237	1
2626	5496	1
2626	5958	1
2626	6745	1
2626	6955	1
2627	255	1
2627	598	1
2627	2758	1
2627	4375	1
2627	5237	1
2627	5496	1
2627	5958	1
2627	6745	1
2627	6955	1
2628	2808	1
2628	3450	1
2628	6469	1
2628	6809	1
2629	2808	1
2629	3450	1
2629	6469	1
2629	6809	1
2630	8	1
2630	3056	1
2632	7171	1
2633	7171	1
2634	4459	1
2635	4459	1
2636	459	1
2637	459	1
2638	2036	1
2639	2036	1
2640	5543	1
2641	5543	1
2642	402	1
2643	402	1
2644	5511	1
2644	7150	1
2645	5511	1
2645	7150	1
2646	535	1
2646	2948	1
2646	3297	1
2646	4295	1
2646	4935	1
2647	535	1
2647	2948	1
2647	3297	1
2647	4295	1
2647	4935	1
2648	3249	1
2649	3249	1
2650	771	1
2651	771	1
2652	3408	1
2653	3408	1
2655	2627	1
2656	210	1
2657	210	1
2658	387	1
2659	387	1
2660	2525	1
2660	2580	1
2662	3907	1
2663	3907	1
2664	986	1
2665	986	1
2667	838	1
2667	2489	1
2668	5199	1
2669	5199	1
2670	5528	1
2671	5528	1
2672	1658	1
2672	3878	1
2673	1658	1
2673	3878	1
2676	550	1
2677	550	1
2678	466	1
2679	466	1
2680	5419	1
2683	847	1
2684	5412	1
2686	1293	1
2686	3721	1
2686	4592	1
2686	5349	1
2686	5545	1
2686	5641	1
2687	1293	1
2687	3721	1
2687	4592	1
2687	5349	1
2687	5545	1
2687	5641	1
2688	2150	1
2689	2150	1
2690	410	1
2691	410	1
2692	4493	1
2695	1587	1
2695	6153	1
2696	35	1
2697	35	1
2698	2765	1
2699	2765	1
2700	6358	1
2701	6358	1
2703	1258	1
2704	1091	1
2704	1271	1
2704	2920	1
2704	5535	1
2704	6292	1
2705	1091	1
2705	1271	1
2705	2920	1
2705	5535	1
2705	6292	1
2706	2039	1
2707	2039	1
2708	924	1
2708	1481	1
2708	4094	1
2708	5288	1
2709	924	1
2709	1481	1
2709	4094	1
2709	5288	1
2710	7321	1
2711	7321	1
2713	1053	1
2714	20	1
2715	20	1
2716	4893	1
2718	3112	1
2720	6692	1
2721	6692	1
2722	327	1
2722	1720	1
2722	2804	1
2722	3798	1
2722	4805	1
2722	5079	1
2722	5617	1
2722	5623	1
2722	6696	1
2723	327	1
2723	1720	1
2723	2804	1
2723	3798	1
2723	4805	1
2723	5079	1
2723	5617	1
2723	5623	1
2723	6696	1
2725	3995	1
2725	5821	1
2726	6863	1
2727	6863	1
2728	2737	1
2729	2737	1
2730	6865	1
2731	6865	1
2732	1460	1
2733	1460	1
2734	3708	1
2734	5585	1
2738	2111	1
2739	2111	1
2740	1426	1
2740	3162	1
2740	3298	1
2740	3817	1
2740	3860	1
2740	6298	1
2740	6591	1
2741	1426	1
2741	3162	1
2741	3298	1
2741	3817	1
2741	3860	1
2741	6298	1
2741	6591	1
2743	6852	1
2744	468	1
2744	3521	1
2744	3718	1
2745	468	1
2745	3521	1
2745	3718	1
2746	6346	1
2747	6346	1
2748	5871	1
2749	5871	1
2750	5946	1
2751	5946	1
2752	3804	1
2753	3804	1
2755	3196	1
2756	122	1
2757	122	1
2758	647	1
2759	647	1
2760	1897	1
2760	4330	1
2761	1897	1
2761	4330	1
2763	5210	1
2764	200	1
2764	1993	1
2764	5250	1
2766	3692	1
2767	3692	1
2768	1187	1
2769	1187	1
2770	571	1
2771	571	1
2772	6761	1
2773	6761	1
2774	6269	1
2775	6269	1
2777	4723	1
2778	5571	1
2779	5571	1
2780	3397	1
2780	4353	1
2781	3397	1
2781	4353	1
2782	2870	1
2783	2870	1
2784	376	1
2784	2067	1
2785	376	1
2785	2067	1
2786	1112	1
2786	1601	1
2786	2756	1
2786	3024	1
2786	3630	1
2786	4476	1
2786	4972	1
2787	1112	1
2787	1601	1
2787	2756	1
2787	3024	1
2787	3630	1
2787	4476	1
2787	4972	1
2788	1107	1
2788	1405	1
2788	4466	1
2788	5935	1
2789	1107	1
2789	1405	1
2789	4466	1
2789	5935	1
2790	2583	1
2790	6505	1
2791	2583	1
2791	6505	1
2792	1034	1
2792	2422	1
2792	3902	1
2792	5839	1
2793	1034	1
2793	2422	1
2793	3902	1
2793	5839	1
2794	1524	1
2795	1524	1
2796	4687	1
2798	5966	1
2799	5966	1
2800	3871	1
2800	4705	1
2802	6413	1
2803	6413	1
2805	4831	1
2806	1121	1
2807	1121	1
2808	2281	1
2808	2524	1
2808	4205	1
2808	4568	1
2808	6765	1
2809	2281	1
2809	2524	1
2809	4205	1
2809	4568	1
2809	6765	1
2810	1196	1
2810	6867	1
2812	1237	1
2813	1237	1
2814	866	1
2814	997	1
2814	1862	1
2814	4856	1
2814	5044	1
2814	6895	1
2815	866	1
2815	997	1
2815	1862	1
2815	4856	1
2815	5044	1
2815	6895	1
2816	1151	1
2816	6363	1
2816	7079	1
2817	1151	1
2817	6363	1
2817	7079	1
2818	3480	1
2819	3480	1
2820	7053	1
2822	1075	1
2823	1075	1
2824	2620	1
2827	5532	1
2828	1330	1
2828	3341	1
2828	4317	1
2829	1330	1
2829	3341	1
2829	4317	1
2831	7159	1
2832	4954	1
2833	4954	1
2834	793	1
2834	7330	1
2835	793	1
2835	7330	1
2837	2458	1
2837	7227	1
2838	486	1
2839	486	1
2841	5261	1
2842	5363	1
2843	5363	1
2844	3906	1
2845	3906	1
2846	1874	1
2847	1874	1
2848	1901	1
2848	3022	1
2848	3688	1
2848	4946	1
2848	6357	1
2851	1329	1
2851	3204	1
2851	3403	1
2851	4216	1
2851	4867	1
2851	6172	1
2852	6374	1
2853	6374	1
2854	4176	1
2855	4176	1
2858	963	1
2858	2041	1
2858	3287	1
2859	963	1
2859	2041	1
2859	3287	1
2860	5800	1
2861	5800	1
2862	2496	1
2862	5519	1
2863	2496	1
2863	5519	1
2864	2231	1
2864	4110	1
2865	2231	1
2865	4110	1
2866	3278	1
2867	3278	1
2868	888	1
2868	4514	1
2869	888	1
2869	4514	1
2870	2795	1
2871	2795	1
2872	1085	1
2873	1085	1
2875	4074	1
2876	7189	1
2878	377	1
2879	377	1
2880	1632	1
2881	1632	1
2882	53	1
2882	6277	1
2884	1248	1
2885	1248	1
2887	2706	1
2887	2812	1
2887	6898	1
2888	2544	1
2889	2544	1
2890	2414	1
2891	2414	1
2893	1456	1
2894	1762	1
2895	1762	1
2896	6610	1
2896	7151	1
2897	6610	1
2897	7151	1
2899	3811	1
2900	3877	1
2900	6064	1
2901	3877	1
2901	6064	1
2903	532	1
2903	2116	1
2903	3479	1
2903	3523	1
2903	3944	1
2903	4919	1
2903	4996	1
2903	6521	1
2904	2462	1
2904	5939	1
2904	7004	1
2905	2462	1
2905	5939	1
2905	7004	1
2907	7012	1
2908	3378	1
2909	3378	1
2910	134	1
2910	2261	1
2911	134	1
2911	2261	1
2912	2349	1
2913	2349	1
2918	1770	1
2919	1770	1
2921	3444	1
2921	7340	1
2922	447	1
2922	4644	1
2922	6266	1
2923	447	1
2923	4644	1
2923	6266	1
2924	3018	1
2924	5520	1
2925	3018	1
2925	5520	1
2926	3092	1
2928	2062	1
2928	5678	1
2929	2062	1
2929	5678	1
2930	2376	1
2932	1194	1
2933	1194	1
2934	173	1
2934	852	1
2934	2010	1
2934	4663	1
2934	6108	1
2934	6330	1
2934	6409	1
2934	6702	1
2936	1820	1
2937	1820	1
2938	5295	1
2939	5295	1
2940	467	1
2940	3207	1
2940	7255	1
2941	467	1
2941	3207	1
2941	7255	1
2942	370	1
2942	2182	1
2943	370	1
2943	2182	1
2946	2176	1
2948	3284	1
2949	3284	1
2951	2940	1
2952	2324	1
2954	1163	1
2955	1163	1
2956	4767	1
2957	4767	1
2958	4941	1
2959	4941	1
2960	310	1
2960	2450	1
2961	310	1
2961	2450	1
2962	4672	1
2963	4672	1
2964	2338	1
2964	4876	1
2965	2338	1
2965	4876	1
2966	5891	1
2967	5891	1
2968	2336	1
2970	5144	1
2974	6194	1
2975	6194	1
2976	579	1
2977	579	1
2978	989	1
2978	1195	1
2979	989	1
2979	1195	1
2980	1898	1
2980	7011	1
2981	1898	1
2981	7011	1
2982	4031	1
2983	4031	1
2984	333	1
2985	333	1
2986	497	1
2986	6902	1
2987	497	1
2987	6902	1
2988	988	1
2988	6651	1
2989	988	1
2989	6651	1
2991	5876	1
2992	4774	1
2993	4774	1
2994	424	1
2994	1414	1
2995	424	1
2995	1414	1
2996	2154	1
2996	6921	1
2998	366	1
2998	7020	1
2999	366	1
2999	7020	1
3000	4171	1
3000	4891	1
3001	4171	1
3001	4891	1
3004	5952	1
3005	5952	1
3006	1518	1
3007	1518	1
3008	3989	1
3008	6968	1
3009	3989	1
3009	6968	1
3010	1488	1
3011	1488	1
3012	779	1
3012	872	1
3012	1754	1
3012	1937	1
3012	1972	1
3012	3032	1
3012	3462	1
3012	4164	1
3012	4364	1
3012	4366	1
3012	4426	1
3012	4432	1
3012	4483	1
3012	5074	1
3012	5560	1
3012	5652	1
3012	6156	1
3012	6524	1
3012	6573	1
3012	6718	1
3012	6737	1
3012	6837	1
3012	6943	1
3012	6988	1
3012	7061	1
3013	779	1
3013	872	1
3013	1754	1
3013	1937	1
3013	1972	1
3013	3032	1
3013	3462	1
3013	4164	1
3013	4364	1
3013	4366	1
3013	4426	1
3013	4432	1
3013	4483	1
3013	5074	1
3013	5560	1
3013	5652	1
3013	6156	1
3013	6524	1
3013	6573	1
3013	6718	1
3013	6737	1
3013	6837	1
3013	6943	1
3013	6988	1
3013	7061	1
3014	2147	1
3014	5703	1
3015	2147	1
3015	5703	1
3016	5923	1
3018	2011	1
3019	2011	1
3021	4852	1
3021	7162	1
3022	254	1
3022	1452	1
3024	1236	1
3024	4707	1
3026	3770	1
3026	5135	1
3027	3770	1
3027	5135	1
3028	975	1
3028	3799	1
3028	5742	1
3028	5920	1
3029	975	1
3029	3799	1
3029	5742	1
3029	5920	1
3030	5220	1
3031	5220	1
3032	3218	1
3033	3218	1
3035	1200	1
3035	4560	1
3039	3122	1
3039	3926	1
3039	4780	1
3039	4920	1
3039	5156	1
3040	2335	1
3041	2335	1
3042	4008	1
3043	4008	1
3045	3974	1
3046	3267	1
3047	3267	1
3048	3215	1
3051	97	1
3052	6711	1
3053	6711	1
3054	1464	1
3055	1464	1
3056	6034	1
3057	6034	1
3058	3041	1
3059	3041	1
3060	3111	1
3061	3111	1
3063	2643	1
3064	3176	1
3065	3176	1
3066	4854	1
3067	4854	1
3068	1523	1
3068	1927	1
3068	5142	1
3068	6628	1
3068	6932	1
3071	869	1
3071	2412	1
3071	6074	1
3072	4117	1
3073	4117	1
3074	605	1
3075	605	1
3076	433	1
3077	433	1
3078	6562	1
3079	6562	1
3080	4121	1
3082	6007	1
3084	676	1
3085	676	1
3088	4921	1
3089	4921	1
3091	2454	1
3092	5512	1
3093	5512	1
3094	5465	1
3095	5465	1
3096	4168	1
3097	4168	1
3098	2508	1
3099	2508	1
3101	3901	1
3102	450	1
3102	683	1
3102	740	1
3102	1179	1
3102	1935	1
3102	2212	1
3102	2802	1
3102	6263	1
3102	6753	1
3102	7048	1
3102	7184	1
3103	450	1
3103	683	1
3103	740	1
3103	1179	1
3103	1935	1
3103	2212	1
3103	2802	1
3103	6263	1
3103	6753	1
3103	7048	1
3103	7184	1
3104	1635	1
3105	1635	1
3106	2759	1
3108	1594	1
3109	1594	1
3111	5643	1
3111	6049	1
3112	4472	1
3113	4472	1
3114	933	1
3114	1088	1
3114	2403	1
3114	2809	1
3114	3091	1
3114	3136	1
3114	3213	1
3114	3784	1
3114	4283	1
3114	4446	1
3114	4611	1
3114	4835	1
3114	5212	1
3114	6276	1
3114	7134	1
3114	7170	1
3114	7265	1
3115	933	1
3115	1088	1
3115	2403	1
3115	2809	1
3115	3091	1
3115	3136	1
3115	3213	1
3115	3784	1
3115	4283	1
3115	4446	1
3115	4611	1
3115	4835	1
3115	5212	1
3115	6276	1
3115	7134	1
3115	7170	1
3115	7265	1
3116	4039	1
3117	4039	1
3118	5597	1
3119	5597	1
3120	420	1
3120	5764	1
3121	420	1
3121	5764	1
3122	2408	1
3122	2710	1
3122	3723	1
3124	5038	1
3125	5038	1
3126	5536	1
3127	5536	1
3129	3661	1
3130	3637	1
3130	5106	1
3131	3637	1
3131	5106	1
3132	1250	1
3132	4518	1
3134	1203	1
3134	1454	1
3134	4550	1
3139	4589	1
3141	1357	1
3142	3458	1
3142	3541	1
3143	3458	1
3143	3541	1
3144	3648	1
3145	3648	1
3147	5198	1
3148	6764	1
3149	6764	1
3150	6566	1
3151	6566	1
3154	824	1
3154	2477	1
3154	3706	1
3154	4282	1
3154	4356	1
3154	4982	1
3154	5236	1
3154	5595	1
3154	6056	1
3154	6333	1
3154	6497	1
3154	6802	1
3155	824	1
3155	2477	1
3155	3706	1
3155	4282	1
3155	4356	1
3155	4982	1
3155	5236	1
3155	5595	1
3155	6056	1
3155	6333	1
3155	6497	1
3155	6802	1
3156	3591	1
3157	3591	1
3158	6780	1
3159	6780	1
3160	6993	1
3161	6993	1
3162	4848	1
3163	4848	1
3164	1730	1
3166	6057	1
3168	7275	1
3169	7275	1
3171	1333	1
3172	5146	1
3172	5991	1
3172	6513	1
3173	5146	1
3173	5991	1
3173	6513	1
3174	5091	1
3175	5091	1
3176	3794	1
3177	3794	1
3178	1651	1
3179	1651	1
3180	6365	1
3183	551	1
3183	2906	1
3184	111	1
3184	362	1
3184	710	1
3184	798	1
3184	863	1
3184	1050	1
3184	1224	1
3184	1375	1
3184	1741	1
3184	2047	1
3184	2488	1
3184	2521	1
3184	2790	1
3184	2867	1
3184	3194	1
3184	3231	1
3184	3441	1
3184	3503	1
3184	3515	1
3184	3598	1
3184	3642	1
3184	3649	1
3184	3853	1
3184	3978	1
3184	4043	1
3184	4063	1
3184	4080	1
3184	4130	1
3184	4219	1
3184	4521	1
3184	4689	1
3184	4787	1
3184	4915	1
3184	4974	1
3184	5116	1
3184	5350	1
3184	5435	1
3184	5552	1
3184	5607	1
3184	5707	1
3184	5842	1
3184	5937	1
3184	6071	1
3184	6089	1
3184	6289	1
3184	6485	1
3184	6542	1
3184	6694	1
3185	111	1
3185	362	1
3185	710	1
3185	798	1
3185	863	1
3185	1050	1
3185	1224	1
3185	1375	1
3185	1741	1
3185	2047	1
3185	2488	1
3185	2521	1
3185	2790	1
3185	2867	1
3185	3194	1
3185	3231	1
3185	3441	1
3185	3503	1
3185	3515	1
3185	3598	1
3185	3642	1
3185	3649	1
3185	3853	1
3185	3978	1
3185	4043	1
3185	4063	1
3185	4080	1
3185	4130	1
3185	4219	1
3185	4521	1
3185	4689	1
3185	4787	1
3185	4915	1
3185	4974	1
3185	5116	1
3185	5350	1
3185	5435	1
3185	5552	1
3185	5607	1
3185	5707	1
3185	5842	1
3185	5937	1
3185	6071	1
3185	6089	1
3185	6289	1
3185	6485	1
3185	6542	1
3185	6694	1
3186	1627	1
3186	4907	1
3186	5672	1
3186	6124	1
3186	6736	1
3186	7169	1
3188	3238	1
3189	3238	1
3191	927	1
3191	1152	1
3191	1382	1
3191	2122	1
3191	2533	1
3191	2760	1
3191	2796	1
3191	3861	1
3191	3981	1
3191	4222	1
3191	4427	1
3191	4612	1
3191	4727	1
3191	5413	1
3191	5421	1
3191	5463	1
3191	5962	1
3191	6058	1
3191	6106	1
3191	6387	1
3191	6437	1
3191	6484	1
3191	6772	1
3191	7269	1
3193	2001	1
3193	2318	1
3193	2962	1
3193	7112	1
3194	4681	1
3195	4681	1
3196	3003	1
3197	3003	1
3198	5544	1
3199	5544	1
3200	2433	1
3201	2433	1
3202	7335	1
3204	1837	1
3204	7300	1
3205	1837	1
3205	7300	1
3206	3188	1
3207	3188	1
3208	260	1
3209	260	1
3210	5123	1
3211	5123	1
3212	5456	1
3213	5456	1
3216	4606	1
3217	4606	1
3218	1545	1
3218	3242	1
3218	3375	1
3219	1545	1
3219	3242	1
3219	3375	1
3220	2032	1
3221	2032	1
3223	3513	1
3224	612	1
3224	2263	1
3224	4747	1
3225	612	1
3225	2263	1
3225	4747	1
3226	3679	1
3228	4359	1
3228	7311	1
3228	7314	1
3229	4359	1
3229	7311	1
3229	7314	1
3230	1291	1
3230	1664	1
3230	2378	1
3230	2968	1
3230	3660	1
3230	4390	1
3230	5391	1
3231	1291	1
3231	1664	1
3231	2378	1
3231	2968	1
3231	3660	1
3231	4390	1
3231	5391	1
3233	1226	1
3234	5065	1
3235	5065	1
3238	2617	1
3239	2617	1
3240	6303	1
3240	6611	1
3241	6303	1
3241	6611	1
3242	5930	1
3245	1924	1
3246	4025	1
3249	5153	1
3250	4633	1
3251	4633	1
3253	6617	1
3254	4899	1
3255	4899	1
3257	6466	1
3258	4569	1
3259	4569	1
3260	1631	1
3260	3252	1
3261	1631	1
3261	3252	1
3264	4012	1
3265	4012	1
3266	3931	1
3269	3244	1
3270	123	1
3271	123	1
3272	1018	1
3272	4494	1
3273	1018	1
3273	4494	1
3274	2607	1
3276	2443	1
3276	5482	1
3277	2443	1
3277	5482	1
3278	4281	1
3279	4281	1
3280	4116	1
3280	5088	1
3281	4116	1
3281	5088	1
3283	147	1
3283	4011	1
3285	766	1
3286	5582	1
3287	5582	1
3288	2103	1
3288	5705	1
3291	3667	1
3292	6991	1
3293	6991	1
3298	5965	1
3300	1475	1
3300	6169	1
3301	1475	1
3301	6169	1
3304	149	1
3304	2944	1
3305	149	1
3305	2944	1
3307	465	1
3307	3991	1
3308	1434	1
3309	1434	1
3310	3796	1
3311	3796	1
3313	5403	1
3314	5618	1
3316	3780	1
3317	3780	1
3318	955	1
3319	955	1
3320	1516	1
3322	51	1
3322	3373	1
3322	6641	1
3323	51	1
3323	3373	1
3323	6641	1
3324	1657	1
3324	3090	1
3324	4871	1
3324	6259	1
3326	1729	1
3327	1729	1
3328	3180	1
3330	4933	1
3331	4933	1
3332	2173	1
3333	2173	1
3334	1747	1
3334	2187	1
3334	2854	1
3334	2937	1
3334	3167	1
3334	3910	1
3334	4291	1
3334	4443	1
3334	5061	1
3334	5281	1
3334	5428	1
3334	5887	1
3334	5936	1
3334	6122	1
3334	6470	1
3334	6890	1
3334	6892	1
3334	6909	1
3335	1747	1
3335	2187	1
3335	2854	1
3335	2937	1
3335	3167	1
3335	3910	1
3335	4291	1
3335	4443	1
3335	5061	1
3335	5281	1
3335	5428	1
3335	5887	1
3335	5936	1
3335	6122	1
3335	6470	1
3335	6890	1
3335	6892	1
3335	6909	1
3337	2611	1
3337	5629	1
3337	5850	1
3338	7280	1
3339	7280	1
3341	235	1
3341	628	1
3341	2057	1
3341	6450	1
3342	2492	1
3342	6378	1
3343	2492	1
3343	6378	1
3344	293	1
3344	765	1
3344	1446	1
3344	2711	1
3344	4005	1
3344	5949	1
3344	6519	1
3348	2751	1
3348	5675	1
3349	2751	1
3349	5675	1
3350	953	1
3351	953	1
3352	1555	1
3352	3857	1
3353	1555	1
3353	3857	1
3354	4	1
3356	1209	1
3357	1209	1
3358	507	1
3359	507	1
3360	2780	1
3361	2780	1
3362	3155	1
3364	2565	1
3364	3609	1
3365	2565	1
3365	3609	1
3366	7093	1
3367	7093	1
3368	2346	1
3371	6990	1
3372	4737	1
3372	4998	1
3373	4737	1
3373	4998	1
3374	1256	1
3375	1256	1
3377	383	1
3378	5009	1
3379	5009	1
3380	5980	1
3381	5980	1
3382	4490	1
3385	62	1
3385	5381	1
3386	273	1
3386	3663	1
3387	273	1
3387	3663	1
3389	3045	1
3389	7342	1
3391	2046	1
3391	4009	1
3393	3547	1
3394	2188	1
3396	518	1
3397	518	1
3398	3657	1
3398	4296	1
3398	5425	1
3398	7195	1
3399	3657	1
3399	4296	1
3399	5425	1
3399	7195	1
3401	5178	1
3403	865	1
3405	926	1
3408	1785	1
3409	1785	1
3410	6604	1
3411	6604	1
3412	90	1
3412	3703	1
3413	90	1
3413	3703	1
3414	4504	1
3414	6912	1
3416	2064	1
3417	2064	1
3419	853	1
3419	1017	1
3420	4748	1
3422	5018	1
3423	5018	1
3424	1118	1
3425	1118	1
3426	6813	1
3428	3634	1
3429	3634	1
3430	6067	1
3431	6067	1
3432	3212	1
3432	7223	1
3433	3212	1
3433	7223	1
3434	176	1
3434	1149	1
3434	2006	1
3434	4428	1
3437	5489	1
3438	5989	1
3438	6203	1
3439	5989	1
3439	6203	1
3441	754	1
3441	5400	1
3442	589	1
3443	589	1
3444	2518	1
3444	6097	1
3445	2518	1
3445	6097	1
3449	6998	1
3452	1630	1
3452	2618	1
3452	3722	1
3453	1630	1
3453	2618	1
3453	3722	1
3455	2164	1
3457	4109	1
3460	6015	1
3462	5765	1
3463	5765	1
3464	915	1
3466	4450	1
3467	4450	1
3468	3908	1
3470	936	1
3471	936	1
3472	1618	1
3472	3337	1
3474	608	1
3474	5990	1
3477	4029	1
3479	594	1
3479	4301	1
3482	4571	1
3484	5805	1
3485	5805	1
3486	4712	1
3487	4712	1
3489	3821	1
3490	4028	1
3491	4028	1
3492	2399	1
3492	5420	1
3493	2399	1
3493	5420	1
3494	6880	1
3495	6880	1
3496	4139	1
3497	4139	1
3498	267	1
3499	267	1
3500	6351	1
3501	6351	1
3502	874	1
3502	973	1
3503	874	1
3503	973	1
3504	722	1
3505	722	1
3506	4001	1
3507	4001	1
3510	5157	1
3510	6111	1
3511	5157	1
3511	6111	1
3513	59	1
3513	426	1
3513	614	1
3513	922	1
3513	962	1
3513	982	1
3513	1156	1
3513	1465	1
3513	1527	1
3513	1560	1
3513	1963	1
3513	2459	1
3513	2633	1
3513	2640	1
3513	2924	1
3513	2928	1
3513	3096	1
3513	3158	1
3513	3440	1
3513	3493	1
3513	3502	1
3513	3827	1
3513	3950	1
3513	4103	1
3513	4185	1
3513	4312	1
3513	4377	1
3513	4524	1
3513	4751	1
3513	5068	1
3513	5128	1
3513	5208	1
3513	5311	1
3513	5631	1
3513	5674	1
3513	6052	1
3513	6190	1
3513	6468	1
3513	6739	1
3513	7120	1
3513	7190	1
3514	2406	1
3515	2406	1
3516	5192	1
3518	322	1
3518	2901	1
3519	322	1
3519	2901	1
3520	3482	1
3521	3482	1
3522	4385	1
3523	4385	1
3524	5861	1
3525	5861	1
3526	444	1
3526	5486	1
3527	444	1
3527	5486	1
3528	1672	1
3528	3187	1
3529	1672	1
3529	3187	1
3530	7156	1
3531	7156	1
3533	3618	1
3534	448	1
3534	627	1
3534	970	1
3534	1272	1
3534	1499	1
3534	2262	1
3534	2322	1
3534	2749	1
3534	2806	1
3534	2814	1
3534	2834	1
3534	3133	1
3534	3377	1
3534	3842	1
3534	3925	1
3534	4015	1
3534	4059	1
3534	4098	1
3534	5089	1
3534	5646	1
3534	5651	1
3534	5961	1
3534	5964	1
3534	5982	1
3534	6009	1
3534	6152	1
3534	6352	1
3534	6479	1
3534	6544	1
3534	6857	1
3534	7024	1
3534	7072	1
3534	7303	1
3535	448	1
3535	627	1
3535	970	1
3535	1272	1
3535	1499	1
3535	2262	1
3535	2322	1
3535	2749	1
3535	2806	1
3535	2814	1
3535	2834	1
3535	3133	1
3535	3377	1
3535	3842	1
3535	3925	1
3535	4015	1
3535	4059	1
3535	4098	1
3535	5089	1
3535	5646	1
3535	5651	1
3535	5961	1
3535	5964	1
3535	5982	1
3535	6009	1
3535	6152	1
3535	6352	1
3535	6479	1
3535	6544	1
3535	6857	1
3535	7024	1
3535	7072	1
3535	7303	1
3537	6563	1
3537	7002	1
3538	3556	1
3539	3556	1
3540	3294	1
3541	3294	1
3542	1538	1
3543	1538	1
3544	500	1
3545	500	1
3546	3343	1
3547	3343	1
3549	2835	1
3551	1441	1
3552	537	1
3553	537	1
3554	4823	1
3555	4823	1
3556	1174	1
3559	3436	1
3561	326	1
3562	4965	1
3564	6017	1
3565	6017	1
3566	5036	1
3566	6027	1
3566	7218	1
3567	5036	1
3567	6027	1
3567	7218	1
3569	1473	1
3569	1604	1
3569	4157	1
3570	4048	1
3574	1169	1
3575	1169	1
3577	1654	1
3577	1914	1
3577	5797	1
3578	575	1
3578	7236	1
3579	575	1
3579	7236	1
3580	3010	1
3580	6789	1
3581	3010	1
3581	6789	1
3582	2490	1
3582	3975	1
3583	2490	1
3583	3975	1
3584	7213	1
3585	7213	1
3586	987	1
3586	4221	1
3586	4686	1
3586	5473	1
3586	5603	1
3586	5632	1
3586	5766	1
3587	987	1
3587	4221	1
3587	4686	1
3587	5473	1
3587	5603	1
3587	5632	1
3587	5766	1
3590	289	1
3591	289	1
3592	1508	1
3593	1508	1
3594	358	1
3595	358	1
3597	2357	1
3599	3271	1
3600	4857	1
3603	4156	1
3604	5103	1
3605	5103	1
3607	2821	1
3608	2397	1
3608	4225	1
3609	2397	1
3609	4225	1
3610	2917	1
3611	2917	1
3612	1186	1
3613	1186	1
3614	2128	1
3615	2128	1
3616	1313	1
3617	1313	1
3618	6109	1
3619	6109	1
3620	6495	1
3621	6495	1
3623	1264	1
3624	3153	1
3625	3153	1
3626	2023	1
3626	6107	1
3629	237	1
3629	3186	1
3630	6547	1
3631	6547	1
3633	3109	1
3633	5455	1
3633	6338	1
3634	6201	1
3635	6201	1
3636	3453	1
3636	4115	1
3636	4538	1
3636	6891	1
3638	2048	1
3639	2048	1
3640	5388	1
3642	2718	1
3643	2718	1
3644	2317	1
3645	2317	1
3646	3129	1
3647	3129	1
3648	4035	1
3649	4035	1
3650	3292	1
3650	5569	1
3651	3292	1
3651	5569	1
3652	3956	1
3652	4163	1
3654	549	1
3655	549	1
3656	639	1
3656	1617	1
3656	2564	1
3656	4738	1
3656	5222	1
3657	639	1
3657	1617	1
3657	2564	1
3657	4738	1
3657	5222	1
3658	1032	1
3658	3305	1
3659	1032	1
3659	3305	1
3660	519	1
3660	4832	1
3660	6944	1
3661	519	1
3661	4832	1
3661	6944	1
3662	356	1
3662	3410	1
3662	6158	1
3663	356	1
3663	3410	1
3663	6158	1
3664	5160	1
3666	4056	1
3667	4056	1
3668	2416	1
3668	5809	1
3669	2416	1
3669	5809	1
3670	4950	1
3671	4950	1
3672	618	1
3672	1797	1
3672	4338	1
3672	5131	1
3672	5728	1
3672	6425	1
3672	6866	1
3673	618	1
3673	1797	1
3673	4338	1
3673	5131	1
3673	5728	1
3673	6425	1
3673	6866	1
3674	4077	1
3677	5013	1
3678	6442	1
3678	6938	1
3679	6442	1
3679	6938	1
3681	1312	1
3682	2495	1
3683	2495	1
3684	1807	1
3685	1807	1
3686	1983	1
3686	2739	1
3686	3048	1
3687	1983	1
3687	2739	1
3687	3048	1
3689	2117	1
3690	3059	1
3692	5950	1
3694	70	1
3694	2332	1
3694	6045	1
3695	70	1
3695	2332	1
3695	6045	1
3696	1831	1
3697	1831	1
3698	5333	1
3699	5333	1
3700	4637	1
3702	6090	1
3703	6090	1
3704	2771	1
3704	4380	1
3705	2771	1
3705	4380	1
3706	1948	1
3707	1948	1
3708	2787	1
3709	2787	1
3710	269	1
3710	2199	1
3711	269	1
3711	2199	1
3712	6835	1
3716	1789	1
3716	7030	1
3716	7062	1
3718	6664	1
3718	7117	1
3722	2351	1
3722	4884	1
3723	2351	1
3723	4884	1
3724	2545	1
3724	3171	1
3724	3872	1
3724	6804	1
3725	2545	1
3725	3171	1
3725	3872	1
3725	6804	1
3726	449	1
3727	449	1
3728	5373	1
3729	5373	1
3730	7304	1
3731	7304	1
3732	7034	1
3733	7034	1
3734	2334	1
3734	3590	1
3735	2334	1
3735	3590	1
3736	1030	1
3736	4617	1
3737	1030	1
3737	4617	1
3738	1257	1
3739	1257	1
3741	23	1
3742	2955	1
3742	3566	1
3743	2955	1
3743	3566	1
3744	1778	1
3746	845	1
3747	845	1
3748	153	1
3749	153	1
3750	2516	1
3750	3481	1
3750	3496	1
3750	4865	1
3751	2516	1
3751	3481	1
3751	3496	1
3751	4865	1
3752	6050	1
3752	7101	1
3753	6050	1
3753	7101	1
3754	2909	1
3754	3567	1
3754	6046	1
3754	6710	1
3754	6757	1
3754	7187	1
3756	1171	1
3756	2132	1
3756	4552	1
3756	6623	1
3757	1171	1
3757	2132	1
3757	4552	1
3757	6623	1
3758	382	1
3758	3469	1
3758	6682	1
3759	382	1
3759	3469	1
3759	6682	1
3761	1952	1
3763	1517	1
3764	393	1
3764	5580	1
3765	393	1
3765	5580	1
3766	829	1
3766	1436	1
3766	3689	1
3767	829	1
3767	1436	1
3767	3689	1
3769	5721	1
3772	5424	1
3776	1921	1
3777	1921	1
3778	2029	1
3778	2872	1
3778	6488	1
3779	2029	1
3779	2872	1
3779	6488	1
3781	1114	1
3782	280	1
3782	2086	1
3782	6952	1
3782	7289	1
3783	280	1
3783	2086	1
3783	6952	1
3783	7289	1
3784	3057	1
3786	5692	1
3787	5692	1
3789	6527	1
3790	562	1
3790	1895	1
3790	2707	1
3790	3957	1
3790	5330	1
3791	562	1
3791	1895	1
3791	2707	1
3791	3957	1
3791	5330	1
3792	178	1
3793	178	1
3794	291	1
3794	590	1
3794	592	1
3794	668	1
3794	776	1
3794	930	1
3794	981	1
3794	1004	1
3794	1395	1
3794	1971	1
3794	2350	1
3794	2487	1
3794	2552	1
3794	2686	1
3794	2750	1
3794	2770	1
3794	2830	1
3794	2890	1
3794	3489	1
3794	3509	1
3794	3588	1
3794	3631	1
3794	3635	1
3794	4134	1
3794	4245	1
3794	4346	1
3794	4399	1
3794	4511	1
3794	4621	1
3794	4639	1
3794	4684	1
3794	4940	1
3794	4958	1
3794	4979	1
3794	5094	1
3794	5119	1
3794	5233	1
3794	5245	1
3794	5501	1
3794	5562	1
3794	5635	1
3794	5677	1
3794	5723	1
3794	5773	1
3794	6004	1
3794	6137	1
3794	6314	1
3794	6482	1
3794	6550	1
3794	6684	1
3794	6798	1
3794	6829	1
3794	6831	1
3794	7003	1
3794	7142	1
3794	7168	1
3795	291	1
3795	590	1
3795	592	1
3795	668	1
3795	776	1
3795	930	1
3795	981	1
3795	1004	1
3795	1395	1
3795	1971	1
3795	2350	1
3795	2487	1
3795	2552	1
3795	2686	1
3795	2750	1
3795	2770	1
3795	2830	1
3795	2890	1
3795	3489	1
3795	3509	1
3795	3588	1
3795	3631	1
3795	3635	1
3795	4134	1
3795	4245	1
3795	4346	1
3795	4399	1
3795	4511	1
3795	4621	1
3795	4639	1
3795	4684	1
3795	4940	1
3795	4958	1
3795	4979	1
3795	5094	1
3795	5119	1
3795	5233	1
3795	5245	1
3795	5501	1
3795	5562	1
3795	5635	1
3795	5677	1
3795	5723	1
3795	5773	1
3795	6004	1
3795	6137	1
3795	6314	1
3795	6482	1
3795	6550	1
3795	6684	1
3795	6798	1
3795	6829	1
3795	6831	1
3795	7003	1
3795	7142	1
3795	7168	1
3796	2934	1
3797	2934	1
3798	4060	1
3799	4060	1
3801	3705	1
3801	5386	1
3801	7125	1
3802	1318	1
3803	1318	1
3805	1640	1
3806	1491	1
3807	1491	1
3808	4944	1
3810	1907	1
3810	5863	1
3811	1907	1
3811	5863	1
3812	828	1
3813	828	1
3814	3868	1
3817	243	1
3818	1809	1
3819	1809	1
3820	2729	1
3821	2729	1
3822	5097	1
3823	5097	1
3826	18	1
3827	18	1
3829	1542	1
3830	1485	1
3831	1485	1
3832	6982	1
3833	6982	1
3835	3979	1
3836	3581	1
3837	3581	1
3838	1120	1
3839	1120	1
3841	99	1
3842	1093	1
3842	6935	1
3844	3538	1
3845	3538	1
3846	4422	1
3848	3307	1
3850	88	1
3850	2833	1
3850	4963	1
3851	88	1
3851	2833	1
3851	4963	1
3853	3224	1
3854	5266	1
3854	5527	1
3854	6501	1
3855	5266	1
3855	5527	1
3855	6501	1
3856	4344	1
3857	4344	1
3859	5702	1
3861	2698	1
3861	2847	1
3861	3275	1
3861	5712	1
3861	6345	1
3862	4536	1
3863	4536	1
3864	1947	1
3864	5492	1
3864	5790	1
3865	1947	1
3865	5492	1
3865	5790	1
3866	873	1
3867	873	1
3868	2775	1
3869	2775	1
3870	5267	1
3871	5267	1
3872	4992	1
3874	2241	1
3875	2241	1
3876	6578	1
3877	6578	1
3879	557	1
3880	7095	1
3881	7095	1
3882	2807	1
3882	6180	1
3883	2807	1
3883	6180	1
3884	359	1
3884	2118	1
3884	3219	1
3884	5622	1
3885	359	1
3885	2118	1
3885	3219	1
3885	5622	1
3886	6401	1
3887	6401	1
3888	1321	1
3888	2719	1
3888	2861	1
3888	4551	1
3888	6008	1
3888	6310	1
3888	6936	1
3889	1321	1
3889	2719	1
3889	2861	1
3889	4551	1
3889	6008	1
3889	6310	1
3889	6936	1
3891	2964	1
3893	5517	1
3898	3356	1
3899	3356	1
3900	1861	1
3901	1861	1
3902	5140	1
3903	5140	1
3904	3386	1
3905	3386	1
3906	4850	1
3907	4850	1
3908	2868	1
3909	2868	1
3910	5829	1
3912	5078	1
3913	5078	1
3914	3824	1
3916	321	1
3916	3209	1
3917	321	1
3917	3209	1
3918	7133	1
3919	7133	1
3920	314	1
3921	314	1
3922	232	1
3922	1021	1
3922	3228	1
3923	232	1
3923	1021	1
3923	3228	1
3924	3492	1
3925	3492	1
3926	548	1
3926	836	1
3926	3624	1
3926	3885	1
3926	7009	1
3926	7175	1
3927	548	1
3927	836	1
3927	3624	1
3927	3885	1
3927	7009	1
3927	7175	1
3929	1662	1
3930	3355	1
3931	3355	1
3932	4890	1
3933	4890	1
3935	1938	1
3935	5050	1
3935	5645	1
3936	1323	1
3936	4596	1
3937	1323	1
3937	4596	1
3938	7245	1
3939	7245	1
3940	1889	1
3941	1889	1
3942	2076	1
3942	7286	1
3943	2076	1
3943	7286	1
3944	4409	1
3945	4409	1
3946	892	1
3946	1500	1
3946	3042	1
3946	3319	1
3946	3582	1
3949	4829	1
3950	2068	1
3951	2068	1
3952	827	1
3954	5410	1
3955	5410	1
3956	4022	1
3956	4657	1
3956	4745	1
3957	4022	1
3957	4657	1
3957	4745	1
3958	4766	1
3960	3266	1
3961	3266	1
3962	4601	1
3963	4601	1
3965	4169	1
3966	1956	1
3966	5359	1
3967	1956	1
3967	5359	1
3968	2388	1
3968	4313	1
3968	4647	1
3969	2388	1
3969	4313	1
3969	4647	1
3972	2630	1
3973	2630	1
3974	1131	1
3974	1541	1
3977	227	1
3977	4991	1
3977	5043	1
3978	528	1
3978	1046	1
3978	1438	1
3978	3840	1
3978	5389	1
3978	5787	1
3979	528	1
3979	1046	1
3979	1438	1
3979	3840	1
3979	5389	1
3979	5787	1
3981	1370	1
3982	277	1
3983	277	1
3984	5163	1
3985	5163	1
3986	2289	1
3987	2289	1
3988	372	1
3988	6994	1
3991	3488	1
3992	4564	1
3992	7343	1
3993	4564	1
3993	7343	1
3995	3230	1
3996	145	1
3998	850	1
3998	3093	1
3998	3255	1
3999	850	1
3999	3093	1
3999	3255	1
4002	2070	1
4004	5976	1
4005	5976	1
4006	2913	1
4006	5630	1
4006	6465	1
4007	2913	1
4007	5630	1
4007	6465	1
4008	2434	1
4010	4071	1
4012	6220	1
4013	6220	1
4014	2207	1
4015	2207	1
4017	7331	1
4019	3866	1
4020	6816	1
4023	2509	1
4024	1911	1
4024	2714	1
4024	3127	1
4024	5756	1
4025	1911	1
4025	2714	1
4025	3127	1
4025	5756	1
4026	3839	1
4026	6705	1
4027	3839	1
4027	6705	1
4028	177	1
4028	1275	1
4028	1285	1
4028	6810	1
4028	7064	1
4030	1083	1
4030	4456	1
4030	5865	1
4031	1083	1
4031	4456	1
4031	5865	1
4032	641	1
4033	641	1
4034	2884	1
4035	2884	1
4036	939	1
4036	2974	1
4038	4140	1
4039	4140	1
4040	4146	1
4041	4146	1
4042	1581	1
4043	1581	1
4044	458	1
4044	4272	1
4044	7145	1
4045	458	1
4045	4272	1
4045	7145	1
4046	4698	1
4047	4698	1
4048	379	1
4048	4599	1
4049	379	1
4049	4599	1
4050	642	1
4050	1306	1
4050	2558	1
4050	3098	1
4050	4192	1
4050	4447	1
4051	642	1
4051	1306	1
4051	2558	1
4051	3098	1
4051	4192	1
4051	4447	1
4052	5187	1
4053	5187	1
4055	511	1
4055	1071	1
4055	4430	1
4055	5056	1
4055	5735	1
4055	6339	1
4056	1140	1
4056	6671	1
4057	1140	1
4057	6671	1
4058	4903	1
4061	525	1
4062	911	1
4062	4557	1
4062	5477	1
4062	6404	1
4063	911	1
4063	4557	1
4063	5477	1
4063	6404	1
4064	4722	1
4065	4722	1
4067	4308	1
4068	6722	1
4070	2669	1
4071	2669	1
4072	3998	1
4073	3998	1
4074	239	1
4074	2862	1
4074	3843	1
4074	5308	1
4075	239	1
4075	2862	1
4075	3843	1
4075	5308	1
4076	5971	1
4077	5971	1
4078	1443	1
4078	2899	1
4078	6026	1
4079	1443	1
4079	2899	1
4079	6026	1
4080	171	1
4080	1084	1
4080	3534	1
4081	171	1
4081	1084	1
4081	3534	1
4082	72	1
4082	498	1
4082	1297	1
4082	1415	1
4082	1752	1
4082	1845	1
4082	1879	1
4082	2446	1
4082	2475	1
4082	2502	1
4082	2540	1
4082	3288	1
4082	3967	1
4082	4018	1
4082	5015	1
4082	5035	1
4082	6304	1
4082	6368	1
4082	6548	1
4082	6796	1
4082	6886	1
4082	7037	1
4082	7181	1
4082	7232	1
4083	72	1
4083	498	1
4083	1297	1
4083	1415	1
4083	1752	1
4083	1845	1
4083	1879	1
4083	2446	1
4083	2475	1
4083	2502	1
4083	2540	1
4083	3288	1
4083	3967	1
4083	4018	1
4083	5015	1
4083	5035	1
4083	6304	1
4083	6368	1
4083	6548	1
4083	6796	1
4083	6886	1
4083	7037	1
4083	7181	1
4083	7232	1
4084	6342	1
4085	6342	1
4086	3216	1
4086	4769	1
4087	3216	1
4087	4769	1
4090	5290	1
4090	5695	1
4091	5290	1
4091	5695	1
4092	4383	1
4094	423	1
4094	780	1
4094	1557	1
4094	2354	1
4094	2656	1
4094	2993	1
4094	3803	1
4094	3933	1
4094	4013	1
4094	4307	1
4094	4556	1
4094	4646	1
4094	4713	1
4094	4736	1
4094	4809	1
4094	5084	1
4094	6415	1
4094	6930	1
4095	423	1
4095	780	1
4095	1557	1
4095	2354	1
4095	2656	1
4095	2993	1
4095	3803	1
4095	3933	1
4095	4013	1
4095	4307	1
4095	4556	1
4095	4646	1
4095	4713	1
4095	4736	1
4095	4809	1
4095	5084	1
4095	6415	1
4095	6930	1
4097	712	1
4097	3452	1
4098	1136	1
4098	1207	1
4098	1887	1
4098	1950	1
4098	4250	1
4098	4487	1
4098	6319	1
4099	1136	1
4099	1207	1
4099	1887	1
4099	1950	1
4099	4250	1
4099	4487	1
4099	6319	1
4100	1794	1
4101	1794	1
4102	206	1
4103	206	1
4104	5995	1
4105	5995	1
4106	5855	1
4107	5855	1
4108	6706	1
4110	342	1
4110	4629	1
4110	5906	1
4111	342	1
4111	4629	1
4111	5906	1
4112	1607	1
4112	7140	1
4113	1607	1
4113	7140	1
4114	6677	1
4117	928	1
4118	2034	1
4119	2034	1
4121	5491	1
4121	5499	1
4121	5698	1
4121	6698	1
4122	113	1
4123	113	1
4124	5628	1
4126	3289	1
4127	3289	1
4128	1884	1
4128	2742	1
4128	4463	1
4128	5300	1
4129	1884	1
4129	2742	1
4129	4463	1
4129	5300	1
4130	556	1
4130	1096	1
4130	2651	1
4130	4220	1
4130	4830	1
4130	4911	1
4130	5998	1
4130	7068	1
4132	3844	1
4135	2878	1
4138	3388	1
4139	3388	1
4141	1647	1
4142	2077	1
4145	1739	1
4146	920	1
4146	2369	1
4147	920	1
4147	2369	1
4148	2304	1
4151	5659	1
4151	6216	1
4154	403	1
4154	3132	1
4154	5867	1
4154	6260	1
4155	403	1
4155	3132	1
4155	5867	1
4155	6260	1
4156	3257	1
4157	3257	1
4158	3573	1
4160	6240	1
4161	6240	1
4162	216	1
4163	216	1
4164	1412	1
4164	1492	1
4164	2575	1
4164	2659	1
4164	6373	1
4165	1412	1
4165	1492	1
4165	2575	1
4165	2659	1
4165	6373	1
4166	84	1
4167	84	1
4169	6234	1
4170	5176	1
4171	5176	1
4172	2851	1
4172	2910	1
4173	2851	1
4173	2910	1
4174	6274	1
4175	6274	1
4176	3891	1
4178	2082	1
4179	2082	1
4180	431	1
4181	431	1
4183	2569	1
4184	44	1
4185	44	1
4186	6574	1
4186	6593	1
4187	6574	1
4187	6593	1
4188	5807	1
4189	5807	1
4191	1790	1
4192	3726	1
4192	5360	1
4193	3726	1
4193	5360	1
4194	3427	1
4195	3427	1
4196	870	1
4196	2342	1
4196	2853	1
4197	870	1
4197	2342	1
4197	2853	1
4198	496	1
4199	496	1
4200	261	1
4201	261	1
4202	2161	1
4203	2161	1
4204	4252	1
4205	4252	1
4206	3869	1
4208	5196	1
4210	1037	1
4210	7013	1
4215	2359	1
4217	1623	1
4217	1961	1
4217	4510	1
4218	2587	1
4218	2766	1
4218	4073	1
4218	4598	1
4218	6539	1
4219	2587	1
4219	2766	1
4219	4073	1
4219	4598	1
4219	6539	1
4220	460	1
4222	5644	1
4223	5644	1
4224	1886	1
4226	5803	1
4227	5803	1
4228	1620	1
4228	2891	1
4228	3522	1
4228	4676	1
4228	4820	1
4230	2815	1
4232	7319	1
4233	7319	1
4235	4143	1
4236	1304	1
4236	4515	1
4237	1304	1
4237	4515	1
4238	131	1
4238	4362	1
4239	131	1
4239	4362	1
4240	3240	1
4240	3873	1
4241	3240	1
4241	3873	1
4242	3125	1
4243	3125	1
4246	334	1
4246	1779	1
4247	334	1
4247	1779	1
4248	6785	1
4249	6785	1
4250	5611	1
4252	4486	1
4254	6087	1
4256	3313	1
4258	4010	1
4259	4010	1
4260	3432	1
4260	4616	1
4262	3077	1
4263	3077	1
4264	714	1
4265	714	1
4266	840	1
4268	1551	1
4270	4052	1
4271	4052	1
4272	1183	1
4273	1183	1
4274	7027	1
4276	4442	1
4278	2331	1
4278	6538	1
4279	2331	1
4279	6538	1
4280	2997	1
4280	6294	1
4281	2997	1
4281	6294	1
4282	6429	1
4283	6429	1
4284	3858	1
4285	3858	1
4286	3487	1
4286	6483	1
4287	3487	1
4287	6483	1
4288	4692	1
4289	4692	1
4291	1783	1
4292	3308	1
4292	5258	1
4292	6901	1
4293	3308	1
4293	5258	1
4293	6901	1
4294	7092	1
4295	7092	1
4296	74	1
4297	74	1
4298	1225	1
4298	1372	1
4299	1225	1
4299	1372	1
4300	5605	1
4301	5605	1
4302	2755	1
4302	5025	1
4303	2755	1
4303	5025	1
4304	752	1
4305	752	1
4306	1261	1
4306	1853	1
4306	4393	1
4307	1261	1
4307	1853	1
4307	4393	1
4308	7310	1
4309	7310	1
4310	2099	1
4311	2099	1
4312	998	1
4312	6648	1
4312	6652	1
4312	6773	1
4314	5341	1
4315	5341	1
4317	3197	1
4318	2879	1
4318	3677	1
4319	2879	1
4319	3677	1
4320	1521	1
4321	1521	1
4323	5201	1
4326	1190	1
4326	2283	1
4327	1190	1
4327	2283	1
4328	4913	1
4329	4913	1
4332	4894	1
4333	4894	1
4334	3365	1
4334	5508	1
4334	6018	1
4334	7297	1
4335	3365	1
4335	5508	1
4335	6018	1
4335	7297	1
4336	2114	1
4337	2114	1
4338	1023	1
4340	3189	1
4341	3189	1
4343	7083	1
4344	4999	1
4345	4999	1
4346	954	1
4346	4665	1
4347	954	1
4347	4665	1
4348	4724	1
4348	5324	1
4349	4724	1
4349	5324	1
4350	3009	1
4351	3009	1
4352	272	1
4352	620	1
4352	802	1
4352	1637	1
4352	1796	1
4352	2234	1
4352	2255	1
4352	2267	1
4352	2310	1
4352	2500	1
4352	3148	1
4352	3879	1
4352	4014	1
4352	4090	1
4352	4309	1
4352	4619	1
4352	4794	1
4352	4934	1
4352	5159	1
4352	5315	1
4352	5642	1
4352	5681	1
4352	5888	1
4352	5999	1
4352	6120	1
4352	6185	1
4352	6199	1
4352	6478	1
4352	6486	1
4352	6514	1
4352	6606	1
4352	6703	1
4352	7103	1
4352	7185	1
4352	7216	1
4353	272	1
4353	620	1
4353	802	1
4353	1637	1
4353	1796	1
4353	2234	1
4353	2255	1
4353	2267	1
4353	2310	1
4353	2500	1
4353	3148	1
4353	3879	1
4353	4014	1
4353	4090	1
4353	4309	1
4353	4619	1
4353	4794	1
4353	4934	1
4353	5159	1
4353	5315	1
4353	5642	1
4353	5681	1
4353	5888	1
4353	5999	1
4353	6120	1
4353	6185	1
4353	6199	1
4353	6478	1
4353	6486	1
4353	6514	1
4353	6606	1
4353	6703	1
4353	7103	1
4353	7185	1
4353	7216	1
4354	629	1
4354	5978	1
4355	629	1
4355	5978	1
4356	665	1
4358	3457	1
4359	3457	1
4360	1869	1
4360	3699	1
4361	1869	1
4361	3699	1
4362	972	1
4363	972	1
4366	1959	1
4367	1959	1
4368	1582	1
4369	1582	1
4370	4188	1
4371	4188	1
4372	3254	1
4373	3254	1
4374	317	1
4375	317	1
4379	4826	1
4381	670	1
4381	4602	1
4381	4786	1
4381	6075	1
4382	2779	1
4383	2779	1
4384	2168	1
4384	2632	1
4384	5316	1
4384	5339	1
4385	2168	1
4385	2632	1
4385	5316	1
4385	5339	1
4387	250	1
4388	5423	1
4388	7085	1
4389	5423	1
4389	7085	1
4390	3164	1
4391	3164	1
4392	3303	1
4393	3303	1
4395	4181	1
4395	4833	1
4396	3429	1
4397	3429	1
4398	1192	1
4398	1917	1
4398	3783	1
4398	4582	1
4399	1192	1
4399	1917	1
4399	3783	1
4399	4582	1
4400	5004	1
4401	5004	1
4403	4778	1
4404	762	1
4405	762	1
4406	3348	1
4406	3781	1
4407	3348	1
4407	3781	1
4409	5621	1
4410	5524	1
4411	5524	1
4412	1277	1
4412	1398	1
4412	1509	1
4412	1694	1
4412	3013	1
4412	3962	1
4412	4235	1
4412	5229	1
4412	5759	1
4412	6797	1
4412	7261	1
4413	1277	1
4413	1398	1
4413	1509	1
4413	1694	1
4413	3013	1
4413	3962	1
4413	4235	1
4413	5229	1
4413	5759	1
4413	6797	1
4413	7261	1
4414	3980	1
4415	3980	1
4416	4361	1
4416	6675	1
4417	4361	1
4417	6675	1
4419	2157	1
4419	2301	1
4420	6332	1
4421	6332	1
4422	3232	1
4424	3354	1
4425	3354	1
4426	4853	1
4427	4853	1
4428	6139	1
4429	6139	1
4430	3446	1
4431	3446	1
4432	6085	1
4433	6085	1
4434	491	1
4435	491	1
4436	1119	1
4437	1119	1
4438	1704	1
4439	1704	1
4443	5197	1
4444	2622	1
4445	2622	1
4446	5566	1
4448	1298	1
4449	1298	1
4450	886	1
4450	1890	1
4452	696	1
4453	696	1
4455	4325	1
4455	6583	1
4456	93	1
4456	429	1
4457	93	1
4457	429	1
4459	1345	1
4462	195	1
4464	5384	1
4466	2789	1
4467	2789	1
4468	7229	1
4469	7229	1
4470	357	1
4470	2141	1
4470	4528	1
4470	5903	1
4471	357	1
4471	2141	1
4471	4528	1
4471	5903	1
4472	1665	1
4473	1665	1
4474	6	1
4475	6	1
4477	3243	1
4477	4964	1
4478	2383	1
4480	3138	1
4480	4075	1
4480	5533	1
4482	256	1
4485	4230	1
4487	6620	1
4488	3314	1
4488	4396	1
4488	5848	1
4488	6080	1
4489	3314	1
4489	4396	1
4489	5848	1
4489	6080	1
4490	801	1
4490	5452	1
4491	801	1
4491	5452	1
4492	3221	1
4493	3221	1
4494	3546	1
4495	3546	1
4496	678	1
4496	1880	1
4496	3560	1
4496	6950	1
4498	1608	1
4499	1608	1
4500	7313	1
4502	6449	1
4503	6449	1
4504	5179	1
4505	5179	1
4507	138	1
4508	6992	1
4509	6992	1
4510	679	1
4512	175	1
4512	2923	1
4512	3296	1
4512	4586	1
4512	6759	1
4513	175	1
4513	2923	1
4513	3296	1
4513	4586	1
4513	6759	1
4514	6919	1
4516	584	1
4516	758	1
4516	5441	1
4517	584	1
4517	758	1
4517	5441	1
4518	4757	1
4519	4757	1
4520	2613	1
4521	2613	1
4522	4257	1
4523	4257	1
4524	3005	1
4525	3005	1
4526	5158	1
4527	5158	1
4528	991	1
4528	2256	1
4528	3061	1
4528	3499	1
4528	4966	1
4528	5066	1
4528	6803	1
4530	4768	1
4531	4768	1
4533	2794	1
4534	1430	1
4535	1430	1
4536	7226	1
4537	7226	1
4538	1176	1
4538	2461	1
4538	2598	1
4538	2829	1
4538	3330	1
4538	4036	1
4538	4544	1
4538	5180	1
4538	6105	1
4538	6251	1
4538	6717	1
4538	6967	1
4538	7098	1
4539	1176	1
4539	2461	1
4539	2598	1
4539	2829	1
4539	3330	1
4539	4036	1
4539	4544	1
4539	5180	1
4539	6105	1
4539	6251	1
4539	6717	1
4539	6967	1
4539	7098	1
4540	2538	1
4540	6395	1
4541	2538	1
4541	6395	1
4543	1239	1
4545	2055	1
4546	897	1
4547	897	1
4548	6844	1
4551	504	1
4551	1474	1
4552	2725	1
4553	2725	1
4554	2791	1
4555	2791	1
4556	2137	1
4556	4799	1
4556	6454	1
4558	5171	1
4560	1326	1
4561	1326	1
4564	3017	1
4565	3017	1
4566	4631	1
4566	6205	1
4567	4631	1
4567	6205	1
4568	4817	1
4571	6307	1
4572	5921	1
4573	5921	1
4574	934	1
4574	1421	1
4574	2387	1
4575	934	1
4575	1421	1
4575	2387	1
4576	630	1
4576	878	1
4577	630	1
4577	878	1
4578	1243	1
4579	1243	1
4581	1266	1
4581	5802	1
4582	527	1
4582	563	1
4582	941	1
4582	1471	1
4582	1710	1
4582	1760	1
4582	2092	1
4582	2138	1
4582	2572	1
4582	2589	1
4582	2727	1
4582	3033	1
4582	3103	1
4582	3310	1
4582	3601	1
4582	3753	1
4582	3774	1
4582	3786	1
4582	4069	1
4582	4102	1
4582	4162	1
4582	4321	1
4582	4464	1
4582	5077	1
4582	5262	1
4582	5586	1
4582	6123	1
4582	6207	1
4582	6536	1
4582	6689	1
4582	6767	1
4582	6779	1
4582	7025	1
4582	7058	1
4582	7086	1
4582	7158	1
4582	7193	1
4583	527	1
4583	563	1
4583	941	1
4583	1471	1
4583	1710	1
4583	1760	1
4583	2092	1
4583	2138	1
4583	2572	1
4583	2589	1
4583	2727	1
4583	3033	1
4583	3103	1
4583	3310	1
4583	3601	1
4583	3753	1
4583	3774	1
4583	3786	1
4583	4069	1
4583	4102	1
4583	4162	1
4583	4321	1
4583	4464	1
4583	5077	1
4583	5262	1
4583	5586	1
4583	6123	1
4583	6207	1
4583	6536	1
4583	6689	1
4583	6767	1
4583	6779	1
4583	7025	1
4583	7058	1
4583	7086	1
4583	7158	1
4583	7193	1
4584	454	1
4584	582	1
4584	604	1
4584	871	1
4584	921	1
4584	1007	1
4584	1013	1
4584	1260	1
4584	3273	1
4584	3941	1
4584	4417	1
4584	5167	1
4584	6287	1
4584	6658	1
4584	7028	1
4585	454	1
4585	582	1
4585	604	1
4585	871	1
4585	921	1
4585	1007	1
4585	1013	1
4585	1260	1
4585	3273	1
4585	3941	1
4585	4417	1
4585	5167	1
4585	6287	1
4585	6658	1
4585	7028	1
4586	890	1
4586	4590	1
4586	6820	1
4587	890	1
4587	4590	1
4587	6820	1
4589	5286	1
4590	2384	1
4592	355	1
4594	1634	1
4594	3768	1
4594	4840	1
4594	7071	1
4595	1634	1
4595	3768	1
4595	4840	1
4595	7071	1
4596	3456	1
4596	4993	1
4598	4785	1
4599	4785	1
4600	5168	1
4600	6347	1
4603	83	1
4603	750	1
4603	1020	1
4603	1055	1
4603	1470	1
4603	1552	1
4603	1855	1
4603	2548	1
4603	2672	1
4603	3043	1
4603	3333	1
4603	3382	1
4603	3400	1
4603	3731	1
4603	3993	1
4603	4065	1
4603	4135	1
4603	4412	1
4603	4526	1
4603	4653	1
4603	4668	1
4603	5076	1
4603	5310	1
4603	5436	1
4603	5490	1
4603	5596	1
4603	5663	1
4603	5727	1
4603	6096	1
4603	6286	1
4603	6384	1
4603	6462	1
4603	6945	1
4603	7033	1
4603	7094	1
4603	7176	1
4603	7276	1
4605	6209	1
4606	375	1
4607	375	1
4608	313	1
4609	313	1
4610	2631	1
4611	2631	1
4612	1016	1
4612	1599	1
4612	1659	1
4612	2280	1
4612	2712	1
4612	3259	1
4612	3687	1
4612	5113	1
4612	6033	1
4612	6388	1
4613	1016	1
4613	1599	1
4613	1659	1
4613	2280	1
4613	2712	1
4613	3259	1
4613	3687	1
4613	5113	1
4613	6033	1
4613	6388	1
4614	2988	1
4615	2988	1
4616	3707	1
4617	3707	1
4618	1737	1
4622	2658	1
4627	945	1
4627	1058	1
4627	2291	1
4627	3304	1
4627	3949	1
4627	5141	1
4627	6598	1
4628	957	1
4628	1445	1
4628	1733	1
4628	2249	1
4628	2588	1
4628	3311	1
4628	3347	1
4628	3691	1
4628	6272	1
4628	7210	1
4630	2124	1
4631	2124	1
4632	3034	1
4633	3034	1
4634	2600	1
4636	3589	1
4637	3589	1
4639	3498	1
4640	3027	1
4640	6959	1
4641	3027	1
4641	6959	1
4645	2883	1
4648	5458	1
4649	5458	1
4650	5259	1
4651	5259	1
4652	2232	1
4653	2232	1
4654	6697	1
4655	6697	1
4656	6635	1
4658	2244	1
4659	2244	1
4660	1708	1
4662	5834	1
4663	5834	1
4664	67	1
4664	7129	1
4665	67	1
4665	7129	1
4666	2451	1
4666	7199	1
4667	2451	1
4667	7199	1
4670	3398	1
4671	3398	1
4672	2274	1
4673	2274	1
4674	4914	1
4675	4914	1
4676	2294	1
4677	2294	1
4678	2570	1
4679	2570	1
4680	4728	1
4681	4728	1
4683	5108	1
4684	1549	1
4685	1549	1
4687	4725	1
4689	1287	1
4690	85	1
4690	3558	1
4690	6510	1
4690	7050	1
4691	85	1
4691	3558	1
4691	6510	1
4691	7050	1
4692	3835	1
4693	3835	1
4694	6062	1
4695	6062	1
4696	3542	1
4697	3542	1
4698	281	1
4698	4370	1
4698	4709	1
4698	5411	1
4699	281	1
4699	4370	1
4699	4709	1
4699	5411	1
4701	778	1
4701	1036	1
4701	1793	1
4701	2270	1
4701	2991	1
4701	6293	1
4703	544	1
4703	883	1
4703	1463	1
4703	1873	1
4703	2499	1
4703	2547	1
4703	2650	1
4703	2945	1
4703	4099	1
4703	4507	1
4703	4912	1
4703	6044	1
4703	6730	1
4704	1786	1
4705	1786	1
4707	3900	1
4707	4097	1
4708	3102	1
4710	6609	1
4711	6609	1
4713	3086	1
4714	1410	1
4717	7122	1
4718	1453	1
4720	3812	1
4720	5653	1
4721	3812	1
4721	5653	1
4722	2431	1
4724	1984	1
4725	1984	1
4726	5213	1
4727	5213	1
4728	1014	1
4728	1437	1
4728	3746	1
4728	6576	1
4729	1014	1
4729	1437	1
4729	3746	1
4729	6576	1
4730	2213	1
4732	136	1
4732	2211	1
4732	2366	1
4732	2932	1
4732	3344	1
4732	4371	1
4732	5493	1
4732	5505	1
4732	6750	1
4733	136	1
4733	2211	1
4733	2366	1
4733	2932	1
4733	3344	1
4733	4371	1
4733	5493	1
4733	5505	1
4733	6750	1
4734	1803	1
4734	4548	1
4734	5107	1
4734	5503	1
4734	5741	1
4735	1803	1
4735	4548	1
4735	5107	1
4735	5503	1
4735	5741	1
4736	6360	1
4737	6360	1
4738	212	1
4738	3659	1
4739	212	1
4739	3659	1
4740	276	1
4741	276	1
4742	483	1
4742	3653	1
4743	483	1
4743	3653	1
4744	3565	1
4745	3565	1
4746	7084	1
4747	7084	1
4750	4512	1
4751	4512	1
4752	4971	1
4753	4971	1
4755	1110	1
4755	1716	1
4756	4630	1
4757	4630	1
4758	617	1
4758	769	1
4758	3079	1
4758	3105	1
4758	3968	1
4758	4196	1
4758	4209	1
4758	6125	1
4758	7208	1
4759	617	1
4759	769	1
4759	3079	1
4759	3105	1
4759	3968	1
4759	4196	1
4759	4209	1
4759	6125	1
4759	7208	1
4760	184	1
4761	184	1
4762	182	1
4762	5701	1
4763	182	1
4763	5701	1
4764	1029	1
4764	2469	1
4764	4470	1
4764	5414	1
4765	1029	1
4765	2469	1
4765	4470	1
4765	5414	1
4766	5145	1
4767	5145	1
4768	7049	1
4770	4280	1
4771	4280	1
4772	3396	1
4774	4070	1
4774	5994	1
4775	4070	1
4775	5994	1
4776	196	1
4778	6869	1
4779	6869	1
4780	4730	1
4781	4730	1
4782	2005	1
4782	2849	1
4783	2005	1
4783	2849	1
4785	5427	1
4787	2016	1
4788	6261	1
4789	6261	1
4790	3587	1
4791	3587	1
4792	5270	1
4793	5270	1
4794	130	1
4795	130	1
4796	5121	1
4796	7182	1
4797	5121	1
4797	7182	1
4800	1942	1
4800	6410	1
4801	1942	1
4801	6410	1
4802	1283	1
4802	2380	1
4802	2427	1
4802	5502	1
4802	6366	1
4802	6389	1
4802	6406	1
4802	7244	1
4803	1283	1
4803	2380	1
4803	2427	1
4803	5502	1
4803	6366	1
4803	6389	1
4803	6406	1
4803	7244	1
4804	586	1
4804	3638	1
4805	586	1
4805	3638	1
4806	6178	1
4807	6178	1
4808	3200	1
4809	3200	1
4810	2753	1
4810	4159	1
4811	2753	1
4811	4159	1
4813	558	1
4814	2634	1
4814	3097	1
4815	2634	1
4815	3097	1
4816	5382	1
4817	5382	1
4820	2320	1
4821	2320	1
4822	5225	1
4823	5225	1
4824	4605	1
4825	4605	1
4826	5662	1
4827	5662	1
4828	3174	1
4829	3174	1
4830	1090	1
4830	2695	1
4830	4659	1
4830	5792	1
4831	1090	1
4831	2695	1
4831	4659	1
4831	5792	1
4832	5000	1
4833	5000	1
4834	2337	1
4835	2337	1
4836	347	1
4837	347	1
4838	5104	1
4839	5104	1
4840	5854	1
4841	5854	1
4842	1997	1
4843	1997	1
4844	820	1
4845	820	1
4847	34	1
4848	1223	1
4849	1223	1
4851	2275	1
4852	4210	1
4852	6372	1
4853	4210	1
4853	6372	1
4854	5510	1
4855	5510	1
4856	516	1
4858	7222	1
4859	7222	1
4860	165	1
4860	1157	1
4861	165	1
4861	1157	1
4863	1222	1
4864	3076	1
4864	6222	1
4864	7167	1
4866	698	1
4867	698	1
4869	625	1
4870	4811	1
4871	4811	1
4872	4648	1
4873	4648	1
4874	1909	1
4875	1909	1
4876	2774	1
4877	2774	1
4878	3004	1
4880	6295	1
4882	1531	1
4883	1531	1
4885	3945	1
4885	4114	1
4886	4503	1
4887	4503	1
4888	1715	1
4888	3915	1
4889	1715	1
4889	3915	1
4890	1027	1
4890	7200	1
4891	1027	1
4891	7200	1
4892	4329	1
4892	4671	1
4892	5752	1
4892	6937	1
4893	4329	1
4893	4671	1
4893	5752	1
4893	6937	1
4896	5708	1
4897	5708	1
4898	993	1
4899	993	1
4900	3317	1
4901	3317	1
4902	4673	1
4903	4673	1
4904	6150	1
4905	6150	1
4906	5878	1
4906	6463	1
4907	5878	1
4907	6463	1
4908	9	1
4909	9	1
4911	305	1
4911	960	1
4911	3880	1
4911	3939	1
4911	5063	1
4911	5203	1
4911	6791	1
4911	7035	1
4911	7055	1
4912	1699	1
4912	7203	1
4916	3525	1
4916	3822	1
4918	4720	1
4919	4720	1
4920	834	1
4920	2682	1
4920	2915	1
4920	4037	1
4920	5234	1
4920	5504	1
4920	5716	1
4921	834	1
4921	2682	1
4921	2915	1
4921	4037	1
4921	5234	1
4921	5504	1
4921	5716	1
4922	1575	1
4924	2482	1
4924	6496	1
4925	2482	1
4925	6496	1
4926	188	1
4927	188	1
4928	3334	1
4928	5358	1
4929	3334	1
4929	5358	1
4930	7278	1
4931	7278	1
4932	4217	1
4933	4217	1
4935	5736	1
4937	2689	1
4937	3455	1
4937	6435	1
4938	3301	1
4939	3301	1
4941	1728	1
4942	159	1
4943	159	1
4945	2089	1
4946	3015	1
4947	3015	1
4948	5039	1
4948	5893	1
4949	5039	1
4949	5893	1
4950	831	1
4950	1724	1
4950	5772	1
4950	6092	1
4951	831	1
4951	1724	1
4951	5772	1
4951	6092	1
4952	1352	1
4952	2075	1
4954	7116	1
4955	7116	1
4956	4378	1
4957	4378	1
4958	3352	1
4959	3352	1
4961	1584	1
4961	7238	1
4963	167	1
4963	1281	1
4963	1462	1
4963	1559	1
4963	2236	1
4963	2368	1
4963	2409	1
4963	2636	1
4963	3263	1
4963	3644	1
4963	5188	1
4963	5467	1
4963	5509	1
4963	5885	1
4963	6232	1
4963	6471	1
4963	6934	1
4964	1397	1
4965	1397	1
4966	2194	1
4966	5633	1
4966	6751	1
4970	6873	1
4974	3610	1
4976	786	1
4976	1442	1
4977	786	1
4977	1442	1
4978	2341	1
4980	3666	1
4981	3666	1
4982	3754	1
4982	3946	1
4982	6176	1
4983	3754	1
4983	3946	1
4983	6176	1
4984	1231	1
4985	1231	1
4986	251	1
4986	4643	1
4986	6380	1
4987	251	1
4987	4643	1
4987	6380	1
4988	6250	1
4989	6250	1
4990	1241	1
4991	1241	1
4992	7076	1
4993	7076	1
4994	6474	1
4995	6474	1
4996	4803	1
4997	4803	1
4999	304	1
5004	7080	1
5005	7080	1
5006	1841	1
5007	1841	1
5008	3486	1
5010	2717	1
5010	3434	1
5012	2614	1
5012	5099	1
5013	2614	1
5013	5099	1
5014	7285	1
5015	7285	1
5016	1099	1
5017	1099	1
5018	2951	1
5018	5856	1
5019	2951	1
5019	5856	1
5021	50	1
5022	2748	1
5023	2748	1
5024	2279	1
5025	2279	1
5029	1934	1
5029	2641	1
5030	6145	1
5031	6145	1
5032	520	1
5033	520	1
5034	755	1
5034	3788	1
5034	5592	1
5035	755	1
5035	3788	1
5035	5592	1
5037	6512	1
5038	61	1
5038	3407	1
5040	513	1
5040	3674	1
5041	513	1
5041	3674	1
5042	4155	1
5042	6179	1
5044	3130	1
5045	3130	1
5046	1850	1
5046	6931	1
5047	1850	1
5047	6931	1
5048	5922	1
5049	5922	1
5050	6555	1
5051	6555	1
5052	602	1
5052	3175	1
5053	602	1
5053	3175	1
5054	274	1
5057	6766	1
5058	2174	1
5058	3415	1
5058	7131	1
5058	7160	1
5060	482	1
5060	1310	1
5061	482	1
5061	1310	1
5063	1650	1
5063	5143	1
5064	581	1
5065	581	1
5066	392	1
5069	1336	1
5071	346	1
5072	395	1
5073	395	1
5074	3124	1
5075	3124	1
5076	422	1
5079	6211	1
5081	405	1
5082	2912	1
5083	2912	1
5084	1692	1
5084	2498	1
5085	1692	1
5085	2498	1
5086	1309	1
5086	2175	1
5086	4263	1
5087	1309	1
5087	2175	1
5087	4263	1
5088	6403	1
5089	6403	1
5090	4086	1
5091	4086	1
5092	1419	1
5093	1419	1
5094	4237	1
5098	5397	1
5099	5397	1
5100	2191	1
5101	2191	1
5102	101	1
5102	1364	1
5102	1998	1
5102	3628	1
5102	3720	1
5102	5598	1
5103	101	1
5103	1364	1
5103	1998	1
5103	3628	1
5103	3720	1
5103	5598	1
5104	6189	1
5105	6189	1
5106	734	1
5107	734	1
5108	6327	1
5110	540	1
5110	5304	1
5111	540	1
5111	5304	1
5112	5082	1
5112	5874	1
5113	5082	1
5113	5874	1
5114	4886	1
5115	4886	1
5116	1700	1
5117	1700	1
5118	4259	1
5119	4259	1
5120	4563	1
5120	7107	1
5121	4563	1
5121	7107	1
5122	3617	1
5123	3617	1
5124	707	1
5124	5162	1
5124	6456	1
5125	707	1
5125	5162	1
5125	6456	1
5126	1701	1
5126	2472	1
5127	1701	1
5127	2472	1
5128	4318	1
5129	4318	1
5130	5205	1
5130	5770	1
5130	6870	1
5133	5202	1
5134	1944	1
5135	1944	1
5136	215	1
5138	472	1
5138	621	1
5138	1148	1
5138	2386	1
5138	2474	1
5138	4542	1
5138	6475	1
5138	6775	1
5139	472	1
5139	621	1
5139	1148	1
5139	2386	1
5139	2474	1
5139	4542	1
5139	6475	1
5139	6775	1
5140	2104	1
5141	2104	1
5142	408	1
5143	408	1
5144	503	1
5144	2405	1
5145	503	1
5145	2405	1
5146	45	1
5146	907	1
5146	1274	1
5146	2715	1
5147	45	1
5147	907	1
5147	1274	1
5147	2715	1
5148	6915	1
5150	141	1
5152	3425	1
5153	3425	1
5154	446	1
5155	446	1
5156	2327	1
5157	2327	1
5158	5846	1
5159	5846	1
5160	4758	1
5161	4758	1
5163	4201	1
5164	3094	1
5165	3094	1
5166	1814	1
5166	4141	1
5166	5132	1
5166	5174	1
5169	6162	1
5170	1920	1
5171	1920	1
5172	4558	1
5172	6219	1
5173	4558	1
5173	6219	1
5174	2534	1
5174	6760	1
5175	2534	1
5175	6760	1
5176	1424	1
5176	5058	1
5176	7202	1
5177	1424	1
5177	5058	1
5177	7202	1
5178	6318	1
5179	6318	1
5180	5246	1
5182	1035	1
5182	1799	1
5182	2020	1
5182	2126	1
5182	3751	1
5182	4093	1
5182	4849	1
5183	1035	1
5183	1799	1
5183	2020	1
5183	2126	1
5183	3751	1
5183	4093	1
5183	4849	1
5184	6061	1
5185	6061	1
5186	487	1
5186	502	1
5186	1077	1
5186	1576	1
5186	1756	1
5186	1900	1
5186	2178	1
5186	2362	1
5186	2389	1
5186	2401	1
5186	3549	1
5186	3882	1
5186	3922	1
5186	4342	1
5186	4479	1
5186	5062	1
5186	5081	1
5186	5265	1
5186	5276	1
5186	5394	1
5186	5442	1
5186	5668	1
5186	6037	1
5186	6883	1
5186	6914	1
5187	487	1
5187	502	1
5187	1077	1
5187	1576	1
5187	1756	1
5187	1900	1
5187	2178	1
5187	2362	1
5187	2389	1
5187	2401	1
5187	3549	1
5187	3882	1
5187	3922	1
5187	4342	1
5187	4479	1
5187	5062	1
5187	5081	1
5187	5265	1
5187	5276	1
5187	5394	1
5187	5442	1
5187	5668	1
5187	6037	1
5187	6883	1
5187	6914	1
5189	5402	1
5192	7273	1
5193	7273	1
5194	2239	1
5194	2312	1
5194	2803	1
5194	3472	1
5194	3719	1
5195	2239	1
5195	2312	1
5195	2803	1
5195	3472	1
5195	3719	1
5196	2223	1
5197	2223	1
5198	860	1
5198	2323	1
5199	860	1
5199	2323	1
5200	2	1
5200	2418	1
5201	2	1
5201	2418	1
5202	6023	1
5203	6023	1
5204	6164	1
5205	6164	1
5206	1380	1
5206	5431	1
5207	1380	1
5207	5431	1
5208	3886	1
5209	3886	1
5210	1792	1
5211	1792	1
5212	2935	1
5212	4981	1
5212	7317	1
5213	2935	1
5213	4981	1
5213	7317	1
5216	1577	1
5216	2273	1
5218	2515	1
5219	2515	1
5220	19	1
5220	2377	1
5221	19	1
5221	2377	1
5222	4721	1
5223	4721	1
5224	2874	1
5225	2874	1
5226	856	1
5226	1433	1
5226	6283	1
5226	7019	1
5226	7307	1
5227	856	1
5227	1433	1
5227	6283	1
5227	7019	1
5227	7307	1
5229	6133	1
5231	895	1
5232	2365	1
5234	5151	1
5234	6231	1
5235	5151	1
5235	6231	1
5237	7044	1
5238	4520	1
5240	1286	1
5240	6817	1
5241	1286	1
5241	6817	1
5242	675	1
5242	6672	1
5242	7089	1
5243	675	1
5243	6672	1
5243	7089	1
5244	5737	1
5244	7336	1
5245	5737	1
5245	7336	1
5247	2004	1
5248	3724	1
5248	5299	1
5248	5717	1
5248	7326	1
5249	3724	1
5249	5299	1
5249	5717	1
5249	7326	1
5251	4206	1
5252	6830	1
5254	6842	1
5256	6493	1
5258	2307	1
5259	2307	1
5260	2531	1
5261	2531	1
5263	4154	1
5265	5578	1
5266	1928	1
5266	3016	1
5266	5432	1
5267	1928	1
5267	3016	1
5267	5432	1
5271	461	1
5271	976	1
5271	3478	1
5271	5263	1
5271	5474	1
5271	5553	1
5271	5959	1
5271	7288	1
5272	2562	1
5272	6417	1
5273	2562	1
5273	6417	1
5275	4238	1
5276	3149	1
5276	5899	1
5277	3149	1
5277	5899	1
5279	220	1
5280	2108	1
5280	3163	1
5281	2108	1
5281	3163	1
5282	386	1
5282	5541	1
5283	386	1
5283	5541	1
5285	3253	1
5286	6421	1
5287	6421	1
5288	2590	1
5289	2590	1
5290	3954	1
5291	3954	1
5292	6086	1
5293	6086	1
5294	1501	1
5296	505	1
5297	505	1
5298	3833	1
5298	6348	1
5299	3833	1
5299	6348	1
5300	1399	1
5301	1399	1
5302	3755	1
5303	3755	1
5305	3965	1
5306	770	1
5306	5812	1
5307	770	1
5307	5812	1
5309	2151	1
5309	3818	1
5309	6217	1
5310	578	1
5311	578	1
5312	2810	1
5313	2810	1
5315	2093	1
5317	490	1
5318	1719	1
5320	6350	1
5322	570	1
5322	2850	1
5323	570	1
5323	2850	1
5324	3937	1
5324	4174	1
5325	3937	1
5325	4174	1
5328	298	1
5329	298	1
5330	726	1
5330	2763	1
5330	6326	1
5331	726	1
5331	2763	1
5331	6326	1
5332	692	1
5333	692	1
5336	3401	1
5336	3684	1
5336	5555	1
5336	7121	1
5337	3401	1
5337	3684	1
5337	5555	1
5337	7121	1
5338	1957	1
5338	3223	1
5338	7052	1
5338	7197	1
5339	1957	1
5339	3223	1
5339	7052	1
5339	7197	1
5341	3449	1
5342	4541	1
5343	4541	1
5344	1355	1
5344	1374	1
5344	1376	1
5344	2566	1
5344	2625	1
5344	2788	1
5344	4401	1
5344	5655	1
5344	5858	1
5344	6969	1
5345	1355	1
5345	1374	1
5345	1376	1
5345	2566	1
5345	2625	1
5345	2788	1
5345	4401	1
5345	5655	1
5345	5858	1
5345	6969	1
5346	2677	1
5347	2677	1
5348	6929	1
5349	6929	1
5352	2015	1
5352	2559	1
5352	2713	1
5352	4675	1
5352	4795	1
5352	4874	1
5352	5139	1
5355	4491	1
5356	6245	1
5356	7338	1
5357	6245	1
5357	7338	1
5359	180	1
5359	3339	1
5360	2149	1
5361	2149	1
5362	1996	1
5362	3732	1
5362	4244	1
5362	4708	1
5362	6546	1
5362	6589	1
5362	7007	1
5362	7163	1
5363	1996	1
5363	3732	1
5363	4244	1
5363	4708	1
5363	6546	1
5363	6589	1
5363	7007	1
5363	7163	1
5364	701	1
5365	701	1
5366	218	1
5366	2053	1
5366	3083	1
5369	4517	1
5370	6962	1
5371	6962	1
5372	640	1
5372	6579	1
5374	6247	1
5375	6247	1
5376	2287	1
5379	168	1
5380	855	1
5381	855	1
5382	49	1
5383	49	1
5384	6279	1
5385	6279	1
5387	1784	1
5388	1269	1
5389	1269	1
5390	5133	1
5391	5133	1
5392	4066	1
5393	4066	1
5395	3319	1
5396	5660	1
5397	5660	1
5398	5538	1
5399	5538	1
5400	1891	1
5402	1712	1
5403	1712	1
5405	5614	1
5406	4868	1
5407	4868	1
5408	7223	1
5409	7223	1
5411	4702	1
5412	3607	1
5414	6360	1
5415	6360	1
5417	1655	1
5418	1204	1
5419	1204	1
5420	6858	1
5421	6858	1
5422	2924	1
5423	2924	1
5424	1904	1
5425	1904	1
5427	1526	1
5428	4291	1
5429	4291	1
5430	6897	1
5431	6897	1
5432	6551	1
5434	5637	1
5435	5637	1
5437	5711	1
5438	7119	1
5439	7119	1
5440	3171	1
5440	3462	1
5442	934	1
5443	934	1
5444	1998	1
5446	526	1
5447	526	1
5448	4815	1
5449	4815	1
5450	5698	1
5451	5698	1
5452	4726	1
5453	4726	1
5454	3691	1
5454	4668	1
5456	902	1
5457	902	1
5458	5271	1
5459	5271	1
5460	4428	1
5461	4428	1
5462	4965	1
5463	4965	1
5465	117	1
5467	3693	1
5470	816	1
5472	4349	1
5473	4349	1
5474	6762	1
5475	6762	1
5476	1984	1
5477	1984	1
5478	4667	1
5479	4667	1
5480	1627	1
5480	3135	1
5485	774	1
5486	3960	1
5487	3960	1
5488	2543	1
5489	2543	1
5490	3891	1
5491	3891	1
5492	1951	1
5493	1951	1
5496	63	1
5497	63	1
5499	2545	1
5499	7061	1
5500	4323	1
5501	4323	1
5502	2257	1
5503	2257	1
5505	5753	1
5506	1941	1
5507	1941	1
5508	6971	1
5509	6971	1
5510	5989	1
5513	2848	1
5514	984	1
5515	984	1
5516	5027	1
5516	7255	1
5517	5027	1
5517	7255	1
5518	6836	1
5519	6836	1
5520	3770	1
5520	5381	1
5521	3770	1
5521	5381	1
5522	2714	1
5523	2714	1
5524	7284	1
5525	7284	1
5526	448	1
5527	448	1
5529	955	1
5530	5719	1
5531	5719	1
5532	3849	1
5534	2263	1
5535	2263	1
5538	1853	1
5538	3689	1
5539	1853	1
5539	3689	1
5540	4671	1
5541	4671	1
5543	5435	1
5543	6125	1
5544	1088	1
5545	1088	1
5546	998	1
5547	998	1
5548	5413	1
5549	5413	1
5550	2163	1
5552	2278	1
5553	2278	1
5554	4279	1
5555	4279	1
5556	5235	1
5557	5235	1
5558	6206	1
5559	6206	1
5560	6190	1
5561	6190	1
5562	5408	1
5563	5408	1
5564	6412	1
5565	6412	1
5566	1227	1
5567	1227	1
5568	2964	1
5569	2964	1
5570	3193	1
5571	3193	1
5572	39	1
5573	39	1
5574	3803	1
5575	3803	1
5577	666	1
5578	2233	1
5579	2233	1
5580	4024	1
5583	1493	1
5584	4624	1
5585	4624	1
5586	3039	1
5587	3039	1
5588	1832	1
5589	1832	1
5590	6122	1
5591	6122	1
5593	2446	1
5594	1134	1
5594	2480	1
5596	2010	1
5597	2010	1
5599	2738	1
5600	3952	1
5601	3952	1
5602	171	1
5604	2320	1
5605	2320	1
5607	3653	1
5608	2088	1
5609	2088	1
5610	2837	1
5611	2837	1
5612	3103	1
5613	3103	1
5614	5369	1
5615	5369	1
5616	897	1
5617	897	1
5618	3764	1
5619	3764	1
5620	23	1
5621	23	1
5622	3950	1
5623	3950	1
5624	782	1
5625	782	1
5627	1359	1
5630	3033	1
5631	3033	1
5632	2055	1
5633	2055	1
5634	4335	1
5635	4335	1
5637	2869	1
5638	589	1
5638	2744	1
5640	4411	1
5642	1765	1
5643	1765	1
5644	3129	1
5646	389	1
5646	5512	1
5648	4176	1
5651	5963	1
5652	734	1
5653	734	1
5655	7000	1
5656	206	1
5656	1616	1
5656	5145	1
5657	206	1
5657	1616	1
5657	5145	1
5658	2267	1
5658	6757	1
5659	2267	1
5659	6757	1
5660	5804	1
5661	5804	1
5662	5453	1
5663	5453	1
5664	1716	1
5665	1716	1
5666	4881	1
5670	6692	1
5671	6692	1
5672	105	1
5673	105	1
5674	555	1
5676	314	1
5677	314	1
5678	3389	1
5679	3389	1
5680	7343	1
5683	2333	1
5686	3713	1
5687	3713	1
5688	1706	1
5689	1706	1
5690	6356	1
5692	5820	1
5693	5820	1
5694	5841	1
5695	5841	1
5696	2810	1
5696	6509	1
5697	2810	1
5697	6509	1
5698	2363	1
5699	2363	1
5700	1620	1
5702	6930	1
5704	761	1
5705	761	1
5708	3187	1
5709	3187	1
5710	4887	1
5710	6705	1
5712	125	1
5713	125	1
5715	2967	1
5716	5547	1
5717	5547	1
5718	181	1
5718	5469	1
5719	181	1
5719	5469	1
5720	387	1
5721	387	1
5722	354	1
5723	354	1
5724	1218	1
5725	1218	1
5726	873	1
5727	873	1
5729	2229	1
5730	5142	1
5731	5142	1
5732	5859	1
5733	5859	1
5734	2699	1
5735	2699	1
5736	3381	1
5737	3381	1
5738	4940	1
5740	2210	1
5741	2210	1
5742	869	1
5742	6917	1
5743	869	1
5743	6917	1
5745	5073	1
5747	6738	1
5747	7008	1
5749	5132	1
5749	6200	1
5750	5517	1
5751	5517	1
5752	5475	1
5754	3810	1
5755	3810	1
5756	5103	1
5757	5103	1
5758	7234	1
5759	7234	1
5760	3140	1
5762	6982	1
5763	6982	1
5765	2312	1
5766	5613	1
5767	5613	1
5768	5130	1
5773	5344	1
5774	5337	1
5776	4958	1
5777	4958	1
5779	5332	1
5780	6115	1
5781	6115	1
5782	1587	1
5783	1587	1
5784	4757	1
5785	4757	1
5786	3621	1
5787	3621	1
5788	1961	1
5788	2713	1
5789	1961	1
5789	2713	1
5790	3987	1
5791	3987	1
5793	37	1
5794	2959	1
5795	2959	1
5796	2265	1
5797	2265	1
5798	232	1
5799	232	1
5800	2347	1
5801	2347	1
5802	2395	1
5803	2395	1
5804	4417	1
5804	5744	1
5805	4417	1
5805	5744	1
5806	614	1
5807	614	1
5808	3785	1
5809	3785	1
5810	7026	1
5813	2501	1
5814	7280	1
5815	7280	1
5816	2406	1
5816	5544	1
5816	5627	1
5817	2406	1
5817	5544	1
5817	5627	1
5819	4722	1
5819	5950	1
5820	2960	1
5821	2960	1
5822	6437	1
5823	6437	1
5825	4067	1
5826	4905	1
5827	4905	1
5829	6678	1
5830	913	1
5831	913	1
5832	67	1
5833	67	1
5834	422	1
5835	422	1
5836	1623	1
5837	1623	1
5838	6005	1
5839	6005	1
5840	6849	1
5841	6849	1
5842	2597	1
5842	2945	1
5842	3941	1
5842	6967	1
5843	2597	1
5843	2945	1
5843	3941	1
5843	6967	1
5844	6471	1
5846	6745	1
5847	6745	1
5848	43	1
5849	43	1
5850	1841	1
5851	1841	1
5853	5695	1
5854	6573	1
5855	6573	1
5856	6339	1
5858	3730	1
5859	3730	1
5860	1554	1
5861	1554	1
5862	3976	1
5863	3976	1
5864	7006	1
5865	7006	1
5866	1971	1
5867	1971	1
5868	7229	1
5869	7229	1
5871	3892	1
5873	3829	1
5874	2231	1
5875	2231	1
5876	50	1
5879	6589	1
5881	1427	1
5882	1996	1
5883	1996	1
5884	2110	1
5885	2110	1
5886	2085	1
5887	2085	1
5888	4763	1
5890	4028	1
5891	4028	1
5892	3019	1
5895	5818	1
5896	1608	1
5898	1746	1
5899	1746	1
5900	786	1
5901	786	1
5902	66	1
5903	66	1
5904	1878	1
5905	1878	1
5906	2544	1
5907	2544	1
5908	5968	1
5909	5968	1
5910	6662	1
5912	1470	1
5913	1470	1
5914	3234	1
5915	3234	1
5916	5275	1
5917	5275	1
5918	6550	1
5919	6550	1
5920	2314	1
5922	7015	1
5923	7015	1
5924	7194	1
5925	7194	1
5926	297	1
5930	2942	1
5932	1805	1
5933	1805	1
5934	1403	1
5935	1403	1
5937	6444	1
5940	2659	1
5941	2659	1
5942	4401	1
5943	4401	1
5944	2225	1
5945	2225	1
5946	1851	1
5947	1851	1
5948	6818	1
5949	6818	1
5950	1789	1
5951	1789	1
5952	7265	1
5953	7265	1
5954	5970	1
5955	5970	1
5956	5672	1
5957	5672	1
5958	3484	1
5960	2997	1
5961	2997	1
5962	329	1
5963	329	1
5964	5737	1
5965	5737	1
5967	5604	1
5968	6973	1
5968	7325	1
5970	2119	1
5972	3131	1
5973	3131	1
5974	5839	1
5975	5839	1
5976	3634	1
5979	5095	1
5981	6392	1
5984	6926	1
5985	6926	1
5986	889	1
5987	889	1
5988	2762	1
5989	2762	1
5990	6519	1
5992	1680	1
5995	3285	1
5995	3919	1
5995	4240	1
5997	2031	1
5998	2684	1
5999	2684	1
6002	1928	1
6002	5768	1
6003	1928	1
6003	5768	1
6004	7240	1
6005	7240	1
6006	3827	1
6007	3827	1
6008	1548	1
6009	1548	1
6010	6174	1
6011	6174	1
6012	7023	1
6013	7023	1
6014	2737	1
6015	2737	1
6016	3335	1
6018	730	1
6019	730	1
6020	5060	1
6021	5060	1
6024	7166	1
6025	7166	1
6026	1945	1
6026	6196	1
6027	1945	1
6027	6196	1
6028	4846	1
6030	803	1
6031	803	1
6033	2807	1
6034	2261	1
6035	2261	1
6036	3903	1
6037	3903	1
6038	7294	1
6039	7294	1
6040	537	1
6040	7111	1
6042	6674	1
6044	1656	1
6045	1656	1
6046	1681	1
6048	349	1
6049	349	1
6050	6406	1
6051	6406	1
6052	1070	1
6053	1070	1
6054	2615	1
6056	6048	1
6057	6048	1
6059	446	1
6061	2024	1
6062	5267	1
6062	6209	1
6063	5267	1
6063	6209	1
6064	5567	1
6065	5567	1
6067	6752	1
6068	4842	1
6069	4842	1
6071	4876	1
6072	1160	1
6073	1160	1
6074	2140	1
6075	2140	1
6076	5572	1
6077	5572	1
6078	7138	1
6079	7138	1
6080	3700	1
6082	5455	1
6083	5455	1
6084	3592	1
6085	3592	1
6086	4986	1
6087	4986	1
6088	3574	1
6089	3574	1
6090	2443	1
6091	2443	1
6094	2900	1
6095	2900	1
6097	3651	1
6099	1354	1
6099	3997	1
6100	1782	1
6101	1782	1
6103	4202	1
6104	7102	1
6106	1309	1
6107	1309	1
6108	7032	1
6110	6036	1
6111	6036	1
6112	5069	1
6113	5069	1
6114	6622	1
6115	6622	1
6116	3221	1
6117	3221	1
6118	3794	1
6118	7083	1
6119	3794	1
6119	7083	1
6120	4622	1
6121	4622	1
6122	200	1
6123	200	1
6124	7025	1
6125	7025	1
6126	6937	1
6127	6937	1
6128	4595	1
6132	2856	1
6133	2856	1
6134	5312	1
6135	5312	1
6136	4730	1
6137	4730	1
6138	6571	1
6139	6571	1
6140	4153	1
6143	6661	1
6145	7063	1
6146	4630	1
6147	4630	1
6148	341	1
6150	6780	1
6151	6780	1
6152	2418	1
6153	2418	1
6154	1987	1
6155	1987	1
6156	991	1
6158	4903	1
6159	4903	1
6160	2610	1
6161	2610	1
6162	2863	1
6163	2863	1
6164	960	1
6165	960	1
6166	2474	1
6169	5067	1
6169	6116	1
6170	6286	1
6171	6286	1
6172	3025	1
6173	3025	1
6174	2549	1
6175	2549	1
6176	1484	1
6177	1484	1
6179	3212	1
6180	5256	1
6181	5256	1
6182	5205	1
6183	5205	1
6184	258	1
6185	258	1
6186	2396	1
6186	4618	1
6187	2396	1
6187	4618	1
6188	1267	1
6189	1267	1
6190	1867	1
6191	1867	1
6192	1447	1
6193	1447	1
6194	1372	1
6194	2771	1
6195	1372	1
6195	2771	1
6196	1632	1
6197	1632	1
6198	3657	1
6199	3657	1
6200	395	1
6201	395	1
6202	394	1
6203	394	1
6204	5319	1
6205	5319	1
6207	3183	1
6208	7264	1
6209	7264	1
6210	6083	1
6211	6083	1
6212	5326	1
6214	2072	1
6216	581	1
6217	581	1
6219	6009	1
6220	3947	1
6221	3947	1
6222	4073	1
6223	4073	1
6224	3766	1
6225	3766	1
6226	3291	1
6227	3291	1
6228	5780	1
6229	5780	1
6232	2550	1
6234	5798	1
6235	5798	1
6236	874	1
6238	6954	1
6239	6954	1
6240	5259	1
6241	5259	1
6242	190	1
6244	5011	1
6245	5011	1
6246	5900	1
6247	5900	1
6248	4592	1
6249	4592	1
6250	2587	1
6252	356	1
6252	2073	1
6253	356	1
6253	2073	1
6254	5255	1
6255	5255	1
6256	926	1
6257	926	1
6258	3884	1
6259	3884	1
6260	4309	1
6261	4309	1
6262	2170	1
6263	2170	1
6264	3051	1
6265	3051	1
6266	3970	1
6267	3970	1
6268	2137	1
6269	2137	1
6270	5723	1
6272	2102	1
6272	5404	1
6273	2102	1
6273	5404	1
6274	3229	1
6275	3229	1
6276	6788	1
6277	6788	1
6278	2027	1
6279	2027	1
6281	4729	1
6282	6639	1
6283	6639	1
6285	2781	1
6286	512	1
6286	1379	1
6287	512	1
6287	1379	1
6288	3458	1
6290	1605	1
6291	1605	1
6293	4368	1
6294	5640	1
6295	5640	1
6296	1238	1
6297	1238	1
6299	6022	1
6300	7060	1
6301	7060	1
6302	6117	1
6303	6117	1
6304	116	1
6305	116	1
6306	449	1
6307	449	1
6311	3680	1
6312	4442	1
6314	3762	1
6316	1800	1
6317	1800	1
6318	3391	1
6319	3391	1
6325	6337	1
6326	4115	1
6327	4115	1
6328	4844	1
6330	6961	1
6331	6961	1
6332	420	1
6333	420	1
6334	4106	1
6334	6924	1
6334	7127	1
6335	4106	1
6335	6924	1
6335	7127	1
6336	3737	1
6338	1513	1
6339	1513	1
6340	647	1
6341	647	1
6342	7186	1
6343	7186	1
6344	2847	1
6345	2847	1
6346	763	1
6347	763	1
6348	1178	1
6349	1178	1
6350	1378	1
6351	1378	1
6352	1581	1
6354	2711	1
6356	777	1
6357	777	1
6359	1201	1
6361	6214	1
6362	4755	1
6363	4755	1
6364	5481	1
6365	5481	1
6366	2675	1
6367	2675	1
6368	7024	1
6369	7024	1
6370	910	1
6370	5920	1
6371	910	1
6371	5920	1
6372	4574	1
6373	4574	1
6374	1847	1
6375	1847	1
6376	1301	1
6377	1301	1
6378	4845	1
6379	4845	1
6380	4570	1
6380	7136	1
6383	6126	1
6384	4764	1
6385	4764	1
6386	2160	1
6387	2160	1
6388	651	1
6388	2112	1
6389	651	1
6389	2112	1
6390	5122	1
6392	4402	1
6393	4402	1
6394	1473	1
6395	1473	1
6396	5056	1
6397	5056	1
6398	6846	1
6399	6846	1
6400	3322	1
6401	3322	1
6403	3664	1
6404	4959	1
6405	4959	1
6406	225	1
6407	225	1
6408	4177	1
6408	5416	1
6409	4177	1
6409	5416	1
6411	7195	1
6412	759	1
6413	759	1
6414	4777	1
6415	4777	1
6416	5766	1
6417	5766	1
6418	2769	1
6419	2769	1
6420	6311	1
6422	1451	1
6424	3209	1
6425	3209	1
6427	1778	1
6428	1040	1
6429	1040	1
6431	1315	1
6432	5293	1
6433	5293	1
6434	2019	1
6435	2019	1
6436	1552	1
6437	1552	1
6439	2695	1
6439	3493	1
6441	7270	1
6442	1533	1
6443	1533	1
6444	2334	1
6445	2334	1
6446	3578	1
6447	3578	1
6448	1345	1
6448	3796	1
6450	6555	1
6451	6555	1
6452	4560	1
6452	5121	1
6453	4560	1
6453	5121	1
6454	3927	1
6456	7022	1
6458	2040	1
6459	2040	1
6466	6440	1
6467	6440	1
6469	2949	1
6471	6634	1
6473	3580	1
6474	4319	1
6476	4005	1
6477	4005	1
6478	153	1
6478	5178	1
6479	153	1
6479	5178	1
6480	4376	1
6481	4376	1
6482	5173	1
6483	5173	1
6484	1480	1
6485	1480	1
6488	5847	1
6489	5847	1
6490	5364	1
6491	5364	1
6492	4758	1
6493	4758	1
6494	1025	1
6495	1025	1
6496	3330	1
6496	6730	1
6497	3330	1
6497	6730	1
6498	3611	1
6499	3611	1
6500	5779	1
6501	5779	1
6502	1613	1
6503	1613	1
6507	728	1
6508	2816	1
6509	2816	1
6510	2721	1
6511	2721	1
6512	996	1
6514	6950	1
6515	6950	1
6516	4014	1
6517	4014	1
6518	3911	1
6519	3911	1
6520	4452	1
6522	1003	1
6523	1003	1
6525	4886	1
6527	5801	1
6529	4673	1
6530	3698	1
6532	7067	1
6533	7067	1
6534	5185	1
6538	3487	1
6541	4489	1
6542	2567	1
6543	2567	1
6546	5055	1
6547	5055	1
6548	1371	1
6550	5903	1
6551	5903	1
6553	1809	1
6555	5794	1
6556	1335	1
6557	1335	1
6558	4467	1
6558	5164	1
6560	2095	1
6561	2095	1
6562	536	1
6563	536	1
6564	5811	1
6565	5811	1
6566	6856	1
6568	4920	1
6569	4920	1
6571	572	1
6573	6179	1
6574	3641	1
6576	5241	1
6577	5241	1
6578	1417	1
6579	1417	1
6580	2051	1
6581	2051	1
6582	4424	1
6583	4424	1
6584	4054	1
6585	4054	1
6586	4118	1
6588	1509	1
6589	1509	1
6590	568	1
6590	3196	1
6592	2508	1
6593	2508	1
6595	2248	1
6597	3530	1
6598	1652	1
6599	1652	1
6600	3093	1
6601	3093	1
6602	1042	1
6604	4370	1
6605	4370	1
6606	3300	1
6608	602	1
6609	602	1
6610	2932	1
6611	2932	1
6612	5550	1
6613	5550	1
6614	1753	1
6616	2230	1
6617	2230	1
6618	983	1
6618	1311	1
6619	983	1
6619	1311	1
6621	1949	1
6622	1189	1
6623	1189	1
6624	3699	1
6625	3699	1
6626	2077	1
6627	2077	1
6628	1974	1
6629	1974	1
6630	6696	1
6631	6696	1
6632	524	1
6634	3126	1
6635	3126	1
6636	5171	1
6637	5171	1
6638	1398	1
6639	1398	1
6642	4377	1
6643	4377	1
6644	799	1
6645	799	1
6647	3451	1
6648	273	1
6648	3839	1
6648	4500	1
6650	2355	1
6651	2355	1
6652	359	1
6653	359	1
6654	3252	1
6655	3252	1
6656	7211	1
6657	7211	1
6659	3742	1
6661	5110	1
6662	1927	1
6663	1927	1
6664	7073	1
6665	7073	1
6666	261	1
6667	261	1
6668	688	1
6669	688	1
6672	4374	1
6674	6101	1
6675	6101	1
6676	48	1
6677	48	1
6678	7300	1
6679	7300	1
6680	5355	1
6682	5012	1
6683	5012	1
6684	3147	1
6685	3147	1
6686	7091	1
6687	7091	1
6689	6168	1
6690	7261	1
6691	7261	1
6692	5454	1
6693	5454	1
6694	5993	1
6695	5993	1
6697	6828	1
6699	5306	1
6701	2032	1
6702	4266	1
6703	4266	1
6704	364	1
6705	364	1
6706	5308	1
6707	5308	1
6708	3558	1
6709	3558	1
6710	1932	1
6711	1932	1
6714	3220	1
6715	3220	1
6716	2890	1
6717	2890	1
6718	5239	1
6719	5239	1
6721	546	1
6722	5230	1
6723	5230	1
6725	1923	1
6726	906	1
6729	2990	1
6730	6953	1
6731	6953	1
6732	1251	1
6733	1251	1
6734	4037	1
6735	4037	1
6736	4501	1
6737	4501	1
6738	2922	1
6739	2922	1
6741	6454	1
6743	5415	1
6744	3442	1
6745	3442	1
6746	740	1
6747	740	1
6748	6223	1
6749	6223	1
6750	861	1
6751	861	1
6752	6499	1
6754	5131	1
6755	5131	1
6756	3027	1
6757	3027	1
6758	4043	1
6759	4043	1
6760	6241	1
6761	6241	1
6762	1679	1
6763	1679	1
6764	5152	1
6765	5152	1
6766	3132	1
6767	3132	1
6768	6645	1
6769	6645	1
6770	243	1
6771	243	1
6773	6308	1
6774	5763	1
6775	5763	1
6776	5092	1
6777	5092	1
6778	4503	1
6779	4503	1
6782	366	1
6782	3101	1
6783	366	1
6783	3101	1
6785	2490	1
6786	3092	1
6788	2386	1
6789	2386	1
6791	2033	1
6792	4534	1
6794	7248	1
6795	7248	1
6796	2976	1
6798	5781	1
6799	5781	1
6801	7146	1
6802	5954	1
6805	3955	1
6806	6018	1
6807	6018	1
6809	3467	1
6810	6790	1
6811	6790	1
6812	332	1
6812	940	1
6813	332	1
6813	940	1
6814	4042	1
6815	4042	1
6816	1742	1
6817	1742	1
6818	5010	1
6820	5584	1
6821	5584	1
6822	430	1
6823	430	1
6824	1744	1
6825	1744	1
6826	3959	1
6827	3959	1
6829	4613	1
6830	6374	1
6831	6374	1
6832	5937	1
6833	5937	1
6834	4059	1
6835	4059	1
6836	2081	1
6837	2081	1
6838	2285	1
6839	2285	1
6840	7281	1
6841	7281	1
6842	2884	1
6843	2884	1
6844	4953	1
6845	4953	1
6846	3756	1
6846	7110	1
6847	3756	1
6847	7110	1
6849	6253	1
6850	6464	1
6851	6464	1
6852	3695	1
6853	3695	1
6855	5813	1
6856	1414	1
6856	1992	1
6857	1414	1
6857	1992	1
6860	6014	1
6860	7100	1
6863	1419	1
6864	6355	1
6865	6355	1
6867	5380	1
6868	4356	1
6869	4356	1
6870	5518	1
6872	2331	1
6872	4151	1
6873	2331	1
6873	4151	1
6874	6469	1
6875	6469	1
6876	6727	1
6877	6727	1
6878	626	1
6879	626	1
6880	7066	1
6881	7066	1
6882	4961	1
6883	4961	1
6884	3860	1
6885	3860	1
6886	7055	1
6887	7055	1
6888	655	1
6889	655	1
6890	4457	1
6892	2653	1
6893	2653	1
6894	3082	1
6895	3082	1
6897	5681	1
6899	2828	1
6900	3403	1
6901	3403	1
6902	6883	1
6903	6883	1
6904	2455	1
6905	2455	1
6906	1982	1
6907	1982	1
6908	1947	1
6909	1947	1
6910	457	1
6911	457	1
6912	2698	1
6914	1282	1
6915	1282	1
6916	5916	1
6917	5916	1
6918	3089	1
6919	3089	1
6920	7243	1
6922	4220	1
6922	4931	1
6923	4220	1
6923	4931	1
6924	402	1
6925	402	1
6928	3292	1
6929	3292	1
6930	127	1
6931	127	1
6932	5797	1
6933	5797	1
6934	2753	1
6935	2753	1
6936	6050	1
6937	6050	1
6938	6258	1
6939	6258	1
6940	5370	1
6941	5370	1
6942	5425	1
6943	5425	1
6944	3666	1
6947	4653	1
6949	2241	1
6951	3167	1
6952	303	1
6953	303	1
6954	6637	1
6954	6664	1
6955	6637	1
6955	6664	1
6956	3544	1
6957	3544	1
6959	5959	1
6960	3441	1
6961	3441	1
6963	3937	1
6963	4976	1
6965	5743	1
6967	1752	1
6968	2981	1
6970	7114	1
6972	6743	1
6973	6743	1
6974	3296	1
6975	3296	1
6976	1450	1
6978	1242	1
6979	1242	1
6980	396	1
6981	396	1
6983	1948	1
6984	1895	1
6985	1895	1
6986	788	1
6987	788	1
6988	6648	1
6989	6648	1
6990	3702	1
6991	3702	1
6992	821	1
6993	821	1
6994	815	1
6995	815	1
6998	4831	1
6999	4831	1
7000	3625	1
7001	3625	1
7002	2393	1
7003	2393	1
7004	7247	1
7005	7247	1
7006	1233	1
7006	3821	1
7007	1233	1
7007	3821	1
7009	5358	1
7010	5621	1
7012	5650	1
7013	5650	1
7014	6462	1
7015	6462	1
7016	250	1
7017	250	1
7018	756	1
7019	756	1
7021	3775	1
7022	978	1
7022	3771	1
7023	978	1
7023	3771	1
7024	460	1
7024	2433	1
7026	6714	1
7027	6714	1
7028	3091	1
7029	3091	1
7030	6091	1
7031	6091	1
7032	6409	1
7034	3113	1
7037	1337	1
7039	319	1
7040	5995	1
7041	5995	1
7042	3254	1
7043	3254	1
7044	2516	1
7044	5442	1
7045	2516	1
7045	5442	1
7047	4322	1
7049	1294	1
7050	4217	1
7051	4217	1
7054	6096	1
7055	6096	1
7056	5390	1
7057	5390	1
7058	3380	1
7059	3380	1
7060	2421	1
7061	2421	1
7062	4399	1
7064	3801	1
7064	6383	1
7065	3801	1
7065	6383	1
7067	3084	1
7068	3555	1
7069	3555	1
7071	3604	1
7072	5707	1
7073	5707	1
7074	2594	1
7075	2594	1
7076	5556	1
7078	3754	1
7079	3754	1
7080	1561	1
7081	1561	1
7082	2650	1
7082	5180	1
7083	2650	1
7083	5180	1
7084	3703	1
7085	3703	1
7086	5136	1
7087	5136	1
7088	3568	1
7089	3568	1
7090	3818	1
7091	3818	1
7092	1023	1
7092	1713	1
7093	1023	1
7093	1713	1
7095	3711	1
7096	2814	1
7097	2814	1
7098	6010	1
7098	7090	1
7099	6010	1
7099	7090	1
7102	2485	1
7103	2485	1
7104	2979	1
7105	2979	1
7106	5000	1
7107	5000	1
7108	6531	1
7110	390	1
7111	390	1
7113	1262	1
7114	4709	1
7115	4709	1
7116	5758	1
7117	5758	1
7118	3909	1
7119	3909	1
7120	4695	1
7121	4695	1
7125	4236	1
7126	1572	1
7126	3316	1
7128	5805	1
7129	5805	1
7130	3008	1
7131	3008	1
7132	88	1
7133	88	1
7134	1176	1
7134	1643	1
7134	2547	1
7134	5167	1
7135	1176	1
7135	1643	1
7135	2547	1
7135	5167	1
7136	6699	1
7138	266	1
7138	1953	1
7140	905	1
7141	905	1
7142	4100	1
7143	4100	1
7145	4299	1
7146	2220	1
7147	2220	1
7148	6189	1
7149	6189	1
7150	607	1
7153	2402	1
7154	4942	1
7155	4942	1
7156	3813	1
7157	3813	1
7159	4391	1
7160	2227	1
7161	2227	1
7162	3355	1
7163	3355	1
7164	5201	1
7165	5201	1
7166	7253	1
7167	7253	1
7168	615	1
7170	6823	1
7171	6823	1
7173	4075	1
7173	4553	1
7174	6205	1
7175	6205	1
7176	2579	1
7176	6707	1
7177	2579	1
7177	6707	1
7178	3257	1
7180	5909	1
7181	5909	1
7182	6042	1
7183	6042	1
7184	6277	1
7185	6277	1
7186	6150	1
7188	4882	1
7189	4882	1
7190	3786	1
7191	3786	1
7192	164	1
7193	164	1
7194	4091	1
7195	4091	1
7197	2346	1
7198	6397	1
7200	1824	1
7201	1824	1
7202	1781	1
7203	1781	1
7204	585	1
7205	585	1
7206	4435	1
7207	4435	1
7208	3242	1
7209	3242	1
7210	1691	1
7212	6760	1
7214	1362	1
7215	1362	1
7218	1113	1
7219	1113	1
7220	2973	1
7222	1786	1
7223	1786	1
7224	6049	1
7225	6049	1
7226	6670	1
7227	6670	1
7228	5939	1
7229	5939	1
7230	2608	1
7231	2608	1
7233	1950	1
7236	6884	1
7237	6884	1
7238	5272	1
7239	5272	1
7240	1567	1
7241	1567	1
7242	7308	1
7244	5557	1
7244	6269	1
7244	7198	1
7245	5557	1
7245	6269	1
7245	7198	1
7247	6724	1
7248	6652	1
7249	6652	1
7250	1558	1
7251	1558	1
7253	6403	1
7254	3363	1
7254	6578	1
7255	3363	1
7255	6578	1
7256	4587	1
7259	6723	1
7261	5112	1
7262	3009	1
7263	3009	1
7264	6611	1
7266	4641	1
7268	1852	1
7269	1852	1
7270	4492	1
7270	4640	1
7271	4492	1
7271	4640	1
7272	975	1
7274	5807	1
7276	6763	1
7277	6763	1
7278	516	1
7279	516	1
7280	4170	1
7281	4170	1
7282	60	1
7283	60	1
7284	1977	1
7284	2337	1
7286	7181	1
7287	7181	1
7289	7316	1
7289	7344	1
7291	1107	1
7292	3138	1
7292	4498	1
7293	3138	1
7293	4498	1
7294	2078	1
7295	2078	1
7296	7041	1
7297	7041	1
7298	5551	1
7301	5982	1
7303	1256	1
7304	1596	1
7305	1596	1
7306	2274	1
7307	2274	1
7308	6865	1
7310	518	1
7311	518	1
7312	6208	1
7313	6208	1
7314	6903	1
7315	6903	1
7316	963	1
7317	963	1
7318	1055	1
7318	1733	1
7319	1055	1
7319	1733	1
7320	3613	1
7321	3613	1
7322	6098	1
7323	6098	1
7324	140	1
7325	140	1
7326	56	1
7327	56	1
7328	4524	1
7329	4524	1
7330	1500	1
7332	1200	1
7332	7182	1
7333	1200	1
7333	7182	1
7334	5028	1
7335	5028	1
7337	4306	1
7338	4038	1
7339	4038	1
7340	3816	1
7341	3816	1
7342	6460	1
7343	6460	1
7344	3366	1
7345	3366	1
7346	5237	1
7347	5237	1
7348	4728	1
7348	6529	1
7349	4728	1
7349	6529	1
7350	5713	1
7351	5713	1
7354	7093	1
7357	7193	1
7358	2593	1
7359	2593	1
7360	2434	1
7361	2434	1
7362	4065	1
7363	4065	1
7365	3005	1
7366	1083	1
7368	3013	1
7369	3013	1
7370	1823	1
7370	5782	1
7371	1823	1
7371	5782	1
7372	5359	1
7373	5359	1
7374	1518	1
7375	1518	1
7376	716	1
7377	716	1
7378	316	1
7379	316	1
7380	3501	1
7381	3501	1
7382	5881	1
7383	5881	1
7384	4853	1
7385	4853	1
7386	5932	1
7388	1012	1
7389	1012	1
7390	1955	1
7390	5703	1
7391	1955	1
7391	5703	1
7392	2164	1
7392	3169	1
7394	309	1
7395	309	1
7397	6689	1
7399	157	1
7400	5751	1
7401	5751	1
7403	4672	1
7404	4393	1
7405	4393	1
7406	4182	1
7407	4182	1
7408	2867	1
7409	2867	1
7410	5324	1
7411	5324	1
7412	1736	1
7414	1456	1
7415	1456	1
7416	6768	1
7417	6768	1
7418	205	1
7419	205	1
7420	1807	1
7421	1807	1
7422	4426	1
7423	4426	1
7424	6726	1
7425	6726	1
7427	3000	1
7428	3463	1
7429	3463	1
7430	6956	1
7431	6956	1
7432	6281	1
7433	6281	1
7434	6553	1
7435	6553	1
7436	4960	1
7437	4960	1
7438	6369	1
7439	6369	1
7442	2453	1
7443	2453	1
7444	5384	1
7445	5384	1
7446	2697	1
7447	2697	1
7448	6233	1
7448	6979	1
7449	6233	1
7449	6979	1
7450	1236	1
7451	1236	1
7452	5396	1
7453	5396	1
7454	4693	1
7455	4693	1
7456	6163	1
7458	6466	1
7459	6466	1
7460	5036	1
7461	5036	1
7462	4634	1
7463	4634	1
7465	4210	1
7466	6775	1
7467	6775	1
7468	4154	1
7468	5532	1
7469	4154	1
7469	5532	1
7470	5863	1
7472	835	1
7473	835	1
7474	628	1
7475	628	1
7476	5219	1
7477	5219	1
7479	95	1
7480	5980	1
7481	5980	1
7482	1409	1
7483	1409	1
7484	1434	1
7485	1434	1
7486	4767	1
7487	4767	1
7488	6951	1
7489	6951	1
7491	4850	1
7495	4280	1
7496	3328	1
7496	7309	1
7498	6303	1
7499	6303	1
7500	1022	1
7501	1022	1
7502	5537	1
7503	5537	1
7504	6518	1
7505	6518	1
7506	3773	1
7507	3773	1
7508	3345	1
7511	3331	1
7512	2427	1
7513	2427	1
7514	7230	1
7516	3088	1
7517	3088	1
7518	5265	1
7519	5265	1
7520	1464	1
7521	1464	1
7522	485	1
7523	485	1
7524	7252	1
7525	7252	1
7526	4244	1
7527	4244	1
7528	6025	1
7529	6025	1
7530	6861	1
7531	6861	1
7532	690	1
7534	6588	1
7535	6588	1
7536	3394	1
7537	3394	1
7538	2292	1
7540	2260	1
7541	2260	1
7542	6965	1
7544	515	1
7545	515	1
7546	6591	1
7549	857	1
7552	4800	1
7552	5451	1
7553	4800	1
7553	5451	1
7554	3222	1
7555	3222	1
7556	2637	1
7557	2637	1
7558	5252	1
7559	5252	1
7560	3418	1
7561	3418	1
7562	2538	1
7563	2538	1
7564	2064	1
7565	2064	1
7566	2152	1
7566	5871	1
7567	2152	1
7567	5871	1
7570	5771	1
7571	5771	1
7574	6151	1
7575	6151	1
7577	4995	1
7579	6984	1
7581	4307	1
7582	2004	1
7583	2004	1
7584	4639	1
7585	4639	1
7588	2842	1
7589	2842	1
7590	5340	1
7591	5340	1
7592	5578	1
7593	5578	1
7594	3791	1
7595	3791	1
7597	3400	1
7598	1621	1
7599	1621	1
7600	249	1
7605	2113	1
7609	2046	1
7611	3908	1
7612	5643	1
7613	5643	1
7614	3559	1
7615	3559	1
7616	4669	1
7617	4669	1
7619	5919	1
7620	5362	1
7621	5362	1
7622	556	1
7622	3710	1
7623	556	1
7623	3710	1
7624	5040	1
7625	5040	1
7626	684	1
7627	684	1
7628	3729	1
7629	3729	1
7631	6765	1
7632	2284	1
7633	2284	1
7634	3989	1
7634	6240	1
7636	6157	1
7637	6157	1
7638	1021	1
7639	1021	1
7640	667	1
7641	667	1
7642	543	1
7643	543	1
7644	5106	1
7645	5106	1
7647	5043	1
7648	322	1
7648	676	1
7649	322	1
7649	676	1
7651	4253	1
7652	4627	1
7653	4627	1
7654	6114	1
7655	6114	1
7656	2092	1
7658	501	1
7660	6089	1
7661	6089	1
7662	3894	1
7663	3894	1
7664	2944	1
7665	2944	1
7666	771	1
7667	771	1
7668	3961	1
7670	1698	1
7672	1751	1
7674	3583	1
7675	3583	1
7676	2526	1
7677	2526	1
7678	5952	1
7679	5952	1
7680	6539	1
7681	6539	1
7682	2687	1
7683	2687	1
7684	5440	1
7686	3872	1
7687	3872	1
7688	4602	1
7689	4602	1
7690	4681	1
7691	4681	1
7692	1306	1
7693	1306	1
7694	7204	1
7695	7204	1
7696	6835	1
7697	6835	1
7698	1438	1
7699	1438	1
7700	440	1
7701	440	1
7702	1734	1
7703	1734	1
7704	2126	1
7705	2126	1
7706	570	1
7708	6504	1
7709	6504	1
7710	4482	1
7711	4482	1
7712	4943	1
7717	2556	1
7718	1761	1
7718	1871	1
7719	1761	1
7719	1871	1
7720	3745	1
7720	4427	1
7721	3745	1
7721	4427	1
7722	2800	1
7723	2800	1
7724	2247	1
7725	2247	1
7726	3624	1
7726	4162	1
7729	7213	1
7730	1818	1
7732	1519	1
7733	1519	1
7734	2726	1
7735	2726	1
7737	5223	1
7739	3682	1
7740	1551	1
7741	1551	1
7742	1806	1
7745	1199	1
7746	6627	1
7747	6627	1
7748	1845	1
7748	5774	1
7749	1845	1
7749	5774	1
7750	877	1
7752	216	1
7753	216	1
7756	890	1
7757	890	1
7759	7148	1
7760	5273	1
7761	5273	1
7762	4055	1
7762	4087	1
7763	4055	1
7763	4087	1
7764	4361	1
7764	4407	1
7765	4361	1
7765	4407	1
7766	2708	1
7767	2708	1
7768	6229	1
7769	6229	1
7770	2776	1
7772	1289	1
7773	1289	1
7774	3481	1
7774	5394	1
7775	3481	1
7775	5394	1
7776	3605	1
7777	3605	1
7780	134	1
7781	134	1
7782	5733	1
7783	5733	1
7784	5393	1
7785	5393	1
7786	6082	1
7787	6082	1
7789	2574	1
7791	3564	1
7792	1756	1
7793	1756	1
7794	6494	1
7795	6494	1
7796	6721	1
7797	6721	1
7798	5724	1
7799	5724	1
7800	1124	1
7801	1124	1
7802	1964	1
7803	1964	1
7804	4590	1
7806	1133	1
7807	1133	1
7809	2128	1
7810	321	1
7811	321	1
7812	5248	1
7814	3359	1
7815	3359	1
7816	4184	1
7817	4184	1
7818	837	1
7820	3244	1
7821	3244	1
7822	1221	1
7822	1959	1
7823	1221	1
7823	1959	1
7824	5748	1
7824	6212	1
7825	5748	1
7825	6212	1
7826	1542	1
7827	1542	1
7828	4103	1
7829	4103	1
7830	2365	1
7830	5365	1
7831	2365	1
7831	5365	1
7833	936	1
7834	2731	1
7835	2731	1
7836	3422	1
7837	3422	1
7838	4483	1
7839	4483	1
7840	6916	1
7841	6916	1
7842	709	1
7843	709	1
7844	4760	1
7845	4760	1
7846	4525	1
7848	6698	1
7848	7145	1
7849	6698	1
7849	7145	1
7850	2438	1
7851	2438	1
7852	5717	1
7853	5717	1
7854	3137	1
7855	3137	1
7856	6363	1
7857	6363	1
7860	5008	1
7861	5008	1
7862	703	1
7863	703	1
7864	6734	1
7865	6734	1
7867	2479	1
7868	411	1
7869	411	1
7870	547	1
7871	547	1
7872	5244	1
7873	5244	1
7874	1214	1
7875	1214	1
7877	650	1
7879	2623	1
7880	4195	1
7881	4195	1
7882	2161	1
7883	2161	1
7887	7209	1
7888	2908	1
7889	2908	1
7890	1738	1
7891	1738	1
7892	2401	1
7893	2401	1
7894	3867	1
7895	3867	1
7896	1382	1
7897	1382	1
7898	3199	1
7899	3199	1
7900	6585	1
7902	3489	1
7903	3489	1
7904	10	1
7905	10	1
7906	453	1
7907	453	1
7908	14	1
7910	6395	1
7911	6395	1
7912	2003	1
7913	2003	1
7914	3877	1
7915	3877	1
7916	1037	1
7917	1037	1
7919	4840	1
7920	603	1
7921	603	1
7922	1905	1
7923	1905	1
7924	474	1
7925	474	1
7926	4891	1
7927	4891	1
7929	4532	1
7932	4392	1
7933	4392	1
7935	1534	1
7936	282	1
7937	282	1
7938	3772	1
7939	3772	1
7940	4142	1
7941	4142	1
7944	2860	1
7945	2860	1
7947	4082	1
7948	3582	1
7949	3582	1
7950	5264	1
7952	2988	1
7953	2988	1
7954	6349	1
7954	6488	1
7955	6349	1
7955	6488	1
7956	6119	1
7958	6906	1
7959	6906	1
7960	2688	1
7961	2688	1
7962	5655	1
7963	5655	1
7964	6595	1
7965	6595	1
7967	795	1
7969	185	1
7971	887	1
7972	2473	1
7973	2473	1
7974	855	1
7975	855	1
7979	4350	1
7980	6441	1
7981	6441	1
7983	1544	1
7984	3357	1
7985	3357	1
7987	4292	1
7988	4155	1
7989	4155	1
7990	1164	1
7990	2969	1
7991	1164	1
7991	2969	1
7992	733	1
7993	733	1
7995	4016	1
7996	7036	1
7997	7036	1
7998	6024	1
7999	6024	1
8000	5668	1
8001	5668	1
8002	4058	1
8003	4058	1
8004	3247	1
8005	3247	1
8006	9	1
8008	2865	1
8009	2865	1
8010	4798	1
8013	1532	1
8014	5546	1
8015	5546	1
8016	7224	1
8017	7224	1
8019	2780	1
8020	2013	1
8020	4018	1
8021	2013	1
8021	4018	1
8023	5628	1
8024	7089	1
8025	7089	1
8026	3851	1
8027	3851	1
8028	6942	1
8029	6942	1
8030	1300	1
8031	1300	1
8032	2323	1
8033	2323	1
8035	5162	1
8036	1314	1
8037	1314	1
8038	2748	1
8039	2748	1
8040	1415	1
8041	1415	1
8042	3378	1
8042	4281	1
8043	3378	1
8043	4281	1
8044	5725	1
8046	941	1
8047	941	1
8048	5816	1
8051	2728	1
8053	5773	1
8055	2045	1
8057	4580	1
8058	281	1
8059	281	1
8060	746	1
8061	746	1
8063	3190	1
8064	914	1
8065	914	1
8066	2707	1
8067	2707	1
8068	4586	1
8069	4586	1
8070	701	1
8070	7122	1
8071	701	1
8071	7122	1
8072	5441	1
8073	5441	1
8074	6881	1
8075	6881	1
8076	4892	1
8077	4892	1
8078	1384	1
8080	2454	1
8081	2454	1
8082	18	1
8084	3365	1
8085	3365	1
8086	2493	1
8088	6969	1
8089	6969	1
8090	1067	1
8091	1067	1
8092	4209	1
8092	5350	1
8093	4209	1
8093	5350	1
8094	254	1
8096	1969	1
8099	4683	1
8101	5286	1
8102	3309	1
8103	3309	1
8104	1741	1
8106	3890	1
8107	3890	1
8110	5789	1
8112	5389	1
8113	5389	1
8114	1774	1
8114	4651	1
8115	1774	1
8115	4651	1
8116	841	1
8117	841	1
8118	7318	1
8119	7318	1
8121	6719	1
8122	3856	1
8123	3856	1
8124	1157	1
8125	1157	1
8126	3498	1
8127	3498	1
8129	5300	1
8130	6607	1
8131	6607	1
8132	4834	1
8133	4834	1
8135	7190	1
8136	2645	1
8137	2645	1
8138	6148	1
8141	6497	1
8142	2171	1
8143	2171	1
8144	770	1
8144	2991	1
8145	770	1
8145	2991	1
8146	5094	1
8148	331	1
8148	681	1
8149	331	1
8149	681	1
8150	5741	1
8151	5741	1
8152	5885	1
8153	5885	1
8155	2177	1
8155	4141	1
8156	6946	1
8157	6946	1
8158	6132	1
8159	6132	1
8160	119	1
8161	119	1
8164	5226	1
8165	5226	1
8168	1331	1
8169	1331	1
8171	3945	1
8173	6458	1
8173	7047	1
8174	714	1
8176	5127	1
8177	5127	1
8180	2326	1
8181	2326	1
8182	1305	1
8184	7070	1
8186	2767	1
8187	2767	1
8188	264	1
8189	264	1
8190	5304	1
8191	5304	1
8193	6020	1
8194	3264	1
8195	3264	1
8196	6992	1
8197	6992	1
8198	2303	1
8199	2303	1
8202	3855	1
8203	3855	1
8204	2907	1
8205	2907	1
8206	668	1
8208	439	1
8209	439	1
8210	4859	1
8211	4859	1
8213	5157	1
8214	262	1
8215	262	1
8217	4864	1
8218	5611	1
8221	6479	1
8222	4287	1
8223	4287	1
8224	2689	1
8225	2689	1
8226	2156	1
8229	5116	1
8230	2101	1
8230	5670	1
8231	2101	1
8231	5670	1
8233	5562	1
8234	4225	1
8235	4225	1
8236	1477	1
8237	1477	1
8238	4648	1
8239	4648	1
8240	4032	1
8241	4032	1
8242	764	1
8243	764	1
8244	1997	1
8245	1997	1
8246	2576	1
8247	2576	1
8248	891	1
8249	891	1
8250	3154	1
8251	3154	1
8252	3929	1
8253	3929	1
8254	6845	1
8255	6845	1
8257	2658	1
8258	1901	1
8259	1901	1
8260	2498	1
8261	2498	1
8264	846	1
8265	846	1
8266	6034	1
8267	6034	1
8268	5064	1
8269	5064	1
8270	345	1
8271	345	1
8272	7046	1
8273	7046	1
8274	6473	1
8275	6473	1
8276	7191	1
8277	7191	1
8280	2854	1
8281	2854	1
8282	427	1
8283	427	1
8284	2985	1
8285	2985	1
8286	301	1
8287	301	1
8288	6594	1
8289	6594	1
8290	5826	1
8291	5826	1
8293	6702	1
8294	6945	1
8295	6945	1
8297	824	1
8298	1295	1
8299	1295	1
8301	6385	1
8303	1859	1
8304	4475	1
8306	2599	1
8308	6161	1
8309	6161	1
8310	6154	1
8311	6154	1
8312	5615	1
8313	5615	1
8314	4143	1
8315	4143	1
8316	1946	1
8317	1946	1
8318	1743	1
8319	1743	1
8320	6640	1
8321	6640	1
8322	2631	1
8323	2631	1
8326	6195	1
8327	6195	1
8329	328	1
8331	4068	1
8333	109	1
8334	3524	1
8336	6642	1
8338	1770	1
8339	1770	1
8340	5294	1
8341	5294	1
8342	560	1
8342	6799	1
8343	560	1
8343	6799	1
8344	3429	1
8345	3429	1
8347	2954	1
8349	379	1
8350	1240	1
8351	1240	1
8352	1821	1
8353	1821	1
8355	6108	1
8356	426	1
8358	5864	1
8359	5864	1
8360	353	1
8361	353	1
8362	6481	1
8363	6481	1
8364	5606	1
8366	6324	1
8368	1310	1
8369	1310	1
8371	3516	1
8371	4813	1
8373	6815	1
8374	5956	1
8375	5956	1
8377	2447	1
8378	6291	1
8379	6291	1
8381	4968	1
8382	6312	1
8383	6312	1
8384	6936	1
8385	6936	1
8386	2820	1
8387	2820	1
8388	4363	1
8389	4363	1
8390	3007	1
8391	3007	1
8392	4830	1
8392	6603	1
8393	4830	1
8393	6603	1
8394	2235	1
8395	2235	1
8396	5483	1
8397	5483	1
8399	6774	1
8400	7116	1
8401	7116	1
8402	1058	1
8404	408	1
8405	408	1
8406	5430	1
8407	5430	1
8408	1139	1
8409	1139	1
8410	351	1
8411	351	1
8412	4365	1
8413	4365	1
8414	3885	1
8415	3885	1
8416	4243	1
8418	510	1
8420	879	1
8421	879	1
8422	1747	1
8423	1747	1
8424	4009	1
8424	6182	1
8425	4009	1
8425	6182	1
8427	5391	1
8428	5965	1
8430	2259	1
8432	1357	1
8433	1357	1
8434	755	1
8435	755	1
8436	6597	1
8437	6597	1
8438	405	1
8440	5777	1
8441	5777	1
8442	5979	1
8443	5979	1
8444	3556	1
8445	3556	1
8446	2287	1
8447	2287	1
8448	2515	1
8449	2515	1
8453	4947	1
8454	6874	1
8456	6560	1
8457	6560	1
8458	5250	1
8459	5250	1
8460	3290	1
8462	1137	1
8463	1137	1
8464	3511	1
8465	3511	1
8466	1036	1
8467	1036	1
8468	2717	1
8469	2717	1
8470	3478	1
8471	3478	1
8472	6759	1
8473	6759	1
8474	5754	1
8475	5754	1
8476	1185	1
8477	1185	1
8479	1925	1
8480	6770	1
8482	6575	1
8483	6575	1
8484	2201	1
8485	2201	1
8486	5351	1
8488	4732	1
8488	7254	1
8489	4732	1
8489	7254	1
8490	227	1
8491	227	1
8492	1856	1
8493	1856	1
8494	5821	1
8495	5821	1
8496	5884	1
8498	3934	1
8499	3934	1
8500	7155	1
8501	7155	1
8502	6310	1
8503	6310	1
8505	1062	1
8505	2504	1
8506	4680	1
8507	4680	1
8509	4235	1
8511	4849	1
8512	1537	1
8513	1537	1
8515	1671	1
8516	1422	1
8517	1422	1
8518	5468	1
8519	5468	1
8521	1271	1
8522	2930	1
8525	2237	1
8526	2679	1
8527	2679	1
8529	7222	1
8530	3759	1
8531	3759	1
8534	372	1
8535	372	1
8537	1603	1
8538	114	1
8538	912	1
8539	114	1
8539	912	1
8540	7142	1
8543	646	1
8543	5366	1
8544	7295	1
8546	5098	1
8547	5098	1
8548	6162	1
8549	6162	1
8550	2155	1
8550	2883	1
8550	3034	1
8551	2155	1
8551	2883	1
8551	3034	1
8552	6820	1
8554	4150	1
8555	4150	1
8556	7338	1
8557	7338	1
8558	3504	1
8559	3504	1
8560	5825	1
8561	5825	1
8564	549	1
8565	549	1
8566	1163	1
8566	4819	1
8567	1163	1
8567	4819	1
8568	710	1
8571	1869	1
8572	6783	1
8575	564	1
8576	6829	1
8577	6829	1
8578	3587	1
8579	3587	1
8580	3231	1
8581	3231	1
8582	3427	1
8584	6094	1
8585	6094	1
8586	2880	1
8586	5078	1
8588	697	1
8589	697	1
8590	5347	1
8591	5347	1
8592	4963	1
8593	4963	1
8594	355	1
8595	355	1
8596	1105	1
8596	7154	1
8597	1105	1
8597	7154	1
8598	324	1
8600	3031	1
8601	3031	1
8602	6366	1
8604	1469	1
8605	1469	1
8606	3805	1
8607	3805	1
8608	2166	1
8609	2166	1
8610	74	1
8611	74	1
8613	5434	1
8615	1293	1
8616	1854	1
8617	1854	1
8618	6264	1
8619	6264	1
8620	161	1
8621	161	1
8624	2586	1
8627	6217	1
8629	4697	1
8630	6814	1
8632	6228	1
8633	6228	1
8635	6265	1
8636	3211	1
8637	3211	1
8638	3383	1
8639	3383	1
8643	5026	1
8645	2527	1
8646	4533	1
8647	4533	1
8648	4384	1
8649	4384	1
8650	1647	1
8651	1647	1
8652	657	1
8654	6213	1
8655	6213	1
8656	5478	1
8657	5478	1
8658	2843	1
8659	2843	1
8660	5796	1
8661	5796	1
8662	4572	1
8662	5840	1
8663	4572	1
8663	5840	1
8664	4130	1
8665	4130	1
8667	6791	1
8668	6305	1
8669	6305	1
8670	4305	1
8671	4305	1
8672	3017	1
8673	3017	1
8674	1228	1
8675	1228	1
8676	172	1
8677	172	1
8679	1625	1
8680	3862	1
8681	3862	1
8682	2613	1
8683	2613	1
8684	3076	1
8684	5465	1
8685	3076	1
8685	5465	1
8686	5935	1
8687	5935	1
8688	1960	1
8689	1960	1
8690	1127	1
8691	1127	1
8692	1885	1
8693	1885	1
8694	4691	1
8695	4691	1
8696	1241	1
8697	1241	1
8698	2725	1
8699	2725	1
8700	6430	1
8701	6430	1
8702	4276	1
8703	4276	1
8704	5087	1
8705	5087	1
8707	2211	1
8708	55	1
8708	5644	1
8709	55	1
8709	5644	1
8710	5745	1
8711	5745	1
8712	5438	1
8713	5438	1
8714	4413	1
8715	4413	1
8716	6191	1
8718	3956	1
8719	3956	1
8720	1206	1
8721	1206	1
8722	1196	1
8724	6138	1
8725	6138	1
8728	4247	1
8729	4247	1
8731	1329	1
8733	944	1
8734	2626	1
8735	2626	1
8736	4405	1
8738	3535	1
8739	3535	1
8740	167	1
8741	167	1
8742	4939	1
8745	27	1
8746	4496	1
8747	4496	1
8748	2759	1
8750	275	1
8751	275	1
8752	3476	1
8753	3476	1
8754	7115	1
8755	7115	1
8756	4998	1
8758	3343	1
8759	3343	1
8760	6250	1
8761	6250	1
8762	4776	1
8763	4776	1
8764	5141	1
8765	5141	1
8768	3466	1
8769	3466	1
8770	7324	1
8771	7324	1
8772	2535	1
8773	2535	1
8774	137	1
8775	137	1
8776	115	1
8777	115	1
8778	5283	1
8779	5283	1
8780	2877	1
8781	2877	1
8782	2575	1
8783	2575	1
8785	234	1
8786	5894	1
8787	5894	1
8788	3995	1
8789	3995	1
8790	2186	1
8790	2489	1
8791	2186	1
8791	2489	1
8792	5075	1
8793	5075	1
8795	1425	1
8795	3560	1
8796	2094	1
8798	1865	1
8799	1865	1
8800	5477	1
8801	5477	1
8802	3314	1
8803	3314	1
8804	1903	1
8805	1903	1
8806	5587	1
8808	3776	1
8809	3776	1
8811	4367	1
8811	6074	1
8814	6467	1
8815	6467	1
8816	1478	1
8817	1478	1
8818	5790	1
8819	5790	1
8821	5153	1
8822	4734	1
8823	4734	1
8824	7157	1
8826	4662	1
8827	4662	1
8829	415	1
8830	4919	1
8831	4919	1
8833	5436	1
8834	6822	1
8835	6822	1
8836	228	1
8837	228	1
8838	1033	1
8839	1033	1
8840	5633	1
8841	5633	1
8842	4364	1
8843	4364	1
8844	2984	1
8845	2984	1
8846	6925	1
8847	6925	1
8850	644	1
8851	644	1
8852	1659	1
8853	1659	1
8854	3405	1
8857	6958	1
8858	878	1
8859	878	1
8862	3586	1
8863	3586	1
8865	4915	1
8867	7326	1
8868	2889	1
8868	6789	1
8869	2889	1
8869	6789	1
8871	6315	1
8873	2885	1
8874	6927	1
8875	6927	1
8877	128	1
8879	4138	1
8881	6318	1
8882	3119	1
8883	3119	1
8885	1171	1
8886	870	1
8886	6933	1
8887	870	1
8887	6933	1
8888	6290	1
8889	6290	1
8891	4387	1
8892	6940	1
8893	6940	1
8894	6095	1
8895	6095	1
8896	4611	1
8897	4611	1
8898	2770	1
8899	2770	1
8900	974	1
8901	974	1
8902	6181	1
8903	6181	1
8904	4591	1
8905	4591	1
8906	2025	1
8907	2025	1
8908	4083	1
8909	4083	1
8910	6837	1
8911	6837	1
8912	3117	1
8913	3117	1
8914	3327	1
8915	3327	1
8916	2495	1
8917	2495	1
8918	3883	1
8919	3883	1
8920	6962	1
8921	6962	1
8922	6590	1
8923	6590	1
8924	236	1
8925	236	1
8926	4333	1
8927	4333	1
8928	3352	1
8929	3352	1
8930	3603	1
8931	3603	1
8932	7072	1
8933	7072	1
8934	3157	1
8935	3157	1
8937	3971	1
8938	4379	1
8940	7039	1
8941	7039	1
8942	34	1
8945	4678	1
8946	4563	1
8950	6777	1
8951	6777	1
8952	2188	1
8953	2188	1
8954	4990	1
8955	4990	1
8957	6411	1
8958	5997	1
8958	6997	1
8959	5997	1
8959	6997	1
8960	4191	1
8961	4191	1
8962	6657	1
8963	6657	1
8964	4644	1
8965	4644	1
8966	627	1
8967	627	1
8968	358	1
8969	358	1
8970	318	1
8971	318	1
8972	2413	1
8973	2413	1
8974	3782	1
8977	3339	1
8980	1724	1
8981	1724	1
8982	660	1
8982	5030	1
8983	660	1
8983	5030	1
8984	5875	1
8985	5875	1
8986	2825	1
8987	2825	1
8988	1404	1
8989	1404	1
8991	722	1
8993	1367	1
8994	7092	1
8995	7092	1
8996	2269	1
8997	2269	1
8998	108	1
8999	108	1
9000	3595	1
9002	7168	1
9003	7168	1
9004	7319	1
9005	7319	1
9006	3761	1
9007	3761	1
9008	5018	1
9010	6893	1
9011	6893	1
9012	4445	1
9013	4445	1
9014	4598	1
9016	1265	1
9017	1265	1
9018	6176	1
9020	3453	1
9021	3453	1
9022	2277	1
9022	5497	1
9023	2277	1
9023	5497	1
9024	477	1
9025	477	1
9026	6037	1
9027	6037	1
9028	1628	1
9028	6376	1
9032	738	1
9033	738	1
9034	2555	1
9035	2555	1
9036	4273	1
9037	4273	1
9038	6931	1
9039	6931	1
9040	2798	1
9041	2798	1
9042	1701	1
9043	1701	1
9044	1988	1
9045	1988	1
9046	1722	1
9047	1722	1
9048	739	1
9049	739	1
9050	801	1
9051	801	1
9052	1979	1
9053	1979	1
9054	3326	1
9056	3388	1
9057	3388	1
9058	3104	1
9060	7236	1
9061	7236	1
9063	5331	1
9063	6505	1
9064	3318	1
9066	1234	1
9069	5100	1
9071	1060	1
9072	5953	1
9073	5953	1
9074	4536	1
9075	4536	1
9076	6562	1
9076	7075	1
9077	6562	1
9077	7075	1
9078	4927	1
9079	4927	1
9080	3584	1
9081	3584	1
9082	2975	1
9083	2975	1
9084	6127	1
9085	6127	1
9086	4046	1
9087	4046	1
9088	4708	1
9090	2419	1
9091	2419	1
9092	4540	1
9093	4540	1
9094	2861	1
9095	2861	1
9096	4573	1
9098	6859	1
9099	6859	1
9101	5409	1
9102	5194	1
9103	5194	1
9104	976	1
9105	976	1
9106	3369	1
9107	3369	1
9108	1862	1
9110	1043	1
9111	1043	1
9113	4198	1
9114	3109	1
9116	6065	1
9117	6065	1
9118	2422	1
9119	2422	1
9122	3028	1
9122	5910	1
9123	3028	1
9123	5910	1
9124	2522	1
9126	1370	1
9127	1370	1
9130	5872	1
9134	5445	1
9135	5445	1
9136	4152	1
9137	4152	1
9139	1697	1
9140	4562	1
9141	4562	1
9142	1541	1
9142	4006	1
9142	5620	1
9143	1541	1
9143	4006	1
9143	5620	1
9144	1198	1
9146	1860	1
9147	1860	1
9148	1686	1
9150	6079	1
9151	6079	1
9152	813	1
9153	813	1
9154	7019	1
9155	7019	1
9156	2313	1
9158	1045	1
9158	7050	1
9159	1045	1
9159	7050	1
9161	6106	1
9162	458	1
9162	5491	1
9163	458	1
9163	5491	1
9165	3652	1
9166	4388	1
9167	4388	1
9168	3021	1
9169	3021	1
9170	3018	1
9170	3758	1
9171	3018	1
9171	3758	1
9172	6180	1
9173	6180	1
9174	2625	1
9175	2625	1
9177	1084	1
9178	4258	1
9179	4258	1
9180	1423	1
9181	1423	1
9182	828	1
9183	828	1
9184	1635	1
9186	717	1
9187	717	1
9188	5696	1
9189	5696	1
9191	4397	1
9192	121	1
9193	121	1
9194	5694	1
9195	5694	1
9197	3097	1
9197	6511	1
9198	3124	1
9199	3124	1
9200	7313	1
9201	7313	1
9202	1757	1
9203	1757	1
9205	1909	1
9206	6911	1
9208	5682	1
9209	5682	1
9210	3095	1
9211	3095	1
9212	4700	1
9213	4700	1
9214	1813	1
9215	1813	1
9216	2057	1
9217	2057	1
9218	6764	1
9219	6764	1
9220	3099	1
9221	3099	1
9222	5636	1
9223	5636	1
9224	3784	1
9227	5297	1
9229	5320	1
9230	4490	1
9231	4490	1
9232	2838	1
9233	2838	1
9234	5823	1
9234	6439	1
9235	5823	1
9235	6439	1
9238	990	1
9240	179	1
9241	179	1
9242	2223	1
9244	6776	1
9245	6776	1
9246	5166	1
9247	5166	1
9248	5090	1
9249	5090	1
9250	1944	1
9251	1944	1
9252	4048	1
9253	4048	1
9254	6295	1
9255	6295	1
9256	860	1
9257	860	1
9258	5806	1
9259	5806	1
9260	4973	1
9261	4973	1
9262	1342	1
9264	5686	1
9269	2606	1
9270	4816	1
9272	5431	1
9273	5431	1
9274	3003	1
9275	3003	1
9276	1914	1
9277	1914	1
9278	2757	1
9280	3340	1
9281	3340	1
9282	6453	1
9284	1653	1
9285	1653	1
9286	6202	1
9287	6202	1
9289	5665	1
9291	2290	1
9293	4575	1
9296	3645	1
9299	5634	1
9300	3344	1
9301	3344	1
9302	4464	1
9303	4464	1
9304	5207	1
9307	4347	1
9308	4910	1
9309	4910	1
9310	2350	1
9311	2350	1
9312	6178	1
9313	6178	1
9314	2087	1
9317	923	1
9318	3214	1
9320	6890	1
9321	6890	1
9322	6225	1
9323	6225	1
9324	7183	1
9325	7183	1
9326	5037	1
9328	4466	1
9329	4466	1
9332	1595	1
9334	3065	1
9337	2403	1
9339	4796	1
9340	6558	1
9341	6558	1
9342	5452	1
9343	5452	1
9344	4334	1
9346	4543	1
9347	4543	1
9348	2739	1
9349	2739	1
9350	5159	1
9351	5159	1
9352	4906	1
9353	4906	1
9355	645	1
9357	3740	1
9358	2703	1
9359	2703	1
9360	5488	1
9361	5488	1
9363	1180	1
9365	5535	1
9366	4071	1
9367	4071	1
9369	7003	1
9370	1692	1
9371	1692	1
9372	814	1
9373	814	1
9374	4762	1
9375	4762	1
9376	11	1
9379	4893	1
9380	4872	1
9381	4872	1
9382	4431	1
9384	566	1
9385	566	1
9386	4404	1
9388	1512	1
9389	1512	1
9391	1061	1
9393	1195	1
9394	3717	1
9396	4792	1
9398	6919	1
9399	6919	1
9400	3726	1
9400	7133	1
9401	3726	1
9401	7133	1
9402	4200	1
9405	3185	1
9406	6854	1
9407	6854	1
9408	235	1
9410	6722	1
9412	707	1
9413	707	1
9414	4617	1
9415	4617	1
9416	2902	1
9417	2902	1
9419	3238	1
9420	6452	1
9421	6452	1
9422	6252	1
9424	6577	1
9425	6577	1
9426	2136	1
9427	2136	1
9428	1882	1
9429	1882	1
9430	6436	1
9431	6436	1
9432	1321	1
9433	1321	1
9434	7219	1
9435	7219	1
9437	1220	1
9437	1723	1
9438	1094	1
9439	1094	1
9440	6501	1
9441	6501	1
9442	507	1
9443	507	1
9444	4131	1
9444	5845	1
9445	4131	1
9445	5845	1
9446	1968	1
9447	1968	1
9448	3203	1
9450	1101	1
9451	1101	1
9452	4197	1
9453	4197	1
9454	5084	1
9456	4270	1
9457	4270	1
9458	1103	1
9459	1103	1
9460	7185	1
9461	7185	1
9463	5006	1
9464	5659	1
9464	6787	1
9465	5659	1
9465	6787	1
9466	6827	1
9467	6827	1
9469	5429	1
9470	5023	1
9471	5023	1
9473	6224	1
9474	6273	1
9475	6273	1
9476	5542	1
9477	5542	1
9478	3315	1
9479	3315	1
9480	5202	1
9481	5202	1
9482	2692	1
9483	2692	1
9484	2553	1
9485	2553	1
9486	6737	1
9487	6737	1
9488	2557	1
9489	2557	1
9490	2165	1
9492	7218	1
9494	2927	1
9495	2927	1
9496	4440	1
9496	6061	1
9497	4440	1
9497	6061	1
9498	2745	1
9500	6263	1
9501	6263	1
9502	4799	1
9503	4799	1
9504	2512	1
9504	6192	1
9504	7337	1
9505	2512	1
9505	6192	1
9505	7337	1
9506	3612	1
9507	3612	1
9508	3188	1
9508	4913	1
9509	3188	1
9509	4913	1
9510	347	1
9511	347	1
9512	4458	1
9512	4477	1
9513	4458	1
9513	4477	1
9515	5278	1
9516	6671	1
9517	6671	1
9518	2345	1
9519	2345	1
9520	4017	1
9521	4017	1
9523	1482	1
9524	2487	1
9524	6070	1
9525	2487	1
9525	6070	1
9526	3141	1
9527	3141	1
9528	2933	1
9529	2933	1
9530	6679	1
9532	6410	1
9534	188	1
9536	2796	1
9536	4310	1
9537	2796	1
9537	4310	1
9538	3835	1
9539	3835	1
9540	3840	1
9543	6120	1
9544	6549	1
9545	6549	1
9546	209	1
9547	209	1
9549	6520	1
9551	2381	1
9552	6336	1
9553	6336	1
9554	113	1
9555	113	1
9557	5800	1
9558	4556	1
9559	4556	1
9560	2317	1
9564	6068	1
9565	6068	1
9566	3358	1
9567	3358	1
9568	251	1
9569	251	1
9570	6654	1
9572	2639	1
9573	2639	1
9574	182	1
9575	182	1
9577	2786	1
9579	4837	1
9580	4687	1
9581	4687	1
9582	883	1
9582	6105	1
9583	883	1
9583	6105	1
9585	2478	1
9586	7245	1
9587	7245	1
9589	3173	1
9589	3273	1
9591	2571	1
9592	330	1
9593	330	1
9594	212	1
9595	212	1
9596	1100	1
9598	695	1
9599	695	1
9600	881	1
9601	881	1
9602	257	1
9603	257	1
9605	6386	1
9606	5236	1
9607	5236	1
9608	6086	1
9609	6086	1
9610	7086	1
9611	7086	1
9613	6420	1
9614	1407	1
9615	1407	1
9616	7033	1
9617	7033	1
9618	5842	1
9619	5842	1
9620	2665	1
9622	1933	1
9624	7164	1
9625	7164	1
9626	4010	1
9627	4010	1
9629	2836	1
9630	5629	1
9632	6605	1
9633	6605	1
9634	1693	1
9635	1693	1
9637	1884	1
9638	417	1
9640	3500	1
9641	3500	1
9642	2409	1
9643	2409	1
9644	3149	1
9647	5822	1
9647	6998	1
9648	1543	1
9650	6636	1
9651	6636	1
9652	5266	1
9653	5266	1
9655	2038	1
9656	6256	1
9657	6256	1
9658	2457	1
9659	2457	1
9662	4403	1
9663	4403	1
9664	7057	1
9665	7057	1
9666	969	1
9668	3425	1
9669	3425	1
9671	6729	1
9672	3545	1
9674	6450	1
9675	6450	1
9676	438	1
9678	6468	1
9679	6468	1
9680	5245	1
9681	5245	1
9683	2056	1
9684	2195	1
9686	2551	1
9688	683	1
9689	683	1
9690	3853	1
9691	3853	1
9692	1798	1
9692	1970	1
9694	6766	1
9695	6766	1
9696	5432	1
9697	5432	1
9698	736	1
9699	736	1
9700	3834	1
9700	5700	1
9701	3834	1
9701	5700	1
9702	3411	1
9703	3411	1
9704	6995	1
9705	6995	1
9706	5566	1
9708	3539	1
9710	2841	1
9711	2841	1
9712	827	1
9713	827	1
9714	781	1
9715	781	1
9716	2276	1
9718	6706	1
9721	307	1
9723	673	1
9725	5342	1
9727	994	1
9732	1611	1
9733	1611	1
9734	3972	1
9734	6268	1
9735	3972	1
9735	6268	1
9739	3029	1
9740	4649	1
9741	4649	1
9742	625	1
9743	625	1
9744	1389	1
9745	1389	1
9746	3684	1
9747	3684	1
9748	1258	1
9750	423	1
9751	423	1
9753	2939	1
9754	2955	1
9755	2955	1
9756	265	1
9759	3178	1
9760	3984	1
9761	3984	1
9762	3245	1
9763	3245	1
9764	3428	1
9765	3428	1
9766	2215	1
9767	2215	1
9768	3468	1
9769	3468	1
9770	456	1
9770	599	1
9771	456	1
9771	599	1
9772	6655	1
9773	6655	1
9775	1169	1
9775	1930	1
9775	6813	1
9776	4918	1
9777	4918	1
9778	6537	1
9779	6537	1
9780	742	1
9781	742	1
9782	4206	1
9783	4206	1
9784	866	1
9786	4381	1
9787	4381	1
9788	1638	1
9789	1638	1
9790	922	1
9790	4659	1
9791	922	1
9791	4659	1
9792	5501	1
9793	5501	1
9794	3879	1
9795	3879	1
9796	5553	1
9797	5553	1
9798	4576	1
9799	4576	1
9801	743	1
9802	1563	1
9802	6169	1
9803	1563	1
9803	6169	1
9804	987	1
9805	987	1
9806	2029	1
9806	4773	1
9807	2029	1
9807	4773	1
9809	480	1
9811	2773	1
9811	5309	1
9812	3846	1
9812	5191	1
9813	3846	1
9813	5191	1
9817	1065	1
9818	241	1
9819	241	1
9820	6188	1
9820	7068	1
9821	6188	1
9821	7068	1
9822	3298	1
9823	3298	1
9825	995	1
9826	6985	1
9827	6985	1
9828	4526	1
9829	4526	1
9830	2304	1
9830	3174	1
9831	2304	1
9831	3174	1
9832	6506	1
9834	885	1
9835	885	1
9836	4582	1
9837	4582	1
9838	6149	1
9840	1754	1
9841	1754	1
9842	202	1
9843	202	1
9845	6618	1
9846	587	1
9847	587	1
9848	5343	1
9850	5019	1
9852	2430	1
9853	2430	1
9854	2	1
9855	2	1
9856	2794	1
9859	3751	1
9860	2023	1
9862	2694	1
9863	2694	1
9864	2494	1
9865	2494	1
9867	1965	1
9868	1339	1
9870	6344	1
9871	6344	1
9872	4031	1
9873	4031	1
9874	2319	1
9875	2319	1
9876	3066	1
9877	3066	1
9878	1465	1
9879	1465	1
9880	6259	1
9881	6259	1
9882	1078	1
9883	1078	1
9884	6977	1
9885	6977	1
9886	4415	1
9887	4415	1
9888	3964	1
9889	3964	1
9890	5061	1
9891	5061	1
9892	5045	1
9893	5045	1
9894	6353	1
9895	6353	1
9897	3870	1
9898	2502	1
9899	2502	1
9900	6621	1
9901	6621	1
9902	6002	1
9903	6002	1
9904	4985	1
9905	4985	1
9906	1760	1
9907	1760	1
9908	5580	1
9910	5581	1
9911	5581	1
9912	6593	1
9913	6593	1
9914	4228	1
9915	4228	1
9916	1130	1
9917	1130	1
9918	2904	1
9919	2904	1
9920	4836	1
9923	393	1
9926	6396	1
9927	6396	1
9928	3223	1
9929	3223	1
9930	4783	1
9931	4783	1
9932	2133	1
9933	2133	1
9934	2173	1
9935	2173	1
9936	4877	1
9937	4877	1
9938	5883	1
9940	174	1
9941	174	1
9942	3397	1
9943	3397	1
9944	6140	1
9945	6140	1
9946	5747	1
9947	5747	1
9950	1489	1
9951	1489	1
9952	5619	1
9953	5619	1
9955	1136	1
9956	337	1
9957	337	1
9958	3647	1
9959	3647	1
9960	4606	1
9961	4606	1
9962	91	1
9963	91	1
9964	3966	1
9965	3966	1
9966	6533	1
9967	6533	1
9968	5498	1
9969	5498	1
9970	4857	1
9971	4857	1
9972	6720	1
9973	6720	1
9974	1086	1
9976	2777	1
9977	2777	1
9979	4628	1
9980	7027	1
9982	6016	1
9983	6016	1
9984	495	1
9985	495	1
9986	1011	1
9987	1011	1
9988	590	1
9989	590	1
9990	2511	1
9991	2511	1
9992	6051	1
9993	6051	1
9994	391	1
9995	391	1
9997	5209	1
9998	907	1
10000	4269	1
10001	4269	1
10002	5147	1
10003	5147	1
10004	3831	1
10005	3831	1
10006	6513	1
10007	6513	1
10008	4372	1
10009	4372	1
10010	7007	1
10011	7007	1
10012	3496	1
10012	5062	1
10013	3496	1
10013	5062	1
10014	4410	1
10016	2145	1
10018	7321	1
10019	7321	1
10020	1138	1
10022	6207	1
10023	6207	1
10024	3576	1
10025	3576	1
10026	6474	1
10028	4495	1
10029	4495	1
10030	5722	1
10031	5722	1
10032	2766	1
10033	2766	1
10034	5457	1
10035	5457	1
10036	1931	1
10037	1931	1
10038	5639	1
10039	5639	1
10041	4646	1
10043	61	1
10044	3738	1
10045	3738	1
10046	6365	1
10047	6365	1
10049	7108	1
10051	3880	1
10052	6235	1
10054	177	1
10055	177	1
10056	4746	1
10057	4746	1
10058	6262	1
10060	2756	1
10061	2756	1
10065	5493	1
10066	2704	1
10067	2704	1
10068	4506	1
10069	4506	1
10070	4808	1
10071	4808	1
10072	4382	1
10073	4382	1
10074	2791	1
10075	2791	1
10076	4341	1
10077	4341	1
10079	580	1
10080	4807	1
10081	4807	1
10082	2361	1
10083	2361	1
10084	7088	1
10085	7088	1
10086	2463	1
10088	152	1
10089	152	1
10091	2691	1
10092	4898	1
10093	4898	1
10094	822	1
10095	822	1
10096	4295	1
10097	4295	1
10098	2271	1
10099	2271	1
10100	2440	1
10101	2440	1
10102	3828	1
10104	3133	1
10107	1156	1
10108	513	1
10109	513	1
10110	4093	1
10111	4093	1
10112	2852	1
10112	4848	1
10113	2852	1
10113	4848	1
10116	1670	1
10117	1670	1
10118	6335	1
10119	6335	1
10121	1834	1
10122	475	1
10123	475	1
10124	452	1
10125	452	1
10126	3413	1
10126	5605	1
10127	3413	1
10127	5605	1
10128	1636	1
10129	1636	1
10131	1097	1
10132	2965	1
10133	2965	1
10134	1508	1
10136	6887	1
10137	6887	1
10138	231	1
10139	231	1
10140	1243	1
10141	1243	1
10142	5490	1
10144	419	1
10145	419	1
10146	5	1
10146	3830	1
10147	5	1
10147	3830	1
10150	642	1
10152	6071	1
10154	1004	1
10157	1080	1
10159	3153	1
10160	2148	1
10161	2148	1
10163	489	1
10164	491	1
10165	491	1
10166	3893	1
10167	3893	1
10168	3646	1
10169	3646	1
10170	4168	1
10172	5548	1
10173	5548	1
10174	7099	1
10175	7099	1
10176	1332	1
10176	6522	1
10178	530	1
10179	530	1
10181	1899	1
10182	132	1
10183	132	1
10184	6327	1
10185	6327	1
10188	6781	1
10189	6781	1
10190	414	1
10191	414	1
10192	7124	1
10193	7124	1
10194	407	1
10195	407	1
10197	6008	1
10199	5760	1
10200	5815	1
10201	5815	1
10202	2894	1
10203	2894	1
10204	4412	1
10205	4412	1
10206	6626	1
10207	6626	1
10208	6222	1
10209	6222	1
10210	5955	1
10211	5955	1
10212	2912	1
10212	5923	1
10212	6307	1
10213	2912	1
10213	5923	1
10213	6307	1
10214	3023	1
10215	3023	1
10216	3155	1
10217	3155	1
10218	6041	1
10219	6041	1
10220	436	1
10222	1837	1
10223	1837	1
10224	497	1
10225	497	1
10226	3781	1
10227	3781	1
10228	2864	1
10229	2864	1
10231	6414	1
10232	5673	1
10233	5673	1
10234	4552	1
10236	4885	1
10237	4885	1
10238	6742	1
10239	6742	1
10240	2977	1
10241	2977	1
10242	1886	1
10243	1886	1
10244	6226	1
10245	6226	1
10246	4900	1
10247	4900	1
10250	6659	1
10251	6659	1
10252	1323	1
10253	1323	1
10254	6246	1
10255	6246	1
10256	3942	1
10257	3942	1
10258	1731	1
10259	1731	1
10260	7246	1
10261	7246	1
10263	210	1
10264	7239	1
10265	7239	1
10267	1486	1
10269	2622	1
10270	7260	1
10271	7260	1
10275	3736	1
10278	5168	1
10281	1166	1
10282	6433	1
10283	6433	1
10284	4224	1
10285	4224	1
10286	6215	1
10287	6215	1
10288	6746	1
10289	6746	1
10290	6448	1
10291	6448	1
10292	481	1
10293	481	1
10294	2472	1
10294	7107	1
10295	2472	1
10295	7107	1
10296	6649	1
10297	6649	1
10298	2634	1
10299	2634	1
10300	5395	1
10302	5738	1
10303	5738	1
10304	1248	1
10305	1248	1
10307	6712	1
10308	2167	1
10309	2167	1
10310	3779	1
10312	7109	1
10313	7109	1
10314	6515	1
10315	6515	1
10319	2117	1
10320	5325	1
10322	6625	1
10324	7172	1
10325	7172	1
10326	4123	1
10327	4123	1
10328	2082	1
10329	2082	1
10330	6978	1
10331	6978	1
10332	428	1
10333	428	1
10334	2385	1
10335	2385	1
10336	4743	1
10338	6708	1
10339	6708	1
10340	6314	1
10341	6314	1
10342	5778	1
10343	5778	1
10344	4917	1
10345	4917	1
10346	7106	1
10347	7106	1
10348	1835	1
10350	1528	1
10351	1528	1
10352	5489	1
10354	849	1
10355	849	1
10357	2157	1
10358	6400	1
10359	6400	1
10360	3954	1
10361	3954	1
10362	5176	1
10364	4139	1
10365	4139	1
10366	5609	1
10367	5609	1
10368	1894	1
10369	1894	1
10370	4175	1
10371	4175	1
10372	5978	1
10373	5978	1
10374	1857	1
10375	1857	1
10376	5288	1
10377	5288	1
10378	754	1
10379	754	1
10380	1005	1
10381	1005	1
10382	1967	1
10384	7206	1
10385	7206	1
10386	7080	1
10387	7080	1
10388	7237	1
10389	7237	1
10390	4541	1
10391	4541	1
10392	2775	1
10394	1952	1
10395	1952	1
10396	1069	1
10397	1069	1
10398	2375	1
10401	1229	1
10402	2569	1
10403	2569	1
10404	4841	1
10405	4841	1
10406	4418	1
10407	4418	1
10408	2253	1
10409	2253	1
10410	6144	1
10412	2352	1
10413	2352	1
10416	2580	1
10417	2580	1
10418	1916	1
10419	1916	1
10420	988	1
10422	2928	1
10424	1224	1
10425	1224	1
10426	4909	1
10427	4909	1
10428	2660	1
10429	2660	1
10431	6137	1
10432	2018	1
10433	2018	1
10434	2582	1
10434	6285	1
10435	2582	1
10435	6285	1
10436	2507	1
10437	2507	1
10439	1515	1
10440	4134	1
10441	4134	1
10444	4921	1
10445	4921	1
10446	194	1
10447	194	1
10448	6524	1
10449	6524	1
10450	521	1
10451	521	1
10452	7013	1
10454	2423	1
10455	2423	1
10456	7207	1
10457	7207	1
10458	1412	1
10459	1412	1
10462	3953	1
10463	3953	1
10464	6614	1
10465	6614	1
10467	1445	1
10467	5727	1
10468	6617	1
10470	4781	1
10471	4781	1
10472	5418	1
10473	5418	1
10475	4626	1
10476	1881	1
10477	1881	1
10478	502	1
10479	502	1
10480	6390	1
10483	101	1
10484	2788	1
10486	2513	1
10486	5618	1
10488	1876	1
10488	2827	1
10490	1475	1
10491	1475	1
10492	5523	1
10493	5523	1
10494	3697	1
10495	3697	1
10496	473	1
10497	473	1
10498	806	1
10499	806	1
10501	5033	1
10504	4660	1
10505	4660	1
10506	5539	1
10507	5539	1
10509	2442	1
10510	3176	1
10512	5113	1
10513	5113	1
10514	1498	1
10515	1498	1
10517	2870	1
10518	1336	1
10518	6092	1
10519	1336	1
10519	6092	1
10521	939	1
10521	2785	1
10522	290	1
10524	7327	1
10524	7329	1
10525	7327	1
10525	7329	1
10527	3913	1
10528	1719	1
10531	862	1
10533	19	1
10534	5653	1
10537	1592	1
10538	712	1
10539	712	1
10542	6879	1
10544	6841	1
10545	6841	1
10547	3122	1
10548	1812	1
10549	1812	1
10551	6428	1
10552	7292	1
10553	7292	1
10554	2611	1
10556	4528	1
10557	4528	1
10558	7180	1
10560	725	1
10561	725	1
10563	404	1
10564	2295	1
10565	2295	1
10566	4146	1
10567	4146	1
10568	361	1
10570	6731	1
10571	6731	1
10572	138	1
10573	138	1
10575	350	1
10576	4172	1
10577	4172	1
10578	2222	1
10579	2222	1
10580	4060	1
10581	4060	1
10582	378	1
10584	2779	1
10585	2779	1
10588	168	1
10589	168	1
10590	2605	1
10591	2605	1
10592	6047	1
10593	6047	1
10594	2459	1
10597	2199	1
10598	6354	1
10599	6354	1
10600	6060	1
10601	6060	1
10602	5985	1
10603	5985	1
10604	945	1
10605	945	1
10606	3312	1
10608	155	1
10609	155	1
10610	6889	1
10612	1211	1
10613	1211	1
10614	909	1
10615	909	1
10616	4254	1
10617	4254	1
10618	4766	1
10619	4766	1
10621	5582	1
10623	6899	1
10624	2250	1
10624	3935	1
10625	2250	1
10625	3935	1
10626	1557	1
10627	1557	1
10628	1203	1
10629	1203	1
10630	2898	1
10631	2898	1
10632	3035	1
10633	3035	1
10635	4144	1
10636	551	1
10636	3982	1
10637	551	1
10637	3982	1
10639	3191	1
10640	7139	1
10641	7139	1
10642	4084	1
10643	4084	1
10644	6194	1
10645	6194	1
10647	156	1
10648	2030	1
10649	2030	1
10650	3303	1
10651	3303	1
10652	5837	1
10653	5837	1
10654	1076	1
10655	1076	1
10656	1797	1
10657	1797	1
10658	1502	1
10659	1502	1
10660	6628	1
10662	1790	1
10663	1790	1
10664	3553	1
10665	3553	1
10666	4817	1
10669	704	1
10670	611	1
10670	1386	1
10671	611	1
10671	1386	1
10672	441	1
10673	441	1
10674	1755	1
10675	1755	1
10677	7077	1
10679	2752	1
10680	999	1
10681	999	1
10682	729	1
10683	729	1
10684	6623	1
10687	4312	1
10688	4754	1
10690	1286	1
10692	4425	1
10693	4425	1
10696	2475	1
10697	2475	1
10698	2666	1
10699	2666	1
10700	4930	1
10701	4930	1
10702	5161	1
10703	5161	1
10704	1700	1
10705	1700	1
10706	2408	1
10708	2635	1
10709	2635	1
10710	4119	1
10711	4119	1
10712	4167	1
10713	4167	1
10714	3112	1
10715	3112	1
10716	2141	1
10717	2141	1
10718	776	1
10719	776	1
10720	1844	1
10721	1844	1
10722	6773	1
10723	6773	1
10725	1586	1
10727	1223	1
10728	3792	1
10729	3792	1
10730	678	1
10731	678	1
10732	3367	1
10732	7170	1
10733	3367	1
10733	7170	1
10735	562	1
10736	69	1
10737	69	1
10738	5460	1
10741	4847	1
10742	1624	1
10743	1624	1
10747	5986	1
10748	5049	1
10749	5049	1
10750	5571	1
10751	5571	1
10752	3268	1
10753	3268	1
10755	1717	1
10756	1506	1
10757	1506	1
10758	2372	1
10758	2412	1
10760	6417	1
10761	6417	1
10762	5076	1
10763	5076	1
10764	1120	1
10765	1120	1
10766	4212	1
10768	3148	1
10769	3148	1
10770	62	1
10770	5135	1
10771	62	1
10771	5135	1
10772	1917	1
10772	2410	1
10772	6804	1
10773	1917	1
10773	2410	1
10773	6804	1
10774	204	1
10774	3538	1
10775	204	1
10775	3538	1
10776	819	1
10776	6245	1
10778	1773	1
10778	2831	1
10780	5140	1
10781	5140	1
10782	7104	1
10783	7104	1
10784	2672	1
10784	3347	1
10787	5646	1
10788	1439	1
10789	1439	1
10790	4975	1
10791	4975	1
10792	3663	1
10793	3663	1
10794	5976	1
10796	2168	1
10797	2168	1
10798	2105	1
10801	6548	1
10802	5301	1
10803	5301	1
10805	5829	1
10806	5886	1
10807	5886	1
10808	2627	1
10808	6748	1
10809	2627	1
10809	6748	1
10810	2297	1
10811	2297	1
10813	5341	1
10814	3527	1
10815	3527	1
10816	7251	1
10817	7251	1
10820	6158	1
10821	6158	1
10822	6351	1
10823	6351	1
10824	2130	1
10826	65	1
10827	65	1
10828	6398	1
10829	6398	1
10830	1763	1
10831	1763	1
10832	5448	1
10833	5448	1
10834	6685	1
10834	7171	1
10835	6685	1
10835	7171	1
10837	527	1
10838	4371	1
10839	4371	1
10840	73	1
10841	73	1
10842	3667	1
10842	4970	1
10844	1720	1
10845	1720	1
10846	3532	1
10847	3532	1
10848	3077	1
10849	3077	1
10851	5108	1
10852	3521	1
10853	3521	1
10855	292	1
10857	6423	1
10859	2915	1
10861	2280	1
10863	3251	1
10863	6896	1
10864	851	1
10865	851	1
10866	5439	1
10867	5439	1
10868	7225	1
10869	7225	1
10870	4516	1
10871	4516	1
10872	4782	1
10873	4782	1
10874	737	1
10875	737	1
10876	89	1
10877	89	1
10878	659	1
10880	7231	1
10881	7231	1
10882	6112	1
10883	6112	1
10885	6545	1
10887	5933	1
10888	5046	1
10889	5046	1
10890	4419	1
10891	4419	1
10892	7045	1
10893	7045	1
10894	7307	1
10896	5374	1
10897	5374	1
10898	4277	1
10899	4277	1
10900	5849	1
10902	2254	1
10903	2254	1
10904	1073	1
10905	1073	1
10906	1769	1
10907	1769	1
10911	2191	1
10912	2736	1
10912	4916	1
10913	2736	1
10913	4916	1
10914	2414	1
10916	1457	1
10917	1457	1
10918	2546	1
10919	2546	1
10920	4414	1
10923	5232	1
10927	605	1
10928	7167	1
10929	7167	1
10931	5897	1
10932	3166	1
10933	3166	1
10934	6031	1
10935	6031	1
10936	5856	1
10937	5856	1
10938	6876	1
10940	2476	1
10940	6492	1
10941	2476	1
10941	6492	1
10942	6795	1
10943	6795	1
10946	268	1
10947	268	1
10948	6540	1
10949	6540	1
10951	5861	1
10952	656	1
10953	656	1
10954	3299	1
10956	4529	1
10957	4529	1
10959	5833	1
10960	5251	1
10961	5251	1
10962	5631	1
10963	5631	1
10964	5354	1
10965	5354	1
10967	5536	1
10969	2670	1
10970	2139	1
10971	2139	1
10972	3519	1
10973	3519	1
10975	6331	1
10976	5247	1
10978	4449	1
10980	283	1
10981	283	1
10982	6990	1
10983	6990	1
10984	5081	1
10985	5081	1
10986	6669	1
10987	6669	1
10989	5382	1
10990	633	1
10991	633	1
10993	1678	1
10994	2428	1
10995	2428	1
10996	2723	1
10996	3637	1
10996	5437	1
10997	2723	1
10997	3637	1
10997	5437	1
10998	388	1
10999	388	1
11000	4908	1
11001	4908	1
11005	6653	1
11006	4302	1
11007	4302	1
11008	3205	1
11010	4992	1
11011	4992	1
11012	1268	1
11014	894	1
11014	2918	1
11015	894	1
11015	2918	1
11016	3006	1
11017	3006	1
11019	5449	1
11020	5274	1
11021	5274	1
11022	5504	1
11023	5504	1
11024	4232	1
11024	6817	1
11025	4232	1
11025	6817	1
11026	4211	1
11027	4211	1
11029	5022	1
11032	4707	1
11033	4707	1
11035	6567	1
11036	3081	1
11037	3081	1
11039	2007	1
11040	159	1
11041	159	1
11042	2067	1
11043	2067	1
11044	1047	1
11046	1545	1
11048	876	1
11049	876	1
11051	5144	1
11052	6912	1
11053	6912	1
11054	5951	1
11056	3152	1
11058	271	1
11059	271	1
11061	1584	1
11062	5315	1
11063	5315	1
11064	4178	1
11066	3640	1
11067	3640	1
11068	1906	1
11069	1906	1
11070	3337	1
11071	3337	1
11072	2293	1
11072	2394	1
11072	3110	1
11073	2293	1
11073	2394	1
11073	3110	1
11074	1915	1
11075	1915	1
11076	5595	1
11077	5595	1
11078	538	1
11079	538	1
11080	6248	1
11081	6248	1
11082	2369	1
11083	2369	1
11086	2488	1
11087	2488	1
11089	6480	1
11090	6904	1
11091	6904	1
11092	1864	1
11093	1864	1
11094	133	1
11095	133	1
11096	1540	1
11096	2685	1
11097	1540	1
11097	2685	1
11098	6470	1
11099	6470	1
11101	6797	1
11102	2236	1
11103	2236	1
11104	5992	1
11105	5992	1
11106	4555	1
11107	4555	1
11108	6052	1
11109	6052	1
11110	6825	1
11111	6825	1
11112	3520	1
11113	3520	1
11114	3590	1
11116	4088	1
11117	4088	1
11118	7214	1
11119	7214	1
11121	949	1
11123	1732	1
11124	7267	1
11125	7267	1
11126	1615	1
11127	1615	1
11130	5786	1
11132	3523	1
11133	3523	1
11134	3074	1
11135	3074	1
11136	327	1
11137	327	1
11138	4647	1
11139	4647	1
11141	1281	1
11143	4267	1
11144	3974	1
11145	3974	1
11146	1099	1
11148	2980	1
11148	4952	1
11149	2980	1
11149	4952	1
11152	1785	1
11153	1785	1
11154	4444	1
11155	4444	1
11156	2398	1
11157	2398	1
11158	6801	1
11159	6801	1
11160	3406	1
11161	3406	1
11162	1010	1
11163	1010	1
11164	5204	1
11165	5204	1
11167	4801	1
11167	6113	1
11168	6067	1
11169	6067	1
11171	569	1
11172	5851	1
11173	5851	1
11174	5025	1
11175	5025	1
11176	3440	1
11177	3440	1
11179	844	1
11179	3207	1
11180	629	1
11181	629	1
11182	1433	1
11182	4437	1
11183	1433	1
11183	4437	1
11186	3475	1
11187	3475	1
11189	4790	1
11190	4213	1
11193	187	1
11194	3240	1
11195	3240	1
11196	1148	1
11198	2351	1
11202	745	1
11202	2190	1
11205	442	1
11206	6680	1
11207	6680	1
11208	3674	1
11208	6483	1
11209	3674	1
11209	6483	1
11210	1154	1
11212	1639	1
11213	1639	1
11214	2268	1
11216	6644	1
11217	6644	1
11219	145	1
11220	7097	1
11221	7097	1
11222	16	1
11223	16	1
11224	2415	1
11226	3439	1
11227	3439	1
11228	6683	1
11229	6683	1
11230	5828	1
11231	5828	1
11232	1645	1
11233	1645	1
11234	1745	1
11235	1745	1
11236	4614	1
11237	4614	1
11239	4102	1
11240	1668	1
11241	1668	1
11244	6029	1
11246	5740	1
11247	5740	1
11249	4328	1
11251	3096	1
11252	2151	1
11254	1340	1
11255	1340	1
11256	1416	1
11258	3534	1
11259	3534	1
11260	2509	1
11261	2509	1
11262	1007	1
11262	5697	1
11263	1007	1
11263	5697	1
11265	87	1
11266	1170	1
11266	4045	1
11267	1170	1
11267	4045	1
11269	6750	1
11271	1811	1
11272	5356	1
11273	5356	1
11274	867	1
11275	867	1
11277	263	1
11278	5843	1
11279	5843	1
11280	3213	1
11282	2075	1
11282	3871	1
11283	2075	1
11283	3871	1
11284	6170	1
11285	6170	1
11286	12	1
11288	4778	1
11289	4778	1
11290	3324	1
11291	3324	1
11292	5263	1
11295	7076	1
11296	5203	1
11297	5203	1
11299	3627	1
11302	7310	1
11303	7310	1
11304	591	1
11304	6124	1
11305	591	1
11305	6124	1
11306	3262	1
11307	3262	1
11308	4823	1
11309	4823	1
11310	720	1
11311	720	1
11313	320	1
11314	6445	1
11315	6445	1
11316	424	1
11317	424	1
11318	6267	1
11320	3218	1
11321	3218	1
11322	2654	1
11324	383	1
11325	383	1
11327	1794	1
11327	2600	1
11327	3142	1
11328	5150	1
11329	5150	1
11331	2614	1
11332	5287	1
11333	5287	1
11334	5734	1
11335	5734	1
11336	5115	1
11337	5115	1
11338	1802	1
11339	1802	1
11340	397	1
11340	6419	1
11341	397	1
11341	6419	1
11343	1580	1
11344	1695	1
11346	4794	1
11346	6710	1
11348	571	1
11349	571	1
11350	5276	1
11351	5276	1
11352	1707	1
11354	120	1
11355	120	1
11356	643	1
11360	3546	1
11361	3546	1
11362	511	1
11363	511	1
11364	662	1
11366	178	1
11367	178	1
11368	1594	1
11369	1594	1
11370	2946	1
11371	2946	1
11372	2322	1
11373	2322	1
11374	4578	1
11375	4578	1
11376	3165	1
11377	3165	1
11378	4147	1
11379	4147	1
11380	522	1
11381	522	1
11382	5417	1
11383	5417	1
11384	3563	1
11385	3563	1
11386	4486	1
11387	4486	1
11388	4774	1
11388	6838	1
11390	5943	1
11391	5943	1
11392	1108	1
11393	1108	1
11394	1879	1
11395	1879	1
11396	6372	1
11397	6372	1
11398	2804	1
11399	2804	1
11400	3064	1
11401	3064	1
11402	4218	1
11404	928	1
11406	3485	1
11407	3485	1
11408	7177	1
11409	7177	1
11411	1556	1
11412	1287	1
11413	1287	1
11414	5463	1
11415	5463	1
11416	993	1
11417	993	1
11418	3087	1
11419	3087	1
11420	6609	1
11421	6609	1
11422	4564	1
11423	4564	1
11424	6907	1
11425	6907	1
11426	4233	1
11427	4233	1
11428	5775	1
11429	5775	1
11430	400	1
11431	400	1
11432	3837	1
11433	3837	1
11434	4422	1
11435	4422	1
11436	4366	1
11437	4366	1
11438	3506	1
11439	3506	1
11440	5656	1
11442	6975	1
11443	6975	1
11445	3255	1
11448	1793	1
11448	5812	1
11449	1793	1
11449	5812	1
11450	4682	1
11451	4682	1
11452	3790	1
11453	3790	1
11454	4271	1
11455	4271	1
11456	632	1
11457	632	1
11460	136	1
11461	136	1
11462	5947	1
11464	2466	1
11465	2466	1
11468	1072	1
11469	1072	1
11471	2258	1
11472	1833	1
11473	1833	1
11474	5749	1
11475	5749	1
11476	2995	1
11477	2995	1
11478	2750	1
11479	2750	1
11480	3939	1
11481	3939	1
11482	2966	1
11483	2966	1
11484	1264	1
11485	1264	1
11487	1709	1
11488	5402	1
11489	5402	1
11490	4820	1
11491	4820	1
11492	197	1
11492	3958	1
11494	3886	1
11495	3886	1
11496	6375	1
11498	5101	1
11499	5101	1
11500	903	1
11503	2174	1
11505	5936	1
11506	1530	1
11507	1530	1
11508	2612	1
11509	2612	1
11510	1374	1
11511	1374	1
11512	2628	1
11513	2628	1
11515	7221	1
11516	3685	1
11516	5616	1
11517	3685	1
11517	5616	1
11518	4416	1
11518	7314	1
11519	4416	1
11519	7314	1
11520	2552	1
11521	2552	1
11522	3235	1
11523	3235	1
11525	5597	1
11527	1702	1
11528	31	1
11529	31	1
11530	1660	1
11531	1660	1
11532	5975	1
11533	5975	1
11534	4040	1
11535	4040	1
11536	4925	1
11537	4925	1
11539	5303	1
11541	4086	1
11544	2251	1
11545	2251	1
11546	7081	1
11547	7081	1
11548	3398	1
11549	3398	1
11550	4535	1
11551	4535	1
11553	4625	1
11554	5307	1
11555	5307	1
11558	664	1
11559	664	1
11560	2491	1
11561	2491	1
11562	3873	1
11563	3873	1
11564	4761	1
11566	4430	1
11568	6807	1
11569	6807	1
11571	3800	1
11571	6021	1
11572	4124	1
11573	4124	1
11575	445	1
11576	4583	1
11577	4583	1
11579	3375	1
11580	3706	1
11582	4860	1
11584	7197	1
11585	7197	1
11587	5123	1
11591	669	1
11592	718	1
11593	718	1
11594	3445	1
11596	5555	1
11597	5555	1
11598	6078	1
11598	6187	1
11600	3748	1
11602	5188	1
11603	5188	1
11604	1642	1
11605	1642	1
11609	4936	1
11610	4579	1
11611	4579	1
11612	44	1
11613	44	1
11617	3901	1
11617	4724	1
11618	6862	1
11619	6862	1
11621	5419	1
11622	514	1
11626	6447	1
11628	6686	1
11629	6686	1
11630	5515	1
11631	5515	1
11633	5077	1
11634	4157	1
11635	4157	1
11637	4810	1
11638	3160	1
11639	3160	1
11640	2584	1
11641	2584	1
11642	304	1
11643	304	1
11644	6478	1
11647	4956	1
11649	3741	1
11650	2228	1
11651	2228	1
11652	2367	1
11653	2367	1
11654	2035	1
11655	2035	1
11656	77	1
11656	3307	1
11657	77	1
11657	3307	1
11658	4721	1
11659	4721	1
11660	5119	1
11661	5119	1
11662	4296	1
11665	5942	1
11666	4021	1
11667	4021	1
11669	1352	1
11669	4705	1
11670	3250	1
11671	3250	1
11674	639	1
11675	639	1
11676	1316	1
11677	1316	1
11678	1496	1
11679	1496	1
11680	700	1
11682	997	1
11683	997	1
11684	2952	1
11685	2952	1
11687	4120	1
11688	4316	1
11689	4316	1
11690	2532	1
11691	2532	1
11692	4076	1
11694	2702	1
11695	2702	1
11696	4523	1
11696	6530	1
11697	4523	1
11697	6530	1
11698	4843	1
11699	4843	1
11700	4441	1
11701	4441	1
11702	4345	1
11704	4787	1
11708	7037	1
11709	7037	1
11712	3069	1
11713	3069	1
11714	6304	1
11715	6304	1
11716	2629	1
11717	2629	1
11718	4645	1
11719	4645	1
11720	880	1
11721	880	1
11722	548	1
11722	3601	1
11723	548	1
11723	3601	1
11724	377	1
11725	377	1
11728	3858	1
11729	3858	1
11730	2288	1
11731	2288	1
11732	3957	1
11733	3957	1
11734	1442	1
11735	1442	1
11736	5221	1
11736	5746	1
11737	5221	1
11737	5746	1
11738	465	1
11739	465	1
11741	3812	1
11743	5414	1
11744	6658	1
11745	6658	1
11746	5860	1
11747	5860	1
11748	5784	1
11749	5784	1
11750	3464	1
11750	4383	1
11751	3464	1
11751	4383	1
11752	5674	1
11753	5674	1
11754	6332	1
11755	6332	1
11756	5641	1
11757	5641	1
11758	2560	1
11759	2560	1
11760	2712	1
11761	2712	1
11762	4502	1
11763	4502	1
11764	4784	1
11765	4784	1
11766	2686	1
11768	5946	1
11769	5946	1
11770	1520	1
11770	5896	1
11771	1520	1
11771	5896	1
11772	1255	1
11773	1255	1
11775	4750	1
11776	5329	1
11777	5329	1
11778	5705	1
11779	5705	1
11780	5042	1
11781	5042	1
11782	6568	1
11784	344	1
11784	3115	1
11785	344	1
11785	3115	1
11787	5316	1
11792	4207	1
11793	4207	1
11794	3114	1
11795	3114	1
11796	3452	1
11798	1490	1
11798	1940	1
11798	4308	1
11799	1490	1
11799	1940	1
11799	4308	1
11800	2709	1
11801	2709	1
11802	1710	1
11803	1710	1
11804	1788	1
11805	1788	1
11806	6173	1
11807	6173	1
11808	5158	1
11809	5158	1
11811	3217	1
11812	968	1
11812	1437	1
11814	7269	1
11815	7269	1
11816	6177	1
11817	6177	1
11818	1462	1
11819	1462	1
11821	3874	1
11822	2823	1
11823	2823	1
11825	5458	1
11826	3566	1
11827	3566	1
11828	6062	1
11829	6062	1
11832	4684	1
11833	4684	1
11835	4221	1
11837	4263	1
11838	3304	1
11839	3304	1
11840	5772	1
11841	5772	1
11843	3904	1
11844	1052	1
11845	1052	1
11848	6172	1
11850	3041	1
11851	3041	1
11852	3491	1
11853	3491	1
11854	7085	1
11855	7085	1
11857	4251	1
11858	900	1
11859	900	1
11860	3417	1
11861	3417	1
11862	6598	1
11863	6598	1
11864	7056	1
11865	7056	1
11868	7147	1
11869	7147	1
11870	1602	1
11870	6210	1
11871	1602	1
11871	6210	1
11872	3182	1
11872	3859	1
11873	3182	1
11873	3859	1
11874	4554	1
11875	4554	1
11876	3826	1
11877	3826	1
11879	5762	1
11880	2523	1
11881	2523	1
11882	4883	1
11884	5420	1
11885	5420	1
11886	3561	1
11887	3561	1
11888	5057	1
11890	2332	1
11891	2332	1
11892	4026	1
11893	4026	1
11894	1381	1
11896	2014	1
11898	5063	1
11899	5063	1
11900	842	1
11901	842	1
11902	7279	1
11903	7279	1
11904	2542	1
11905	2542	1
11906	3507	1
11908	6613	1
11909	6613	1
11910	5292	1
11912	4133	1
11913	4133	1
11914	6786	1
11915	6786	1
11917	4205	1
11918	2204	1
11919	2204	1
11920	2358	1
11922	4851	1
11923	4851	1
11925	4745	1
11925	5423	1
11926	3036	1
11926	6821	1
11927	3036	1
11927	6821	1
11928	6296	1
11930	2636	1
11931	2636	1
11932	5128	1
11933	5128	1
11934	499	1
11935	499	1
11936	6802	1
11938	2893	1
11939	2893	1
11940	3260	1
11941	3260	1
11942	3654	1
11943	3654	1
11944	7176	1
11945	7176	1
11947	5192	1
11948	1726	1
11948	5353	1
11949	1726	1
11949	5353	1
11950	5632	1
11952	1985	1
11953	1985	1
11955	1123	1
11956	3795	1
11957	3795	1
11958	3540	1
11958	5764	1
11959	3540	1
11959	5764	1
11960	1343	1
11961	1343	1
11962	1937	1
11963	1937	1
11964	5983	1
11966	898	1
11967	898	1
11968	1471	1
11969	1471	1
11970	1593	1
11971	1593	1
11972	7135	1
11973	7135	1
11974	4987	1
11975	4987	1
11976	7266	1
11977	7266	1
11978	365	1
11979	365	1
11980	4544	1
11980	6044	1
11981	4544	1
11981	6044	1
11982	6238	1
11983	6238	1
11984	6913	1
11986	3486	1
11987	3486	1
11988	5928	1
11989	5928	1
11990	2735	1
11992	7189	1
11993	7189	1
11995	2978	1
11997	1401	1
11998	4827	1
11999	4827	1
12000	4955	1
12002	1172	1
12003	1172	1
12004	1109	1
12006	2982	1
12009	6302	1
12010	418	1
12011	418	1
12012	3842	1
12013	3842	1
12016	3282	1
12017	3282	1
12018	6525	1
12019	6525	1
12020	888	1
12021	888	1
12022	4089	1
12023	4089	1
12024	3472	1
12026	5503	1
12029	3543	1
12029	5085	1
12030	2111	1
12031	2111	1
12032	2439	1
12033	2439	1
12035	1896	1
12036	413	1
12036	1114	1
12037	413	1
12037	1114	1
12038	3477	1
12039	3477	1
12040	7017	1
12041	7017	1
12042	2700	1
12043	2700	1
12044	2076	1
12045	2076	1
12046	5165	1
12047	5165	1
12049	5819	1
12050	482	1
12050	6794	1
12051	482	1
12051	6794	1
12052	3121	1
12053	3121	1
12054	2671	1
12058	6666	1
12059	6666	1
12061	1426	1
12062	3809	1
12063	3809	1
12064	2411	1
12066	4230	1
12067	4230	1
12069	1298	1
12070	1466	1
12071	1466	1
12072	3562	1
12073	3562	1
12074	6299	1
12075	6299	1
12076	5925	1
12079	3219	1
12081	4357	1
12082	2189	1
12083	2189	1
12084	1111	1
12085	1111	1
12086	285	1
12088	3332	1
12089	3332	1
12091	3189	1
12091	7334	1
12092	186	1
12093	186	1
12094	4704	1
12095	4704	1
12096	1766	1
12098	3925	1
12099	3925	1
12100	3596	1
12101	3596	1
12102	139	1
12103	139	1
12104	4519	1
12104	4549	1
12104	6532	1
12105	4519	1
12105	4549	1
12105	6532	1
12107	2354	1
12109	621	1
12110	6718	1
12111	6718	1
12112	5527	1
12114	2971	1
12116	6055	1
12117	6055	1
12119	911	1
12121	99	1
12122	6164	1
12123	6164	1
12124	4395	1
12126	554	1
12127	554	1
12128	713	1
12129	713	1
12131	123	1
12134	4655	1
12135	4655	1
12137	1579	1
12140	4537	1
12141	4537	1
12142	1682	1
12143	1682	1
12144	5709	1
12145	5709	1
12146	3928	1
12149	7297	1
12152	5645	1
12154	7322	1
12155	7322	1
12158	834	1
12159	834	1
12160	2187	1
12161	2187	1
12162	2530	1
12163	2530	1
12165	3808	1
12166	6102	1
12167	6102	1
12168	6063	1
12169	6063	1
12171	1015	1
12172	6352	1
12173	6352	1
12174	943	1
12176	1488	1
12177	1488	1
12178	4249	1
12180	4298	1
12181	4298	1
12182	218	1
12183	218	1
12185	5020	1
12186	4499	1
12188	5510	1
12190	1132	1
12191	1132	1
12192	6379	1
12193	6379	1
12194	1575	1
12195	1575	1
12196	3127	1
12198	5345	1
12199	5345	1
12201	6368	1
12202	6831	1
12203	6831	1
12204	519	1
12204	3311	1
12204	6038	1
12205	519	1
12205	3311	1
12205	6038	1
12206	845	1
12206	6991	1
12207	845	1
12207	6991	1
12208	508	1
12209	508	1
12210	6186	1
12211	6186	1
12212	1302	1
12212	5866	1
12215	6687	1
12216	1897	1
12218	201	1
12219	201	1
12220	3763	1
12221	3763	1
12222	2059	1
12222	2448	1
12223	2059	1
12223	2448	1
12225	3483	1
12226	4658	1
12229	7271	1
12230	3163	1
12233	2238	1
12234	3881	1
12235	3881	1
12236	2327	1
12238	3495	1
12240	947	1
12241	947	1
12242	4727	1
12243	4727	1
12244	6690	1
12245	6690	1
12246	6472	1
12247	6472	1
12248	6072	1
12249	6072	1
12250	3589	1
12250	4971	1
12254	6582	1
12256	4600	1
12257	4600	1
12258	5977	1
12260	7030	1
12261	7030	1
12263	1290	1
12264	5373	1
12265	5373	1
12266	1825	1
12267	1825	1
12268	3061	1
12269	3061	1
12270	4696	1
12271	4696	1
12273	3215	1
12274	2182	1
12278	5999	1
12279	5999	1
12280	4289	1
12282	5368	1
12284	5003	1
12285	5003	1
12286	7130	1
12287	7130	1
12288	5310	1
12289	5310	1
12290	2477	1
12291	2477	1
12292	665	1
12293	665	1
12294	7330	1
12295	7330	1
12296	4517	1
12297	4517	1
12298	325	1
12299	325	1
12300	1924	1
12301	1924	1
12302	2091	1
12304	3948	1
12305	3948	1
12306	7051	1
12308	6638	1
12309	6638	1
12310	3236	1
12311	3236	1
12312	2677	1
12313	2677	1
12314	2179	1
12315	2179	1
12316	1186	1
12317	1186	1
12318	2499	1
12318	4036	1
12319	2499	1
12319	4036	1
12320	3752	1
12322	3712	1
12325	2469	1
12326	1485	1
12328	7118	1
12330	3643	1
12331	3643	1
12332	5330	1
12334	2356	1
12335	2356	1
12336	2878	1
12337	2878	1
12338	5281	1
12339	5281	1
12340	148	1
12340	567	1
12341	148	1
12341	567	1
12343	6968	1
12344	135	1
12346	1936	1
12347	1936	1
12348	3120	1
12349	3120	1
12350	5401	1
12351	5401	1
12355	5117	1
12356	6948	1
12358	129	1
12359	129	1
12360	1209	1
12361	1209	1
12362	2483	1
12363	2483	1
12364	7289	1
12365	7289	1
12366	5858	1
12369	7291	1
12371	5323	1
12372	6064	1
12373	6064	1
12374	6293	1
12375	6293	1
12377	1803	1
12378	1775	1
12379	1775	1
12380	385	1
12380	2359	1
12381	385	1
12381	2359	1
12382	2589	1
12383	2589	1
12384	3045	1
12385	3045	1
12386	5519	1
12387	5519	1
12390	5520	1
12390	7299	1
12391	5520	1
12391	7299	1
12392	4531	1
12394	5352	1
12395	5352	1
12396	2570	1
12397	2570	1
12398	5279	1
12399	5279	1
12401	6457	1
12402	308	1
12403	308	1
12404	189	1
12405	189	1
12407	4785	1
12408	5799	1
12409	5799	1
12410	5817	1
12411	5817	1
12412	5783	1
12413	5783	1
12414	5994	1
12415	5994	1
12416	3696	1
12417	3696	1
12418	5962	1
12419	5962	1
12420	2888	1
12421	2888	1
12422	380	1
12423	380	1
12424	5197	1
12425	5197	1
12426	5716	1
12427	5716	1
12429	3503	1
12430	4173	1
12432	773	1
12433	773	1
12434	6292	1
12436	6066	1
12437	6066	1
12438	4806	1
12439	4806	1
12440	6384	1
12442	3198	1
12443	3198	1
12444	3669	1
12444	4829	1
12446	1168	1
12447	1168	1
12448	2205	1
12449	2205	1
12450	1261	1
12451	1261	1
12453	224	1
12454	247	1
12455	247	1
12457	4589	1
12458	3284	1
12458	3336	1
12459	3284	1
12459	3336	1
12460	6941	1
12461	6941	1
12462	5134	1
12463	5134	1
12464	3349	1
12465	3349	1
12466	5039	1
12467	5039	1
12468	6694	1
12471	3194	1
12472	213	1
12473	213	1
12474	4375	1
12475	4375	1
12477	1900	1
12478	3768	1
12479	3768	1
12480	3658	1
12481	3658	1
12482	2138	1
12483	2138	1
12484	5372	1
12485	5372	1
12486	3474	1
12487	3474	1
12488	3675	1
12490	7053	1
12491	7053	1
12493	680	1
12494	5243	1
12495	5243	1
12498	6544	1
12499	6544	1
12500	6993	1
12501	6993	1
12502	4092	1
12505	4838	1
12506	466	1
12508	4804	1
12509	4804	1
12510	199	1
12511	199	1
12512	6564	1
12515	1673	1
12516	3716	1
12519	3650	1
12520	5990	1
12521	5990	1
12522	6054	1
12522	7040	1
12524	762	1
12525	762	1
12526	5899	1
12527	5899	1
12528	1044	1
12529	1044	1
12530	3822	1
12531	3822	1
12532	3616	1
12533	3616	1
12534	7244	1
12535	7244	1
12537	6557	1
12538	2624	1
12540	2957	1
12541	2957	1
12542	1986	1
12543	1986	1
12544	3728	1
12545	3728	1
12546	5189	1
12548	4904	1
12549	4904	1
12550	6608	1
12551	6608	1
12552	4166	1
12553	4166	1
12555	1430	1
12555	5459	1
12556	2680	1
12557	2680	1
12558	4597	1
12560	2914	1
12562	1014	1
12564	5710	1
12565	5710	1
12566	3249	1
12566	4950	1
12567	3249	1
12567	4950	1
12572	3670	1
12573	3670	1
12574	85	1
12574	5105	1
12575	85	1
12575	5105	1
12576	1279	1
12577	1279	1
12578	2701	1
12578	6322	1
12579	2701	1
12579	6322	1
12580	3547	1
12581	3547	1
12583	5599	1
12584	1353	1
12585	1353	1
12586	3177	1
12587	3177	1
12588	2115	1
12589	2115	1
12590	3012	1
12591	3012	1
12592	4605	1
12593	4605	1
12594	5506	1
12595	5506	1
12596	2272	1
12597	2272	1
12598	3402	1
12600	2063	1
12602	6566	1
12603	6566	1
12604	817	1
12605	817	1
12606	3688	1
12608	2405	1
12608	3802	1
12611	575	1
12612	276	1
12613	276	1
12614	2096	1
12615	2096	1
12616	3704	1
12616	4858	1
12617	3704	1
12617	4858	1
12618	962	1
12619	962	1
12620	5229	1
12621	5229	1
12622	779	1
12623	779	1
12624	3473	1
12625	3473	1
12626	5363	1
12627	5363	1
12628	2289	1
12629	2289	1
12630	5002	1
12631	5002	1
12632	3014	1
12633	3014	1
12634	3844	1
12634	4385	1
12635	3844	1
12635	4385	1
12636	1549	1
12637	1549	1
12638	6915	1
12639	6915	1
12641	2793	1
12642	2616	1
12643	2616	1
12644	4752	1
12645	4752	1
12646	4112	1
12647	4112	1
12648	4351	1
12650	1547	1
12652	5926	1
12653	5926	1
12654	4174	1
12655	4174	1
12656	1222	1
12658	2050	1
12659	2050	1
12660	5927	1
12662	1570	1
12663	1570	1
12665	94	1
12667	699	1
12668	467	1
12668	4360	1
12669	467	1
12669	4360	1
12671	3769	1
12672	1758	1
12673	1758	1
12674	6309	1
12675	6309	1
12676	1140	1
12677	1140	1
12678	2595	1
12678	6538	1
12679	2595	1
12679	6538	1
12682	6833	1
12683	6833	1
12684	4331	1
12685	4331	1
12686	196	1
12687	196	1
12688	4409	1
12690	7277	1
12691	7277	1
12692	872	1
12693	872	1
12694	68	1
12695	68	1
12696	2197	1
12697	2197	1
12698	5151	1
12700	4888	1
12701	4888	1
12702	1838	1
12703	1838	1
12704	838	1
12704	6039	1
12706	406	1
12706	3999	1
12707	406	1
12707	3999	1
12708	223	1
12709	223	1
12710	5591	1
12713	1410	1
12714	289	1
12716	4923	1
12717	4923	1
12718	539	1
12719	539	1
12721	3151	1
12722	919	1
12723	919	1
12724	884	1
12725	884	1
12726	2240	1
12727	2240	1
12730	908	1
12731	908	1
12733	836	1
12733	2572	1
12734	193	1
12735	193	1
12736	2217	1
12737	2217	1
12738	1225	1
12739	1225	1
12740	2520	1
12741	2520	1
12742	4472	1
12744	3279	1
12746	6947	1
12747	6947	1
12748	2674	1
12749	2674	1
12750	2565	1
12751	2565	1
12752	3577	1
12753	3577	1
12754	6255	1
12755	6255	1
12756	823	1
12758	528	1
12759	528	1
12760	3431	1
12761	3431	1
12763	805	1
12763	6944	1
12764	3986	1
12765	3986	1
12766	6455	1
12766	6633	1
12767	6455	1
12767	6633	1
12768	1601	1
12769	1601	1
12770	6800	1
12771	6800	1
12772	6045	1
12773	6045	1
12774	724	1
12774	3518	1
12775	724	1
12775	3518	1
12778	2506	1
12779	2506	1
12780	5138	1
12782	2741	1
12783	2741	1
12784	2047	1
12784	3079	1
12787	6635	1
12791	86	1
12792	5014	1
12793	5014	1
12794	2592	1
12796	4008	1
12797	4008	1
12798	674	1
12799	674	1
12800	1976	1
12802	2192	1
12802	3979	1
12803	2192	1
12803	3979	1
12804	2305	1
12805	2305	1
12806	5938	1
12807	5938	1
12808	1190	1
12809	1190	1
12810	663	1
12810	6247	1
12811	663	1
12811	6247	1
12812	1312	1
12813	1312	1
12814	1392	1
12815	1392	1
12817	7298	1
12818	6543	1
12820	3967	1
12820	4593	1
12821	3967	1
12821	4593	1
12822	2124	1
12824	4169	1
12825	4169	1
12826	333	1
12828	6489	1
12829	6489	1
12830	3105	1
12830	4080	1
12832	2663	1
12833	2663	1
12834	6559	1
12835	6559	1
12838	6175	1
12840	959	1
12841	959	1
12842	4980	1
12843	4980	1
12846	401	1
12847	401	1
12848	1158	1
12849	1158	1
12850	1887	1
12851	1887	1
12852	118	1
12853	118	1
12854	7151	1
12857	2743	1
12859	4476	1
12865	2668	1
12866	5934	1
12867	5934	1
12868	3683	1
12869	3683	1
12871	5869	1
12872	840	1
12873	840	1
12874	191	1
12875	191	1
12876	5311	1
12877	5311	1
12878	6198	1
12879	6198	1
12881	4869	1
12884	875	1
12885	875	1
12886	3526	1
12887	3526	1
12889	2184	1
12889	6909	1
12891	5172	1
12892	1091	1
12893	1091	1
12894	15	1
12896	180	1
12897	180	1
12898	1626	1
12899	1626	1
12900	3454	1
12901	3454	1
12902	3692	1
12903	3692	1
12904	5888	1
12905	5888	1
12907	6058	1
12908	3660	1
12909	3660	1
12910	2106	1
12911	2106	1
12913	2811	1
12914	6133	1
12915	6133	1
12916	1432	1
12917	1432	1
12918	967	1
12919	967	1
12920	3443	1
12924	3062	1
12926	1989	1
12927	1989	1
12928	6477	1
12929	6477	1
12930	4814	1
12931	4814	1
12933	2760	1
12934	4969	1
12935	4969	1
12936	2464	1
12938	3932	1
12939	3932	1
12940	2206	1
12941	2206	1
12942	1501	1
12943	1501	1
12944	1016	1
12946	986	1
12947	986	1
12948	3060	1
12948	4446	1
12950	6416	1
12951	6416	1
12952	5456	1
12953	5456	1
12954	2099	1
12955	2099	1
12957	3283	1
12961	3297	1
12962	1560	1
12963	1560	1
12965	618	1
12966	6798	1
12967	6798	1
12968	4158	1
12969	4158	1
12970	2590	1
12971	2590	1
12972	6341	1
12973	6341	1
12974	81	1
12975	81	1
12976	5865	1
12977	5865	1
12978	2846	1
12979	2846	1
12980	6231	1
12982	6001	1
12983	6001	1
12984	6358	1
12985	6358	1
12986	6348	1
12987	6348	1
12988	3823	1
12989	3823	1
12990	7112	1
12991	7112	1
12992	3659	1
12993	3659	1
12994	1396	1
12995	1396	1
12997	2911	1
12999	3825	1
13000	4264	1
13001	4264	1
13002	6343	1
13003	6343	1
13005	586	1
13006	1405	1
13007	1405	1
13008	4769	1
13009	4769	1
13013	1402	1
13014	374	1
13015	374	1
13017	4226	1
13018	648	1
13020	2633	1
13021	2633	1
13022	4686	1
13023	4686	1
13024	6541	1
13025	6541	1
13026	2970	1
13026	7278	1
13027	2970	1
13027	7278	1
13028	6619	1
13030	4132	1
13030	7275	1
13031	4132	1
13031	7275	1
13032	985	1
13034	3572	1
13034	4879	1
13035	3572	1
13035	4879	1
13036	5649	1
13036	6769	1
13037	5649	1
13037	6769	1
13039	5048	1
13040	3280	1
13042	1041	1
13043	1041	1
13044	7220	1
13045	7220	1
13047	2432	1
13048	4833	1
13049	4833	1
13051	26	1
13052	5791	1
13053	5791	1
13054	2335	1
13055	2335	1
13056	3410	1
13057	3410	1
13058	5298	1
13060	3731	1
13062	2993	1
13063	2993	1
13064	5114	1
13066	854	1
13069	2196	1
13070	4001	1
13071	4001	1
13072	1155	1
13073	1155	1
13074	4050	1
13075	4050	1
13076	3334	1
13079	4278	1
13080	1048	1
13081	1048	1
13082	7159	1
13084	2311	1
13085	2311	1
13086	1322	1
13088	4786	1
13089	4786	1
13090	3269	1
13091	3269	1
13092	893	1
13092	4234	1
13092	5630	1
13093	893	1
13093	4234	1
13093	5630	1
13094	6733	1
13096	5742	1
13097	5742	1
13098	5137	1
13099	5137	1
13101	5322	1
13102	6892	1
13103	6892	1
13104	1087	1
13104	6159	1
13106	6328	1
13107	6328	1
13110	2074	1
13111	2074	1
13113	4599	1
13115	1142	1
13116	6872	1
13117	6872	1
13118	3392	1
13119	3392	1
13120	6107	1
13122	6534	1
13123	6534	1
13124	323	1
13125	323	1
13127	2734	1
13128	3614	1
13129	3614	1
13130	6901	1
13131	6901	1
13132	1890	1
13133	1890	1
13134	2232	1
13135	2232	1
13136	930	1
13137	930	1
13140	4948	1
13141	4948	1
13142	6242	1
13143	6242	1
13144	4456	1
13145	4456	1
13146	3628	1
13147	3628	1
13148	2392	1
13151	4749	1
13152	4491	1
13153	4491	1
13154	4389	1
13155	4389	1
13156	3888	1
13157	3888	1
13158	1684	1
13159	1684	1
13160	146	1
13161	146	1
13162	432	1
13163	432	1
13164	6753	1
13165	6753	1
13166	2123	1
13166	2906	1
13168	142	1
13169	142	1
13170	3294	1
13171	3294	1
13172	6631	1
13175	7203	1
13178	6475	1
13179	6475	1
13180	5755	1
13180	6465	1
13182	2135	1
13183	2135	1
13185	151	1
13186	5422	1
13187	5422	1
13188	1472	1
13190	1066	1
13191	1066	1
13192	3707	1
13194	5720	1
13196	790	1
13197	790	1
13198	1173	1
13199	1173	1
13200	5249	1
13202	533	1
13203	533	1
13205	2097	1
13206	6715	1
13207	6715	1
13208	2882	1
13209	2882	1
13210	558	1
13211	558	1
13212	616	1
13212	5083	1
13212	6785	1
13213	616	1
13213	5083	1
13213	6785	1
13214	3408	1
13215	3408	1
13216	1350	1
13217	1350	1
13218	447	1
13219	447	1
13220	2706	1
13221	2706	1
13222	5160	1
13223	5160	1
13224	2127	1
13225	2127	1
13226	3993	1
13227	3993	1
13228	6155	1
13229	6155	1
13230	6093	1
13232	863	1
13232	7208	1
13233	863	1
13233	7208	1
13234	3943	1
13237	3744	1
13237	4242	1
13238	4346	1
13239	4346	1
13240	2541	1
13241	2541	1
13242	2740	1
13244	435	1
13246	5398	1
13246	6429	1
13247	5398	1
13247	6429	1
13248	2020	1
13249	2020	1
13251	3134	1
13252	3760	1
13254	1942	1
13255	1942	1
13256	2601	1
13257	2601	1
13258	2338	1
13259	2338	1
13260	1630	1
13261	1630	1
13262	802	1
13263	802	1
13264	6220	1
13265	6220	1
13266	4977	1
13269	2460	1
13271	1476	1
13274	4190	1
13275	4190	1
13276	6643	1
13278	5914	1
13279	5914	1
13280	4780	1
13281	4780	1
13283	278	1
13284	5017	1
13285	5017	1
13286	2821	1
13287	2821	1
13288	784	1
13290	4779	1
13291	4779	1
13292	2682	1
13294	3848	1
13295	3848	1
13296	373	1
13296	7156	1
13297	373	1
13297	7156	1
13298	2467	1
13299	2467	1
13300	565	1
13301	565	1
13302	1495	1
13303	1495	1
13304	4069	1
13305	4069	1
13306	5450	1
13307	5450	1
13308	3159	1
13309	3159	1
13310	2159	1
13311	2159	1
13312	222	1
13313	222	1
13314	2445	1
13316	6081	1
13317	6081	1
13318	486	1
13319	486	1
13320	3461	1
13321	3461	1
13322	1326	1
13323	1326	1
13324	2998	1
13327	6779	1
13328	6329	1
13329	6329	1
13330	3386	1
13331	3386	1
13332	163	1
13333	163	1
13334	4284	1
13335	4284	1
13336	3420	1
13336	3665	1
13337	3420	1
13337	3665	1
13338	6988	1
13339	6988	1
13341	5569	1
13342	107	1
13343	107	1
13344	638	1
13344	6121	1
13345	638	1
13345	6121	1
13346	1739	1
13348	2154	1
13349	2154	1
13350	2640	1
13351	2640	1
13352	5102	1
13353	5102	1
13355	1578	1
13356	83	1
13358	582	1
13358	2598	1
13358	4507	1
13359	582	1
13359	2598	1
13359	4507	1
13360	1750	1
13361	1750	1
13362	3701	1
13363	3701	1
13364	691	1
13365	691	1
13366	3575	1
13367	3575	1
13368	5721	1
13369	5721	1
13370	3977	1
13371	3977	1
13373	4852	1
13374	6632	1
13376	3509	1
13377	3509	1
13379	274	1
13379	3424	1
13379	5184	1
13381	302	1
13382	3090	1
13384	7173	1
13385	7173	1
13389	1612	1
13390	4546	1
13391	4546	1
13392	5756	1
13395	5107	1
13397	1804	1
13399	1795	1
13399	4870	1
13400	3179	1
13401	3179	1
13403	98	1
13404	2034	1
13405	2034	1
13406	3533	1
13407	3533	1
13408	1565	1
13409	1565	1
13410	4569	1
13412	3906	1
13413	3906	1
13414	7215	1
13415	7215	1
13416	1664	1
13417	1664	1
13418	4145	1
13419	4145	1
13420	6442	1
13421	6442	1
13423	1210	1
13425	1110	1
13426	2150	1
13428	7201	1
13429	7201	1
13430	4803	1
13431	4803	1
13432	3094	1
13433	3094	1
13434	3414	1
13435	3414	1
13436	3470	1
13438	785	1
13439	785	1
13440	966	1
13441	966	1
13442	409	1
13444	4272	1
13444	5499	1
13445	4272	1
13445	5499	1
13447	217	1
13448	899	1
13450	2468	1
13451	2468	1
13452	1454	1
13453	1454	1
13454	2641	1
13455	2641	1
13456	1394	1
13457	1394	1
13458	3407	1
13459	3407	1
13461	7200	1
13462	2746	1
13462	5397	1
13463	2746	1
13463	5397	1
13464	5411	1
13465	5411	1
13466	3387	1
13467	3387	1
13469	5124	1
13470	1027	1
13471	1027	1
13472	4737	1
13474	3615	1
13475	3615	1
13476	4394	1
13477	4394	1
13478	3512	1
13479	3512	1
13480	6171	1
13482	2758	1
13483	2758	1
13485	1440	1
13485	5610	1
13486	3049	1
13487	3049	1
13488	6424	1
13489	6424	1
13490	692	1
13491	692	1
13493	1651	1
13494	2390	1
13495	2390	1
13496	778	1
13497	778	1
13498	6918	1
13499	6918	1
13502	1428	1
13503	1428	1
13504	3100	1
13505	3100	1
13507	2389	1
13509	4355	1
13510	3301	1
13511	3301	1
13512	5367	1
13513	5367	1
13514	5911	1
13515	5911	1
13516	4735	1
13517	4735	1
13518	3850	1
13519	3850	1
13520	3620	1
13521	3620	1
13522	5186	1
13523	5186	1
13526	4030	1
13527	4030	1
13528	735	1
13530	294	1
13530	3998	1
13531	294	1
13531	3998	1
13533	3372	1
13534	2456	1
13536	1826	1
13537	1826	1
13538	3227	1
13539	3227	1
13540	1514	1
13541	1514	1
13542	7117	1
13542	7233	1
13543	7117	1
13543	7233	1
13544	2683	1
13545	2683	1
13547	368	1
13548	1135	1
13549	1135	1
13550	3541	1
13551	3541	1
13553	5752	1
13554	796	1
13555	796	1
13556	1391	1
13557	1391	1
13558	5602	1
13559	5602	1
13560	3460	1
13561	3460	1
13562	1588	1
13565	3789	1
13566	7188	1
13567	7188	1
13568	2669	1
13569	2669	1
13570	672	1
13571	672	1
13572	4716	1
13573	4716	1
13574	7054	1
13575	7054	1
13577	1377	1
13578	1711	1
13580	5412	1
13581	5412	1
13582	3098	1
13583	3098	1
13584	2562	1
13585	2562	1
13587	2193	1
13588	5579	1
13589	5579	1
13590	6017	1
13591	6017	1
13592	259	1
13593	259	1
13594	6695	1
13596	3351	1
13597	3351	1
13598	5242	1
13599	5242	1
13600	1972	1
13601	1972	1
13602	1013	1
13602	3557	1
13603	1013	1
13603	3557	1
13604	1487	1
13605	1487	1
13606	896	1
13607	896	1
13609	3549	1
13610	3075	1
13611	3075	1
13612	4459	1
13613	4459	1
13614	630	1
13615	630	1
13616	1280	1
13617	1280	1
13618	6184	1
13622	7069	1
13623	7069	1
13624	4861	1
13625	4861	1
13626	1119	1
13627	1119	1
13628	2764	1
13629	2764	1
13630	6402	1
13632	942	1
13632	1689	1
13632	4358	1
13633	942	1
13633	1689	1
13633	4358	1
13634	5891	1
13635	5891	1
13636	1771	1
13637	1771	1
13638	5998	1
13639	5998	1
13640	1174	1
13643	4148	1
13645	2720	1
13646	1197	1
13646	4612	1
13647	1197	1
13647	4612	1
13648	3067	1
13650	5623	1
13651	5623	1
13653	1994	1
13654	4515	1
13655	4515	1
13656	434	1
13656	5170	1
13657	434	1
13657	5170	1
13658	2465	1
13659	2465	1
13660	4878	1
13661	4878	1
13662	4454	1
13663	4454	1
13664	312	1
13665	312	1
13666	7286	1
13667	7286	1
13668	2349	1
13669	2349	1
13672	4096	1
13673	4096	1
13674	7199	1
13675	7199	1
13676	850	1
13677	850	1
13679	2373	1
13680	2972	1
13681	2972	1
13683	6323	1
13684	3162	1
13685	3162	1
13687	1458	1
13689	7064	1
13690	1598	1
13691	1598	1
13692	4469	1
13693	4469	1
13694	3715	1
13695	3715	1
13696	5361	1
13697	5361	1
13698	750	1
13701	1216	1
13702	3395	1
13703	3395	1
13705	4715	1
13706	2239	1
13708	342	1
13708	5680	1
13709	342	1
13709	5680	1
13710	1226	1
13711	1226	1
13712	97	1
13713	97	1
13715	921	1
13715	5853	1
13716	1764	1
13717	1764	1
13720	3514	1
13721	3514	1
13722	5590	1
13723	5590	1
13724	3648	1
13725	3648	1
13726	255	1
13727	255	1
13728	7268	1
13729	7268	1
13730	5787	1
13731	5787	1
13732	4352	1
13733	4352	1
13734	1054	1
13735	1054	1
13737	4025	1
13738	3412	1
13739	3412	1
13740	3914	1
13741	3914	1
13742	7158	1
13743	7158	1
13744	5220	1
13744	6415	1
13746	6974	1
13747	6974	1
13748	2484	1
13748	2881	1
13749	2484	1
13749	2881	1
13750	6681	1
13751	6681	1
13752	256	1
13752	4332	1
13753	256	1
13753	4332	1
13755	111	1
13755	3968	1
13759	6381	1
13760	3733	1
13761	3733	1
13762	2242	1
13763	2242	1
13764	4632	1
13766	433	1
13766	3396	1
13767	433	1
13767	3396	1
13769	2866	1
13770	3649	1
13771	3649	1
13772	1735	1
13773	1735	1
13775	4453	1
13776	169	1
13776	3552	1
13776	4505	1
13777	169	1
13777	3552	1
13777	4505	1
13778	7059	1
13779	7059	1
13780	5877	1
13781	5877	1
13782	3248	1
13783	3248	1
13784	597	1
13786	3629	1
13787	3629	1
13788	5473	1
13789	5473	1
13790	2176	1
13790	2364	1
13792	1368	1
13792	1609	1
13793	1368	1
13793	1609	1
13795	6028	1
13796	6387	1
13797	6387	1
13798	1461	1
13799	1461	1
13801	3423	1
13802	561	1
13803	561	1
13804	6574	1
13805	6574	1
13806	5677	1
13809	637	1
13811	376	1
13812	2203	1
13813	2203	1
13814	2644	1
13815	2644	1
13816	4015	1
13817	4015	1
13818	4962	1
13819	4962	1
13821	6778	1
13822	2833	1
13823	2833	1
13824	20	1
13825	20	1
13826	1634	1
13828	4052	1
13829	4052	1
13830	2986	1
13831	2986	1
13832	7084	1
13833	7084	1
13834	3661	1
13837	3854	1
13837	4912	1
13837	6251	1
13839	22	1
13841	4993	1
13842	2887	1
13843	2887	1
13844	1074	1
13845	1074	1
13846	2879	1
13847	2879	1
13848	5795	1
13849	5795	1
13851	1053	1
13852	5156	1
13853	5156	1
13854	5032	1
13857	1819	1
13858	5889	1
13859	5889	1
13860	503	1
13862	240	1
13863	240	1
13866	1883	1
13868	3276	1
13869	3276	1
13870	749	1
13871	749	1
13873	1582	1
13874	3202	1
13875	3202	1
13876	5047	1
13877	5047	1
13879	1018	1
13880	765	1
13881	765	1
13882	6399	1
13883	6399	1
13884	1273	1
13885	1273	1
13886	4596	1
13888	3671	1
13889	3671	1
13890	476	1
13891	476	1
13892	3267	1
13893	3267	1
13894	1920	1
13895	1920	1
13897	6871	1
13899	5608	1
13901	2444	1
13902	6606	1
13903	6606	1
13904	7184	1
13905	7184	1
13906	6959	1
13908	2021	1
13909	2021	1
13910	509	1
13911	509	1
13913	1151	1
13915	1870	1
13916	5379	1
13917	5379	1
13919	3168	1
13920	2015	1
13920	4510	1
13921	2015	1
13921	4510	1
13922	6830	1
13923	6830	1
13924	523	1
13925	523	1
13926	3480	1
13926	5878	1
13927	3480	1
13927	5878	1
13928	4793	1
13929	4793	1
13930	7258	1
13932	1320	1
13933	1320	1
13935	783	1
13936	5486	1
13937	5486	1
13938	4250	1
13939	4250	1
13940	2761	1
13941	2761	1
13945	5466	1
13946	609	1
13947	609	1
13948	6484	1
13949	6484	1
13951	856	1
13953	5321	1
13955	4462	1
13956	4663	1
13957	4663	1
13959	233	1
13959	2008	1
13960	1385	1
13961	1385	1
13962	7257	1
13963	7257	1
13964	5053	1
13966	7049	1
13968	5001	1
13969	5001	1
13970	3310	1
13971	3310	1
13972	6271	1
13973	6271	1
13975	5427	1
13976	6921	1
13977	6921	1
13978	5495	1
13979	5495	1
13980	4720	1
13981	4720	1
13982	464	1
13983	464	1
13984	54	1
13985	54	1
13986	7042	1
13987	7042	1
13988	4108	1
13992	5803	1
13995	5844	1
13997	1400	1
13998	4420	1
13999	4420	1
14000	3436	1
14001	3436	1
14002	2886	1
14003	2886	1
14005	7101	1
14008	1939	1
14009	1939	1
14010	1966	1
14011	1966	1
14012	5070	1
14013	5070	1
14015	3206	1
14017	5234	1
14019	687	1
14021	279	1
14022	6380	1
14023	6380	1
14024	2813	1
14025	2813	1
14026	3338	1
14027	3338	1
14028	5336	1
14030	80	1
14031	80	1
14032	4914	1
14033	4914	1
14034	3973	1
14034	6313	1
14035	3973	1
14035	6313	1
14036	7125	1
14037	7125	1
14038	1908	1
14039	1908	1
14041	7001	1
14042	2876	1
14043	2876	1
14044	2795	1
14045	2795	1
14046	1696	1
14047	1696	1
14048	3990	1
14049	3990	1
14050	7217	1
14051	7217	1
14054	2943	1
14055	2943	1
14056	3459	1
14057	3459	1
14058	4933	1
14058	6131	1
14059	4933	1
14059	6131	1
14060	360	1
14061	360	1
14062	820	1
14063	820	1
14065	6976	1
14066	7141	1
14068	6934	1
14069	6934	1
14070	6704	1
14071	6704	1
14074	6297	1
14076	3263	1
14077	3263	1
14078	1730	1
14079	1730	1
14081	2822	1
14082	3705	1
14084	4473	1
14085	4473	1
14087	1028	1
14088	2525	1
14089	2525	1
14091	226	1
14091	608	1
14091	3278	1
14092	3949	1
14093	3949	1
14094	1292	1
14095	1292	1
14096	3619	1
14097	3619	1
14098	1250	1
14099	1250	1
14100	2719	1
14102	6691	1
14103	6691	1
14104	1071	1
14106	4443	1
14107	4443	1
14109	1245	1
14110	4542	1
14111	4542	1
14112	787	1
14113	787	1
14114	96	1
14114	3447	1
14115	96	1
14115	3447	1
14116	1866	1
14117	1866	1
14118	2005	1
14120	2044	1
14121	2044	1
14122	4633	1
14123	4633	1
14124	935	1
14125	935	1
14126	1831	1
14127	1831	1
14128	2026	1
14129	2026	1
14131	532	1
14132	3774	1
14134	895	1
14135	895	1
14136	577	1
14137	577	1
14140	6204	1
14141	6204	1
14142	183	1
14143	183	1
14144	4703	1
14145	4703	1
14146	2125	1
14147	2125	1
14148	1205	1
14149	1205	1
14150	4344	1
14151	4344	1
14152	6280	1
14154	4739	1
14157	4937	1
14158	1892	1
14159	1892	1
14160	6866	1
14161	6866	1
14162	2213	1
14163	2213	1
14164	6234	1
14165	6234	1
14166	244	1
14168	6326	1
14169	6326	1
14170	2104	1
14171	2104	1
14172	2146	1
14173	2146	1
14175	2603	1
14176	3118	1
14177	3118	1
14178	2435	1
14179	2435	1
14180	4313	1
14181	4313	1
14182	6203	1
14183	6203	1
14184	6878	1
14185	6878	1
14186	5960	1
14187	5960	1
14188	5464	1
14190	72	1
14191	72	1
14192	6135	1
14195	6316	1
14197	362	1
14198	5399	1
14199	5399	1
14200	5031	1
14201	5031	1
14203	4354	1
14204	6237	1
14205	6237	1
14206	4771	1
14207	4771	1
14208	542	1
14209	542	1
14212	3525	1
14213	3525	1
14214	1783	1
14214	6922	1
14215	1783	1
14215	6922	1
14216	624	1
14217	624	1
14218	4594	1
14220	7312	1
14222	5218	1
14224	2036	1
14226	3940	1
14227	3940	1
14228	1006	1
14229	1006	1
14230	5906	1
14231	5906	1
14233	5174	1
14233	6660	1
14234	4359	1
14236	6156	1
14237	6156	1
14238	4268	1
14239	4268	1
14241	7262	1
14242	6076	1
14243	6076	1
14245	4327	1
14247	4097	1
14248	6848	1
14249	6848	1
14250	6288	1
14251	6288	1
14252	1718	1
14253	1718	1
14254	3721	1
14255	3721	1
14257	7293	1
14260	3150	1
14260	4222	1
14261	3150	1
14261	4222	1
14262	1333	1
14263	1333	1
14264	1633	1
14266	2618	1
14268	2834	1
14269	2834	1
14270	3145	1
14270	5996	1
14271	3145	1
14271	5996	1
14274	3382	1
14275	3382	1
14276	5386	1
14278	3158	1
14278	5792	1
14279	3158	1
14279	5792	1
14281	7205	1
14282	3393	1
14285	3072	1
14286	5765	1
14287	5765	1
14288	5543	1
14289	5543	1
14290	595	1
14291	595	1
14292	5175	1
14293	5175	1
14295	3239	1
14296	7305	1
14296	7315	1
14297	7305	1
14297	7315	1
14299	1019	1
14300	106	1
14301	106	1
14302	493	1
14302	5507	1
14303	493	1
14303	5507	1
14304	78	1
14308	2098	1
14310	1093	1
14311	1093	1
14313	3085	1
14314	6357	1
14315	6357	1
14316	4165	1
14316	5563	1
14317	4165	1
14317	5563	1
14318	1349	1
14320	982	1
14321	982	1
14322	1527	1
14323	1527	1
14324	4090	1
14325	4090	1
14326	7273	1
14327	7273	1
14328	5761	1
14329	5761	1
14330	3004	1
14331	3004	1
14332	2819	1
14333	2819	1
14334	2321	1
14335	2321	1
14336	5560	1
14337	5560	1
14339	2909	1
14339	6486	1
14340	4433	1
14341	4433	1
14342	1708	1
14343	1708	1
14344	5149	1
14345	5149	1
14348	775	1
14350	2646	1
14351	2646	1
14353	4199	1
14355	4	1
14356	7137	1
14359	2716	1
14360	2142	1
14361	2142	1
14362	2989	1
14364	51	1
14365	51	1
14366	7021	1
14368	631	1
14369	631	1
14370	6703	1
14371	6703	1
14373	3228	1
14374	7087	1
14375	7087	1
14376	4283	1
14377	4283	1
14378	2181	1
14379	2181	1
14380	2308	1
14381	2308	1
14383	7282	1
14385	3323	1
14386	6747	1
14387	6747	1
14388	4631	1
14389	4631	1
14390	2875	1
14391	2875	1
14392	2122	1
14394	3980	1
14395	3980	1
14396	3371	1
14397	3371	1
14398	1056	1
14399	1056	1
14400	4791	1
14401	4791	1
14404	1574	1
14407	7010	1
14408	421	1
14409	421	1
14411	6641	1
14413	2400	1
14414	5268	1
14415	5268	1
14416	5479	1
14417	5479	1
14418	767	1
14419	767	1
14420	4493	1
14422	478	1
14425	6938	1
14426	5339	1
14427	5339	1
14428	1257	1
14430	689	1
14431	689	1
14432	7178	1
14433	7178	1
14434	6431	1
14436	5035	1
14437	5035	1
14439	4447	1
14440	4315	1
14441	4315	1
14442	5887	1
14444	1232	1
14445	1232	1
14448	4085	1
14449	4085	1
14450	2521	1
14452	4260	1
14453	4260	1
14455	6663	1
14456	3201	1
14457	3201	1
14459	1503	1
14463	5444	1
14463	5876	1
14464	2826	1
14465	2826	1
14466	3600	1
14468	1129	1
14469	1129	1
14470	4109	1
14471	4109	1
14472	6886	1
14473	6886	1
14474	3054	1
14476	2963	1
14476	4079	1
14477	2963	1
14477	4079	1
14478	3435	1
14479	3435	1
14480	3992	1
14482	488	1
14483	488	1
14485	4897	1
14486	2388	1
14487	2388	1
14489	5929	1
14490	3001	1
14492	6860	1
14494	3793	1
14496	4318	1
14497	4318	1
14498	4547	1
14499	4547	1
14500	2568	1
14501	2568	1
14502	2054	1
14503	2054	1
14504	6701	1
14505	6701	1
14508	2591	1
14509	2591	1
14510	797	1
14511	797	1
14512	6026	1
14514	203	1
14516	6338	1
14517	6338	1
14518	3373	1
14519	3373	1
14520	2379	1
14522	2425	1
14523	2425	1
14524	1313	1
14525	1313	1
14526	2892	1
14527	2892	1
14528	2678	1
14529	2678	1
14530	1875	1
14531	1875	1
14533	5895	1
14535	1017	1
14535	4964	1
14536	1622	1
14539	3508	1
14540	3469	1
14541	3469	1
14542	4854	1
14543	4854	1
14544	686	1
14546	3492	1
14548	7052	1
14549	7052	1
14550	3471	1
14551	3471	1
14553	545	1
14554	2441	1
14556	5793	1
14557	5793	1
14561	7288	1
14562	4451	1
14563	4451	1
14564	4478	1
14565	4478	1
14568	2891	1
14569	2891	1
14570	7187	1
14571	7187	1
14573	606	1
14574	2824	1
14575	2824	1
14576	747	1
14577	747	1
14578	5732	1
14580	5262	1
14580	7175	1
14582	918	1
14583	918	1
14584	348	1
14585	348	1
14586	6244	1
14588	490	1
14589	490	1
14591	1219	1
14592	1780	1
14593	1780	1
14594	4314	1
14595	4314	1
14596	6758	1
14598	1002	1
14599	1002	1
14600	1973	1
14601	1973	1
14603	2324	1
14604	4121	1
14607	2581	1
14610	1491	1
14611	1491	1
14614	4196	1
14616	5625	1
14617	5625	1
14618	104	1
14618	1728	1
14619	104	1
14619	1728	1
14620	808	1
14621	808	1
14622	1991	1
14623	1991	1
14624	1117	1
14624	2958	1
14624	5854	1
14627	1983	1
14628	5333	1
14629	5333	1
14631	5072	1
14632	3271	1
14632	3488	1
14634	2328	1
14635	2328	1
14636	3988	1
14637	3988	1
14638	7082	1
14639	7082	1
14640	6792	1
14641	6792	1
14642	7301	1
14643	7301	1
14644	1443	1
14646	2342	1
14649	4811	1
14651	2273	1
14652	4338	1
14653	4338	1
14654	150	1
14655	150	1
14656	5529	1
14657	5529	1
14658	4979	1
14659	4979	1
14660	3895	1
14662	726	1
14663	726	1
14664	315	1
14665	315	1
14666	3479	1
14667	3479	1
14668	6832	1
14671	4463	1
14672	300	1
14673	300	1
14675	2266	1
14676	818	1
14678	3910	1
14679	3910	1
14680	2859	1
14681	2859	1
14682	3421	1
14683	3421	1
14684	252	1
14685	252	1
14686	1479	1
14688	937	1
14689	937	1
14690	7126	1
14691	7126	1
14692	2399	1
14694	2262	1
14695	2262	1
14697	3918	1
14698	6983	1
14699	6983	1
14700	2505	1
14702	1364	1
14703	1364	1
14704	5941	1
14705	5941	1
14706	3735	1
14707	3735	1
14709	3602	1
14710	5376	1
14711	5376	1
14712	3778	1
14713	3778	1
14714	3293	1
14715	3293	1
14716	649	1
14716	1237	1
14716	5392	1
14719	5931	1
14720	792	1
14721	792	1
14722	6584	1
14723	6584	1
14724	5559	1
14725	5559	1
14728	2202	1
14731	3364	1
14732	2732	1
14733	2732	1
14736	3714	1
14737	3714	1
14738	6616	1
14739	6616	1
14740	3057	1
14741	3057	1
14743	6536	1
14744	2291	1
14745	2291	1
14746	825	1
14746	5671	1
14747	825	1
14747	5671	1
14748	1344	1
14749	1344	1
14750	2872	1
14750	3581	1
14752	5482	1
14753	5482	1
14755	5924	1
14756	1182	1
14757	1182	1
14758	4007	1
14759	4007	1
14760	6257	1
14761	6257	1
14762	2496	1
14763	2496	1
14764	7043	1
14765	7043	1
14766	1057	1
14767	1057	1
14768	451	1
14769	451	1
14770	6514	1
14771	6514	1
14774	4336	1
14775	4336	1
14776	1504	1
14777	1504	1
14778	4020	1
14779	4020	1
14780	4163	1
14781	4163	1
14782	5583	1
14784	5126	1
14786	4241	1
14787	4241	1
14788	2178	1
14789	2178	1
14790	6650	1
14791	6650	1
14792	5759	1
14793	5759	1
14794	5210	1
14796	3446	1
14797	3446	1
14799	5348	1
14801	4027	1
14802	3432	1
14803	3432	1
14804	4723	1
14805	4723	1
14806	6266	1
14807	6266	1
14808	961	1
14809	961	1
14810	4863	1
14812	245	1
14813	245	1
14814	3542	1
14815	3542	1
14816	6895	1
14817	6895	1
14820	2486	1
14821	2486	1
14822	2426	1
14823	2426	1
14824	1393	1
14825	1393	1
14826	1252	1
14827	1252	1
14828	195	1
14829	195	1
14830	5693	1
14831	5693	1
14832	2925	1
14833	2925	1
14834	2514	1
14835	2514	1
14836	2449	1
14838	804	1
14839	804	1
14840	38	1
14841	38	1
14842	2370	1
14842	5666	1
14844	6842	1
14845	6842	1
14846	3783	1
14847	3783	1
14848	2185	1
14848	2330	1
14849	2185	1
14849	2330	1
14851	2243	1
14852	1849	1
14852	2207	1
14852	6552	1
14853	1849	1
14853	2207	1
14853	6552	1
14854	2049	1
14855	2049	1
14856	1448	1
14857	1448	1
14858	6325	1
14859	6325	1
14860	75	1
14861	75	1
14862	1535	1
14863	1535	1
14864	5664	1
14865	5664	1
14866	2452	1
14867	2452	1
14868	7228	1
14869	7228	1
14870	5496	1
14871	5496	1
14873	6902	1
14874	1497	1
14875	1497	1
14876	833	1
14878	4712	1
14879	4712	1
14880	5601	1
14881	5601	1
14882	160	1
14883	160	1
14884	8	1
14885	8	1
14887	7113	1
14888	6003	1
14889	6003	1
14890	4588	1
14892	6408	1
14893	6408	1
14894	3720	1
14895	3720	1
14897	6744	1
14898	3708	1
14901	4219	1
14904	915	1
14905	915	1
14906	2609	1
14906	4928	1
14907	2609	1
14907	4928	1
14908	5661	1
14909	5661	1
14910	4321	1
14913	3933	1
14914	6427	1
14915	6427	1
14916	2307	1
14917	2307	1
14918	4584	1
14919	4584	1
14920	5852	1
14921	5852	1
14922	4551	1
14923	4551	1
14924	5217	1
14925	5217	1
14926	6711	1
14927	6711	1
14928	5893	1
14929	5893	1
14930	4736	1
14932	7163	1
14933	7163	1
14934	5421	1
14935	5421	1
14936	398	1
14936	2956	1
14937	398	1
14937	2956	1
14938	5485	1
14938	5892	1
14939	5485	1
14939	5892	1
14940	5635	1
14942	1516	1
14943	1516	1
14944	3926	1
14945	3926	1
14946	3946	1
14947	3946	1
14948	2416	1
14950	1999	1
14951	1999	1
14952	6085	1
14954	952	1
14954	4288	1
14954	6987	1
14955	952	1
14955	4288	1
14955	6987	1
14957	3510	1
14958	2131	1
14959	2131	1
14960	443	1
14961	443	1
14962	4128	1
14963	4128	1
14964	3172	1
14965	3172	1
14966	462	1
14967	462	1
14968	2789	1
14969	2789	1
14970	2710	1
14971	2710	1
14972	2360	1
14973	2360	1
14974	653	1
14975	653	1
14976	246	1
14977	246	1
14978	5592	1
14979	5592	1
14980	6377	1
14981	6377	1
14982	6875	1
14983	6875	1
14984	4468	1
14985	4468	1
14986	5238	1
14988	4996	1
14989	4996	1
14990	4601	1
14991	4601	1
14992	2068	1
14993	2068	1
14994	5079	1
14995	5079	1
14998	1272	1
14999	1272	1
15000	3083	1
15001	3083	1
15002	769	1
15002	5607	1
15003	769	1
15003	5607	1
15004	335	1
15005	335	1
15006	619	1
15008	2431	1
15009	2431	1
15010	2172	1
15012	4538	1
15013	4538	1
15014	4343	1
15014	4637	1
15015	4343	1
15015	4637	1
15016	5041	1
15017	5041	1
15018	220	1
15019	220	1
15020	6667	1
15021	6667	1
15022	7034	1
15023	7034	1
15024	4934	1
15025	4934	1
15026	375	1
15027	375	1
15028	1050	1
15029	1050	1
15031	1325	1
15032	334	1
15033	334	1
15034	1499	1
15035	1499	1
15036	6716	1
15037	6716	1
15038	4733	1
15039	4733	1
15040	4666	1
15041	4666	1
15043	2028	1
15044	4105	1
15045	4105	1
15046	1779	1
15047	1779	1
15048	5809	1
15049	5809	1
15051	4511	1
15053	4521	1
15054	552	1
15054	4901	1
15056	3032	1
15057	3032	1
15058	3377	1
15059	3377	1
15060	3548	1
15061	3548	1
15064	1569	1
15065	1569	1
15066	1729	1
15066	2652	1
15068	3686	1
15069	3686	1
15070	5433	1
15071	5433	1
15072	36	1
15075	7031	1
15076	3724	1
15077	3724	1
15079	3719	1
15080	82	1
15082	1839	1
15084	4688	1
15086	21	1
15087	21	1
15088	5446	1
15090	5487	1
15091	5487	1
15093	1291	1
15096	6994	1
15097	6994	1
15098	2255	1
15099	2255	1
15100	2245	1
15101	2245	1
15102	3106	1
15104	352	1
15106	5375	1
15107	5375	1
15108	1024	1
15108	3863	1
15109	1024	1
15109	3863	1
15110	1063	1
15112	4983	1
15113	4983	1
15114	4245	1
15115	4245	1
15116	2462	1
15117	2462	1
15118	1217	1
15119	1217	1
15120	7304	1
15121	7304	1
15122	2802	1
15124	4127	1
15126	2787	1
15127	2787	1
15128	4609	1
15129	4609	1
15130	3824	1
15131	3824	1
15132	2830	1
15133	2830	1
15134	5513	1
15135	5513	1
15136	601	1
15136	5261	1
15137	601	1
15137	5261	1
15138	2676	1
15139	2676	1
15140	7192	1
15141	7192	1
15143	5964	1
15144	807	1
15146	640	1
15148	871	1
15149	871	1
15150	4890	1
15151	4890	1
15152	5240	1
15154	6963	1
15155	6963	1
15156	6088	1
15157	6088	1
15158	1453	1
15160	3376	1
15161	3376	1
15163	5867	1
15164	166	1
15165	166	1
15166	3354	1
15168	3055	1
15170	2901	1
15171	2901	1
15172	958	1
15174	5277	1
15176	6732	1
15177	6732	1
15178	1283	1
15179	1283	1
15180	800	1
15181	800	1
15183	5577	1
15184	3361	1
15184	3905	1
15186	4867	1
15187	4867	1
15188	3455	1
15190	1008	1
15190	4061	1
15192	5227	1
15194	5647	1
15195	5647	1
15196	2144	1
15197	2144	1
15198	3130	1
15198	7129	1
15199	3130	1
15199	7129	1
15201	3438	1
15202	2216	1
15203	2216	1
15204	2937	1
15205	2937	1
15207	3259	1
15208	2120	1
15209	2120	1
15210	5945	1
15212	5714	1
15213	5714	1
15214	6495	1
15215	6495	1
15216	3861	1
15218	2857	1
15220	6877	1
15225	6569	1
15227	3882	1
15228	1787	1
15229	1787	1
15230	288	1
15232	3401	1
15233	3401	1
15234	3360	1
15236	772	1
15237	772	1
15238	5338	1
15240	7235	1
15241	7235	1
15242	3931	1
15242	5213	1
15243	3931	1
15243	5213	1
15244	4023	1
15245	4023	1
15247	4460	1
15249	4297	1
15250	4603	1
15251	4603	1
15252	7169	1
15254	2279	1
15255	2279	1
15256	2801	1
15257	2801	1
15258	4577	1
15259	4577	1
15260	7174	1
15262	2994	1
15263	2994	1
15264	1796	1
15265	1796	1
15266	2380	1
15268	6199	1
15269	6199	1
15270	5484	1
15271	5484	1
15272	3258	1
15272	3320	1
15273	3258	1
15273	3320	1
15274	6236	1
15275	6236	1
15276	450	1
15277	450	1
15278	1474	1
15279	1474	1
15281	7121	1
15283	1614	1
15284	3052	1
15286	1962	1
15287	1962	1
15291	6754	1
15292	219	1
15294	6592	1
15295	6592	1
15296	1388	1
15297	1388	1
15299	1165	1
15300	972	1
15301	972	1
15302	3536	1
15303	3536	1
15304	5907	1
15305	5907	1
15307	5403	1
15308	3497	1
15309	3497	1
15310	4550	1
15311	4550	1
15313	5736	1
15315	948	1
15315	2374	1
15316	3554	1
15317	3554	1
15318	5211	1
15319	5211	1
15320	553	1
15322	2647	1
15323	2647	1
15324	175	1
15325	175	1
15326	5206	1
15327	5206	1
15328	5480	1
15329	5480	1
15330	1683	1
15332	4479	1
15333	4479	1
15335	1674	1
15336	6320	1
15337	6320	1
15339	4259	1
15339	5004	1
15340	4559	1
15342	1938	1
15344	4643	1
15345	4643	1
15346	4608	1
15347	4608	1
15348	1324	1
15349	1324	1
15351	927	1
15352	753	1
15353	753	1
15354	1347	1
15354	3679	1
15355	1347	1
15355	3679	1
15357	1993	1
15358	2208	1
15359	2208	1
15361	3040	1
15362	6668	1
15363	6668	1
15364	2325	1
15365	2325	1
15366	6000	1
15369	1031	1
15369	6928	1
15371	2316	1
15373	1319	1
15374	6905	1
15375	6905	1
15376	5461	1
15378	3994	1
15379	3994	1
15380	4179	1
15381	4179	1
15382	463	1
15385	2315	1
15387	1121	1
15388	5739	1
15389	5739	1
15390	6935	1
15391	6935	1
15392	5685	1
15393	5685	1
15394	957	1
15394	3043	1
15395	957	1
15395	3043	1
15396	3920	1
15397	3920	1
15398	5346	1
15401	5215	1
15402	2252	1
15403	2252	1
15404	6697	1
15405	6697	1
15406	6819	1
15408	5177	1
15409	5177	1
15410	4062	1
15411	4062	1
15412	6432	1
15413	6432	1
15414	979	1
15415	979	1
15416	4926	1
15417	4926	1
15418	6498	1
15419	6498	1
15420	929	1
15421	929	1
15422	6857	1
15423	6857	1
15425	2417	1
15426	2275	1
15426	5658	1
15427	2275	1
15427	5658	1
15428	3164	1
15429	3164	1
15430	1082	1
15431	1082	1
15432	4304	1
15434	1749	1
15435	1749	1
15436	3086	1
15439	1649	1
15440	5199	1
15441	5199	1
15442	4713	1
15443	4713	1
15444	5125	1
15445	5125	1
15446	3896	1
15447	3896	1
15448	2815	1
15450	620	1
15451	620	1
15452	970	1
15453	970	1
15454	5873	1
15456	5729	1
15457	5729	1
15458	2517	1
15459	2517	1
15460	1075	1
15461	1075	1
15462	1631	1
15463	1631	1
15464	6461	1
15465	6461	1
15466	4160	1
15467	4160	1
15468	198	1
15469	198	1
15470	2855	1
15471	2855	1
15472	1872	1
15473	1872	1
15475	4714	1
15476	425	1
15477	425	1
15478	2011	1
15479	2011	1
15480	3743	1
15481	3743	1
15482	1714	1
15483	1714	1
15485	2200	1
15486	6033	1
15487	6033	1
15488	2619	1
15489	2619	1
15491	2554	1
15492	5617	1
15494	1112	1
15495	1112	1
15496	2903	1
15497	2903	1
15498	5958	1
15499	5958	1
15500	2451	1
15501	2451	1
15504	3965	1
15505	3965	1
15506	6261	1
15507	6261	1
15508	143	1
15508	1146	1
15508	2470	1
15508	2947	1
15509	143	1
15509	1146	1
15509	2470	1
15509	2947	1
15510	5406	1
15511	5406	1
15512	4204	1
15513	4204	1
15514	3409	1
15516	3739	1
15517	3739	1
15518	6347	1
15519	6347	1
15521	1338	1
15523	622	1
15523	5302	1
15524	4485	1
15525	4485	1
15526	3617	1
15528	702	1
15530	5383	1
15532	3798	1
15533	3798	1
15534	2803	1
15536	1676	1
15538	2849	1
15540	2129	1
15542	760	1
15545	2655	1
15547	4989	1
15548	5013	1
15550	6077	1
15552	4991	1
15554	5922	1
15555	5922	1
15557	454	1
15557	1463	1
15557	2829	1
15558	6201	1
15559	6201	1
15561	4944	1
15562	3465	1
15563	3465	1
15564	4650	1
15565	4650	1
15566	5280	1
15567	5280	1
15568	1444	1
15569	1444	1
15570	2065	1
15571	2065	1
15572	412	1
15573	412	1
15574	1213	1
15575	1213	1
15576	1855	1
15576	2249	1
15577	1855	1
15577	2249	1
15578	296	1
15579	296	1
15580	6254	1
15581	6254	1
15582	6249	1
15583	6249	1
15584	6596	1
15585	6596	1
15586	6952	1
15587	6952	1
15588	122	1
15589	122	1
15591	5050	1
15592	5299	1
15593	5299	1
15594	5269	1
15595	5269	1
15597	1000	1
15598	5545	1
15599	5545	1
15600	4692	1
15601	4692	1
15602	4116	1
15603	4116	1
15604	7249	1
15605	7249	1
15607	4099	1
15607	6717	1
15608	1468	1
15609	1468	1
15610	1531	1
15611	1531	1
15612	1510	1
15613	1510	1
15614	2437	1
15615	2437	1
15617	3513	1
15618	3348	1
15619	3348	1
15620	2221	1
15621	2221	1
15623	5257	1
15624	2528	1
15624	6491	1
15625	2528	1
15625	6491	1
15626	92	1
15627	92	1
15628	2093	1
15629	2093	1
15630	1046	1
15631	1046	1
15632	4676	1
15633	4676	1
15634	6032	1
15637	371	1
15638	5622	1
15639	5622	1
15640	793	1
15641	793	1
15642	5534	1
15643	5534	1
15644	7226	1
15645	7226	1
15646	2749	1
15648	6502	1
15650	1694	1
15652	306	1
15652	677	1
15652	864	1
15653	306	1
15653	677	1
15653	864	1
15654	3266	1
15655	3266	1
15656	6393	1
15657	6393	1
15658	6840	1
15660	3281	1
15661	3281	1
15662	4636	1
15663	4636	1
15664	2577	1
15665	2577	1
15666	162	1
15667	162	1
15668	7120	1
15669	7120	1
15670	4461	1
15671	4461	1
15672	2537	1
15672	2797	1
15674	5949	1
15675	5949	1
15676	1366	1
15677	1366	1
15678	2566	1
15681	6949	1
15682	6756	1
15683	6756	1
15684	3056	1
15686	7131	1
15688	794	1
15689	794	1
15690	6019	1
15691	6019	1
15692	5183	1
15693	5183	1
15694	5831	1
15697	3192	1
15698	1934	1
15699	1934	1
15701	492	1
15702	1762	1
15703	1762	1
15704	1792	1
15705	1792	1
15706	3923	1
15707	3923	1
15708	4208	1
15709	4208	1
15710	6493	1
15711	6493	1
15712	6407	1
15713	6407	1
15715	4924	1
15716	2919	1
15716	4339	1
15717	2919	1
15717	4339	1
15719	6004	1
15720	4194	1
15721	4194	1
15723	3588	1
15724	954	1
15724	5146	1
15725	954	1
15725	5146	1
15726	5735	1
15728	3226	1
15729	3226	1
15730	2941	1
15731	2941	1
15732	598	1
15733	598	1
15734	6270	1
15735	6270	1
15736	2948	1
15737	2948	1
15738	6183	1
15739	6183	1
15740	5669	1
15741	5669	1
15742	4294	1
15742	5687	1
15743	4294	1
15743	5687	1
15744	6808	1
15746	578	1
15747	578	1
15750	932	1
15752	1049	1
15753	1049	1
15754	2910	1
15754	3305	1
15755	2910	1
15755	3305	1
15756	2108	1
15758	3208	1
15760	6459	1
15761	6459	1
15763	634	1
15764	5846	1
15764	5855	1
15765	5846	1
15765	5855	1
15766	4470	1
15767	4470	1
15768	2899	1
15769	2899	1
15772	6521	1
15773	6521	1
15774	346	1
15777	1085	1
15777	4104	1
15778	5913	1
15778	6932	1
15779	5913	1
15779	6932	1
15780	5291	1
15783	3749	1
15786	6391	1
15787	6391	1
15790	4051	1
15791	4051	1
15792	280	1
15794	3924	1
15795	3924	1
15796	6456	1
15798	2817	1
15799	2817	1
15800	4759	1
15803	4772	1
15805	76	1
15806	4530	1
15807	4530	1
15808	5690	1
15809	5690	1
15810	1641	1
15811	1641	1
15813	848	1
15814	3078	1
15815	3078	1
15816	3224	1
15817	3224	1
15819	2563	1
15821	6873	1
15822	6333	1
15823	6333	1
15825	6087	1
15825	6834	1
15826	5769	1
15827	5769	1
15830	5785	1
15833	7332	1
15833	7333	1
15834	4471	1
15837	670	1
15838	5224	1
15839	5224	1
15840	3642	1
15841	3642	1
15842	1231	1
15844	5836	1
15845	5836	1
15846	535	1
15847	535	1
15849	7020	1
15850	1573	1
15852	4274	1
15854	2953	1
15856	4285	1
15857	4285	1
15858	5808	1
15859	5808	1
15860	1861	1
15861	1861	1
15862	1690	1
15865	1815	1
15865	3080	1
15866	4369	1
15867	4369	1
15868	1922	1
15868	6824	1
15869	1922	1
15869	6824	1
15871	977	1
15872	2621	1
15874	3430	1
15876	661	1
15877	661	1
15878	6319	1
15879	6319	1
15881	4286	1
15883	4171	1
15887	6615	1
15888	5225	1
15889	5225	1
15890	2294	1
15892	1553	1
15893	1553	1
15894	1607	1
15896	41	1
15897	41	1
15898	2198	1
15899	2198	1
15900	6239	1
15901	6239	1
15903	3875	1
15904	110	1
15905	110	1
15906	4474	1
15907	4474	1
15908	6600	1
15910	238	1
15911	238	1
15912	0	1
15912	6851	1
15913	0	1
15913	6851	1
15914	6275	1
15916	3325	1
15917	3325	1
15918	3368	1
15919	3368	1
15921	1846	1
15922	6361	1
15923	6361	1
15924	4126	1
15925	4126	1
15927	1546	1
15929	4094	1
15930	6561	1
15931	6561	1
15932	4581	1
15933	4581	1
15934	2366	1
15935	2366	1
15936	7160	1
15938	3197	1
15941	4768	1
15942	6463	1
15943	6463	1
15944	3047	1
15945	3047	1
15946	2378	1
15948	2296	1
15949	2296	1
15950	2596	1
15952	3288	1
15953	3288	1
15955	4509	1
15956	4003	1
15957	4003	1
15959	1122	1
15960	4967	1
15961	4967	1
15962	3767	1
15963	3767	1
15964	2968	1
15965	2968	1
15966	4125	1
15967	4125	1
15968	1288	1
15970	1187	1
15970	1376	1
15970	1421	1
15971	1187	1
15971	1376	1
15971	1421	1
15972	732	1
15973	732	1
15974	3170	1
15975	3170	1
15979	5327	1
15980	3415	1
15981	3415	1
15982	5099	1
15983	5099	1
15984	4329	1
15985	4329	1
15986	4809	1
15987	4809	1
15988	5838	1
15989	5838	1
15990	744	1
15991	744	1
15992	6508	1
15993	6508	1
15994	3068	1
15995	3068	1
15996	4186	1
15997	4186	1
15998	1276	1
15999	1276	1
16000	6166	1
16002	4282	1
16003	4282	1
16004	1387	1
16006	1358	1
16007	1358	1
16008	2839	1
16009	2839	1
16011	3983	1
16012	1675	1
16013	1675	1
16014	5505	1
16015	5505	1
16016	715	1
16017	715	1
16018	685	1
16019	685	1
16020	3887	1
16021	3887	1
16022	1562	1
16023	1562	1
16024	541	1
16024	4255	1
16025	541	1
16025	4255	1
16026	2212	1
16027	2212	1
16028	483	1
16030	277	1
16032	3962	1
16033	3962	1
16035	1929	1
16036	399	1
16037	399	1
16039	5371	1
16040	2715	1
16041	2715	1
16042	3073	1
16043	3073	1
16044	5651	1
16045	5651	1
16046	7256	1
16048	2661	1
16050	416	1
16050	1725	1
16052	4812	1
16053	4812	1
16054	3490	1
16055	3490	1
16056	6287	1
16056	6981	1
16057	6287	1
16057	6981	1
16058	3668	1
16059	3668	1
16060	4954	1
16061	4954	1
16062	1507	1
16063	1507	1
16064	487	1
16065	487	1
16067	5447	1
16069	4561	1
16071	7149	1
16072	2696	1
16073	2696	1
16075	336	1
16076	1858	1
16077	1858	1
16079	4434	1
16080	6006	1
16082	4699	1
16083	4699	1
16084	3936	1
16085	3936	1
16086	3655	1
16087	3655	1
16088	4972	1
16089	4972	1
16090	4835	1
16091	4835	1
16094	215	1
16095	215	1
16097	696	1
16098	1373	1
16099	1373	1
16100	3623	1
16101	3623	1
16102	211	1
16104	916	1
16105	916	1
16106	298	1
16108	455	1
16109	455	1
16111	4978	1
16112	3915	1
16113	3915	1
16115	6527	1
16116	6147	1
16117	6147	1
16118	2353	1
16119	2353	1
16120	3030	1
16125	2060	1
16126	6421	1
16127	6421	1
16128	1092	1
16128	6334	1
16130	4135	1
16132	3718	1
16134	6507	1
16135	6507	1
16136	3922	1
16137	3922	1
16138	1361	1
16139	1361	1
16140	2858	1
16141	2858	1
16142	4044	1
16143	4044	1
16144	4974	1
16146	7232	1
16147	7232	1
16149	5474	1
16150	2340	1
16151	2340	1
16152	4670	1
16153	4670	1
16154	4665	1
16155	4665	1
16156	5574	1
16157	5574	1
16158	2790	1
16159	2790	1
16160	3777	1
16161	3777	1
16162	4805	1
16163	4805	1
16164	6446	1
16165	6446	1
16167	3	1
16168	3379	1
16170	4064	1
16171	4064	1
16172	6526	1
16175	2153	1
16177	3342	1
16178	6023	1
16179	6023	1
16180	3978	1
16181	3978	1
16182	472	1
16183	472	1
16184	7152	1
16187	4497	1
16188	3494	1
16191	5565	1
16192	2368	1
16193	2368	1
16194	2561	1
16195	2561	1
16196	4078	1
16197	4078	1
16199	4256	1
16200	1360	1
16200	4690	1
16202	3656	1
16204	4072	1
16205	4072	1
16207	2147	1
16208	4192	1
16209	4192	1
16211	3246	1
16211	7095	1
16212	5357	1
16213	5357	1
16214	3622	1
16215	3622	1
16216	270	1
16217	270	1
16219	7128	1
16220	6880	1
16221	6880	1
16223	2638	1
16224	2778	1
16228	141	1
16230	7018	1
16231	7018	1
16232	3253	1
16233	3253	1
16234	6542	1
16235	6542	1
16236	4187	1
16237	4187	1
16239	2309	1
16240	1687	1
16241	1687	1
16242	3639	1
16243	3639	1
16244	757	1
16245	757	1
16246	5318	1
16247	5318	1
16248	1090	1
16248	5068	1
16249	1090	1
16249	5068	1
16250	6306	1
16251	6306	1
16252	2620	1
16253	2620	1
16254	410	1
16255	410	1
16256	6370	1
16257	6370	1
16258	4710	1
16259	4710	1
16260	5788	1
16261	5788	1
16262	6682	1
16263	6682	1
16264	6490	1
16265	6490	1
16266	6404	1
16267	6404	1
16269	641	1
16270	1118	1
16272	5879	1
16273	5879	1
16274	6109	1
16275	6109	1
16277	1098	1
16278	5214	1
16279	5214	1
16280	5233	1
16281	5233	1
16282	5969	1
16283	5969	1
16284	4362	1
16287	286	1
16288	58	1
16289	58	1
16290	1767	1
16291	1767	1
16292	6011	1
16294	2923	1
16295	2923	1
16296	4390	1
16297	4390	1
16298	2012	1
16301	7296	1
16302	103	1
16303	103	1
16304	2377	1
16305	2377	1
16306	4765	1
16307	4765	1
16308	798	1
16309	798	1
16310	1576	1
16311	1576	1
16313	5038	1
16314	6676	1
16315	6676	1
16317	2657	1
16318	2175	1
16320	3591	1
16321	3591	1
16322	1840	1
16323	1840	1
16325	859	1
16325	2376	1
16326	6300	1
16327	6300	1
16329	6601	1
16332	287	1
16333	287	1
16334	5530	1
16335	5530	1
16336	4738	1
16337	4738	1
16338	1126	1
16339	1126	1
16340	2362	1
16342	5154	1
16343	5154	1
16344	6673	1
16345	6673	1
16348	1505	1
16349	1505	1
16350	5034	1
16351	5034	1
16352	3900	1
16353	3900	1
16354	658	1
16356	7058	1
16357	7058	1
16358	5585	1
16360	3434	1
16362	1431	1
16363	1431	1
16366	6260	1
16367	6260	1
16368	1799	1
16369	1799	1
16370	3287	1
16371	3287	1
16372	5882	1
16373	5882	1
16374	2835	1
16375	2835	1
16376	1810	1
16377	1810	1
16378	5424	1
16379	5424	1
16380	858	1
16382	84	1
16384	1816	1
16385	1816	1
16386	1380	1
16387	1380	1
16388	1297	1
16389	1297	1
16390	3505	1
16390	5702	1
16392	4074	1
16392	5974	1
16393	4074	1
16393	5974	1
16394	2895	1
16395	2895	1
16397	5918	1
16398	1935	1
16399	1935	1
16401	382	1
16402	1034	1
16403	1034	1
16404	5715	1
16405	5715	1
16406	559	1
16407	559	1
16408	6900	1
16409	6900	1
16410	214	1
16413	6970	1
16414	5284	1
16416	3456	1
16417	3456	1
16418	2730	1
16419	2730	1
16420	3723	1
16421	3723	1
16422	6099	1
16422	6888	1
16423	6099	1
16423	6888	1
16425	2270	1
16426	3111	1
16427	3111	1
16430	1571	1
16431	1571	1
16433	3687	1
16434	100	1
16435	100	1
16436	6602	1
16437	6602	1
16438	1688	1
16440	52	1
16441	52	1
16442	5521	1
16443	5521	1
16444	5428	1
16445	5428	1
16446	6294	1
16447	6294	1
16448	1957	1
16449	1957	1
16450	2053	1
16451	2053	1
16452	1334	1
16454	147	1
16455	147	1
16456	4012	1
16457	4012	1
16459	339	1
16459	1644	1
16460	1077	1
16461	1077	1
16465	2339	1
16466	1346	1
16467	1346	1
16468	3673	1
16469	3673	1
16470	4689	1
16471	4689	1
16472	1980	1
16473	1980	1
16474	3370	1
16475	3370	1
16477	4797	1
16478	780	1
16479	780	1
16481	2107	1
16482	1304	1
16483	1304	1
16484	468	1
16485	468	1
16486	1348	1
16487	1348	1
16488	1954	1
16489	1954	1
16490	3985	1
16491	3985	1
16493	5648	1
16494	2071	1
16495	2071	1
16496	1978	1
16498	5182	1
16499	5182	1
16500	5258	1
16501	5258	1
16502	4616	1
16503	4616	1
16504	5827	1
16505	5827	1
16506	6869	1
16507	6869	1
16510	3128	1
16511	3128	1
16512	1910	1
16515	2783	1
16516	2873	1
16517	2873	1
16518	7153	1
16519	7153	1
16520	6503	1
16521	6503	1
16522	5426	1
16523	5426	1
16524	1161	1
16525	1161	1
16527	2913	1
16527	4679	1
16527	6964	1
16528	3241	1
16529	3241	1
16530	4203	1
16532	3044	1
16533	3044	1
16534	2747	1
16536	4110	1
16538	46	1
16538	1568	1
16540	7196	1
16541	7196	1
16542	1677	1
16543	1677	1
16546	2132	1
16553	5835	1
16554	59	1
16555	59	1
16556	2180	1
16557	2180	1
16558	3672	1
16559	3672	1
16560	6863	1
16561	6863	1
16562	4013	1
16563	4013	1
16564	2086	1
16565	2086	1
16566	964	1
16567	964	1
16568	5776	1
16569	5776	1
16570	3916	1
16571	3916	1
16572	7005	1
16573	7005	1
16574	2209	1
16575	2209	1
16576	1102	1
16577	1102	1
16578	6359	1
16579	6359	1
16580	3046	1
16582	2244	1
16582	6434	1
16583	2244	1
16583	6434	1
16584	6146	1
16585	6146	1
16586	1646	1
16588	6852	1
16589	6852	1
16590	6449	1
16592	4002	1
16593	4002	1
16595	4818	1
16596	4821	1
16598	3917	1
16600	3230	1
16601	3230	1
16602	4231	1
16603	4231	1
16604	4788	1
16606	5704	1
16607	5704	1
16609	4751	1
16610	3399	1
16613	4488	1
16615	4439	1
16616	1263	1
16617	1263	1
16618	6793	1
16619	6793	1
16622	956	1
16625	6425	1
16626	1981	1
16630	3482	1
16630	4261	1
16631	3482	1
16631	4261	1
16633	3550	1
16635	2383	1
16636	2630	1
16637	2630	1
16639	5016	1
16640	242	1
16641	242	1
16642	192	1
16643	192	1
16644	3944	1
16645	3944	1
16646	925	1
16647	925	1
16648	892	1
16648	1577	1
16649	892	1
16649	1577	1
16650	4718	1
16651	4718	1
16652	3289	1
16653	3289	1
16655	2066	1
16656	5603	1
16657	5603	1
16658	1801	1
16659	1801	1
16660	1662	1
16661	1662	1
16662	2874	1
16663	2874	1
16664	4945	1
16665	4945	1
16666	592	1
16667	592	1
16668	4652	1
16668	6581	1
16668	6624	1
16670	1907	1
16672	7283	1
16673	7283	1
16675	583	1
16676	5830	1
16677	5830	1
16679	3921	1
16680	6283	1
16681	6283	1
16682	5880	1
16683	5880	1
16684	367	1
16686	4113	1
16687	4113	1
16688	3531	1
16688	5200	1
16689	3531	1
16689	5200	1
16691	437	1
16692	671	1
16693	671	1
16694	2931	1
16695	2931	1
16696	1188	1
16697	1188	1
16699	1522	1
16700	6656	1
16701	6656	1
16706	5654	1
16708	1828	1
16709	1828	1
16710	5007	1
16712	1704	1
16713	1704	1
16714	5526	1
16716	882	1
16717	882	1
16718	154	1
16719	154	1
16720	6418	1
16721	6418	1
16722	1191	1
16723	1191	1
16724	3058	1
16725	3058	1
16727	3350	1
16728	3898	1
16729	3898	1
16730	4408	1
16732	6693	1
16734	3302	1
16735	3302	1
16737	1975	1
16739	2920	1
16740	4855	1
16741	4855	1
16742	4557	1
16743	4557	1
16744	1943	1
16745	1943	1
16746	5388	1
16747	5388	1
16748	2121	1
16750	4932	1
16751	4932	1
16752	2310	1
16754	2283	1
16755	2283	1
16756	1654	1
16757	1654	1
16758	2531	1
16759	2531	1
16760	1152	1
16761	1152	1
16762	550	1
16763	550	1
16764	4610	1
16765	4610	1
16766	4753	1
16768	2481	1
16769	2481	1
16770	7094	1
16771	7094	1
16772	4826	1
16773	4826	1
16774	1193	1
16775	1193	1
16776	1026	1
16777	1026	1
16778	3457	1
16778	4988	1
16779	3457	1
16779	4988	1
16780	2084	1
16781	2084	1
16782	2806	1
16785	6482	1
16786	3321	1
16787	3321	1
16788	5593	1
16789	5593	1
16790	3636	1
16791	3636	1
16792	7011	1
16793	7011	1
16794	5088	1
16796	2382	1
16797	2382	1
16798	2070	1
16800	5948	1
16801	5948	1
16802	1244	1
16803	1244	1
16804	4039	1
16805	4039	1
16806	4894	1
16807	4894	1
16808	4899	1
16809	4899	1
16810	6405	1
16811	6405	1
16812	1429	1
16814	6811	1
16815	6811	1
16817	7078	1
16819	2588	1
16819	3333	1
16820	853	1
16820	3243	1
16821	853	1
16821	3243	1
16822	130	1
16823	130	1
16824	6185	1
16825	6185	1
16827	4180	1
16828	4201	1
16829	4201	1
16830	2656	1
16831	2656	1
16832	2662	1
16832	4183	1
16833	2662	1
16833	4183	1
16835	1889	1
16835	2763	1
16836	2458	1
16837	2458	1
16838	5662	1
16840	3346	1
16841	3346	1
16842	6810	1
16843	6810	1
16844	4742	1
16848	1559	1
16849	1559	1
16850	1162	1
16851	1162	1
16852	5231	1
16856	2940	1
16858	326	1
16859	326	1
16860	4265	1
16861	4265	1
16862	4215	1
16863	4215	1
16864	1822	1
16866	2183	1
16866	6556	1
16867	2183	1
16867	6556	1
16868	3630	1
16869	3630	1
16870	5984	1
16871	5984	1
16872	6535	1
16875	5470	1
16876	4004	1
16877	4004	1
16879	3869	1
16880	4748	1
16882	951	1
16883	951	1
16884	3732	1
16885	3732	1
16886	3123	1
16887	3123	1
16888	1259	1
16889	1259	1
16890	6528	1
16891	6528	1
16892	6152	1
16894	3529	1
16896	6812	1
16898	5612	1
16899	5612	1
16900	6103	1
16901	6103	1
16902	1032	1
16902	2851	1
16902	3681	1
16904	1408	1
16905	1408	1
16906	2805	1
16907	2805	1
16908	3210	1
16909	3210	1
16911	4164	1
16912	6141	1
16914	1963	1
16915	1963	1
16916	5472	1
16917	5472	1
16918	705	1
16920	6221	1
16922	1657	1
16923	1657	1
16924	4324	1
16925	4324	1
16926	924	1
16927	924	1
16928	4293	1
16930	1284	1
16931	1284	1
16932	3353	1
16933	3353	1
16934	6684	1
16935	6684	1
16936	2690	1
16939	7341	1
16940	5313	1
16941	5313	1
16942	3102	1
16942	4566	1
16943	3102	1
16943	4566	1
16945	1521	1
16946	3143	1
16947	3143	1
16949	3725	1
16950	1317	1
16950	5533	1
16951	1317	1
16951	5533	1
16952	4615	1
16952	5987	1
16953	4615	1
16953	5987	1
16954	6855	1
16955	6855	1
16957	1958	1
16957	5600	1
16958	1721	1
16958	4604	1
16958	6761	1
16959	1721	1
16959	4604	1
16959	6761	1
16960	4114	1
16962	1888	1
16963	1888	1
16964	2667	1
16965	2667	1
16967	2384	1
16968	711	1
16969	711	1
16971	2792	1
16972	6894	1
16973	6894	1
16974	5097	1
16976	79	1
16977	79	1
16979	53	1
16980	5222	1
16981	5222	1
16982	2300	1
16983	2300	1
16984	5295	1
16985	5295	1
16986	847	1
16986	4725	1
16987	847	1
16987	4725	1
16988	3404	1
16989	3404	1
16990	5921	1
16991	5921	1
16992	5198	1
16993	5198	1
16995	2905	1
16996	2558	1
16997	2558	1
16998	3750	1
16999	3750	1
17000	221	1
17002	4057	1
17003	4057	1
17004	3569	1
17005	3569	1
17006	3136	1
17007	3136	1
17008	6097	1
17009	6097	1
17010	369	1
17011	369	1
17012	7123	1
17016	5712	1
17017	5712	1
17018	1610	1
17019	1610	1
17020	2936	1
17021	2936	1
17022	3819	1
17023	3819	1
17025	6476	1
17027	1308	1
17028	3662	1
17029	3662	1
17030	2001	1
17033	4317	1
17035	3676	1
17037	2298	1
17038	4674	1
17039	4674	1
17040	2729	1
17042	6796	1
17044	4063	1
17045	4063	1
17046	5824	1
17047	5824	1
17048	4619	1
17049	4619	1
17050	3678	1
17051	3678	1
17052	5015	1
17054	544	1
17054	3426	1
17054	7098	1
17055	544	1
17055	3426	1
17055	7098	1
17057	843	1
17057	1435	1
17058	7074	1
17059	7074	1
17060	5940	1
17061	5940	1
17062	4656	1
17063	4656	1
17064	6394	1
17065	6394	1
17066	1814	1
17066	6371	1
17067	1814	1
17067	6371	1
17069	6957	1
17070	1459	1
17072	1661	1
17073	1661	1
17074	6972	1
17076	1926	1
17077	1926	1
17078	1759	1
17079	1759	1
17080	5586	1
17081	5586	1
17082	1436	1
17083	1436	1
17085	5598	1
17086	3727	1
17087	3727	1
17088	1363	1
17089	1363	1
17090	5169	1
17091	5169	1
17093	5678	1
17095	1307	1
17096	1956	1
17097	1956	1
17098	4311	1
17099	4311	1
17100	1583	1
17101	1583	1
17102	2607	1
17103	2607	1
17104	2286	1
17106	1274	1
17108	4156	1
17109	4156	1
17110	525	1
17110	6700	1
17111	525	1
17111	6700	1
17112	2519	1
17113	2519	1
17114	5701	1
17115	5701	1
17116	5093	1
17117	5093	1
17118	652	1
17121	2090	1
17122	6955	1
17123	6955	1
17124	6364	1
17125	6364	1
17126	7227	1
17128	64	1
17129	64	1
17130	4019	1
17131	4019	1
17132	3865	1
17133	3865	1
17136	3048	1
17137	3048	1
17138	2301	1
17139	2301	1
17140	6104	1
17141	6104	1
17142	1666	1
17143	1666	1
17144	5317	1
17145	5317	1
17146	1597	1
17148	6007	1
17150	2818	1
17151	2818	1
17153	461	1
17154	1874	1
17155	1874	1
17156	3597	1
17157	3597	1
17158	184	1
17158	7016	1
17160	4406	1
17161	4406	1
17163	3433	1
17164	5155	1
17165	5155	1
17166	3416	1
17167	3416	1
17168	5917	1
17169	5917	1
17170	2500	1
17171	2500	1
17172	5770	1
17173	5770	1
17175	1768	1
17176	5868	1
17176	6853	1
17177	5868	1
17177	6853	1
17179	3609	1
17180	4223	1
17181	4223	1
17183	2774	1
17184	3286	1
17185	3286	1
17186	5260	1
17187	5260	1
17189	1817	1
17190	6816	1
17192	6046	1
17192	7103	1
17193	6046	1
17193	7103	1
17194	6216	1
17195	6216	1
17196	4034	1
17197	4034	1
17198	3836	1
17199	3836	1
17200	6130	1
17202	826	1
17203	826	1
17205	2503	1
17206	2143	1
17207	2143	1
17210	498	1
17211	498	1
17212	751	1
17213	751	1
17215	3780	1
17215	5216	1
17216	3011	1
17217	3011	1
17219	1247	1
17220	28	1
17221	28	1
17222	2987	1
17224	3385	1
17225	3385	1
17226	1397	1
17227	1397	1
17228	4565	1
17229	4565	1
17230	1637	1
17231	1637	1
17232	2016	1
17234	6232	1
17237	2564	1
17238	6784	1
17239	6784	1
17242	5514	1
17245	2069	1
17245	4513	1
17246	7134	1
17247	7134	1
17248	635	1
17249	635	1
17250	470	1
17252	5334	1
17253	5334	1
17254	5596	1
17255	5596	1
17256	3876	1
17257	3876	1
17258	1441	1
17259	1441	1
17260	4400	1
17261	4400	1
17262	2917	1
17263	2917	1
17264	5059	1
17265	5059	1
17266	2604	1
17266	5750	1
17267	2604	1
17267	5750	1
17268	2950	1
17269	2950	1
17272	613	1
17273	613	1
17274	6910	1
17276	1	1
17277	1	1
17279	4946	1
17281	1740	1
17282	2651	1
17282	6709	1
17283	2651	1
17283	6709	1
17285	248	1
17286	5096	1
17287	5096	1
17289	1207	1
17290	4629	1
17292	5296	1
17294	3857	1
17295	3857	1
17297	3815	1
17298	5973	1
17300	230	1
17301	230	1
17302	1399	1
17303	1399	1
17304	2080	1
17305	2080	1
17308	1452	1
17309	1452	1
17310	71	1
17311	71	1
17312	3256	1
17314	4824	1
17315	4824	1
17316	6274	1
17317	6274	1
17318	392	1
17319	392	1
17320	4487	1
17323	5400	1
17325	2083	1
17327	3899	1
17328	4957	1
17329	4957	1
17330	2962	1
17331	2962	1
17332	2832	1
17333	2832	1
17334	5502	1
17335	5502	1
17336	4585	1
17337	4585	1
17338	557	1
17338	1555	1
17339	557	1
17339	1555	1
17342	1606	1
17343	1606	1
17344	1911	1
17345	1911	1
17346	623	1
17347	623	1
17349	3233	1
17351	4512	1
17352	3517	1
17353	3517	1
17354	1029	1
17355	1029	1
17360	32	1
17361	32	1
17363	4789	1
17364	2868	1
17365	2868	1
17366	1141	1
17367	1141	1
17368	5285	1
17369	5285	1
17371	4129	1
17371	4337	1
17372	6111	1
17373	6111	1
17374	5991	1
17378	3797	1
17378	7140	1
17379	3797	1
17379	7140	1
17380	1550	1
17381	1550	1
17382	708	1
17383	708	1
17384	1150	1
17385	1150	1
17386	3317	1
17387	3317	1
17388	6826	1
17390	5692	1
17391	5692	1
17392	839	1
17394	6620	1
17395	6620	1
17396	6547	1
17397	6547	1
17398	2938	1
17399	2938	1
17400	5349	1
17401	5349	1
17402	5908	1
17404	2536	1
17405	2536	1
17406	2234	1
17407	2234	1
17408	1843	1
17408	6580	1
17409	1843	1
17409	6580	1
17410	3610	1
17411	3610	1
17412	4159	1
17412	6554	1
17413	4159	1
17413	6554	1
17414	4193	1
17415	4193	1
17416	2722	1
17417	2722	1
17418	1275	1
17419	1275	1
17421	4181	1
17423	5971	1
17424	4140	1
17425	4140	1
17427	3053	1
17428	1467	1
17429	1467	1
17431	2934	1
17432	5148	1
17433	5148	1
17434	4607	1
17436	2693	1
17437	2693	1
17438	4237	1
17438	5679	1
17439	4237	1
17439	5679	1
17441	3139	1
17442	6546	1
17443	6546	1
17444	1842	1
17445	1842	1
17446	4396	1
17447	4396	1
17448	7302	1
17449	7302	1
17450	3161	1
17452	1096	1
17452	5476	1
17453	1096	1
17453	5476	1
17454	752	1
17455	752	1
17457	6908	1
17458	3024	1
17460	2302	1
17460	5091	1
17461	2302	1
17461	5091	1
17462	6142	1
17463	6142	1
17464	5208	1
17465	5208	1
17466	1481	1
17467	1481	1
17468	2755	1
17469	2755	1
17470	6749	1
17472	832	1
17472	2585	1
17473	832	1
17473	2585	1
17475	4342	1
17475	4865	1
17476	45	1
17477	45	1
17478	6013	1
17480	5652	1
17481	5652	1
17482	5377	1
17483	5377	1
17484	33	1
17485	33	1
17487	1355	1
17489	1873	1
17489	2461	1
17489	7028	1
17490	4081	1
17491	4081	1
17492	6728	1
17493	6728	1
17495	4494	1
17496	2061	1
17498	588	1
17500	1685	1
17502	5834	1
17503	5834	1
17504	1850	1
17505	1850	1
17506	7014	1
17507	7014	1
17509	3156	1
17510	4325	1
17511	4325	1
17513	5282	1
17514	6401	1
17516	6145	1
17517	6145	1
17518	4423	1
17519	4423	1
17520	2583	1
17521	2583	1
17523	2808	1
17525	5857	1
17526	6015	1
17527	6015	1
17528	6929	1
17529	6929	1
17530	6123	1
17531	6123	1
17532	1663	1
17533	1663	1
17534	3184	1
17536	3969	1
17537	3969	1
17538	5290	1
17540	295	1
17542	7179	1
17544	2724	1
17545	2724	1
17546	3116	1
17546	4999	1
17547	3116	1
17547	4999	1
17548	3907	1
17549	3907	1
17550	3204	1
17551	3204	1
17552	4895	1
17553	4895	1
17554	5129	1
17555	5129	1
17557	6	1
17559	6330	1
17560	4047	1
17561	4047	1
17562	4539	1
17564	920	1
17566	6989	1
17567	6989	1
17570	654	1
17572	830	1
17573	830	1
17576	3757	1
17579	3981	1
17579	5870	1
17581	5972	1
17582	6735	1
17584	267	1
17585	267	1
17586	4508	1
17587	4508	1
17588	1266	1
17589	1266	1
17590	679	1
17591	679	1
17592	4558	1
17592	4902	1
17593	4558	1
17593	4902	1
17594	1059	1
17596	3107	1
17597	3107	1
17598	5181	1
17599	5181	1
17601	3765	1
17602	6587	1
17604	3912	1
17606	1455	1
17607	1455	1
17608	112	1
17608	6675	1
17609	112	1
17609	6675	1
17611	766	1
17612	933	1
17613	933	1
17614	2840	1
17615	2840	1
17616	2782	1
17617	2782	1
17618	1665	1
17619	1665	1
17620	471	1
17622	4436	1
17623	4436	1
17625	4480	1
17626	3374	1
17628	5193	1
17629	5193	1
17630	5500	1
17631	5500	1
17632	1194	1
17633	1194	1
17634	1919	1
17636	3817	1
17637	3817	1
17638	4984	1
17639	4984	1
17640	4694	1
17641	4694	1
17642	1299	1
17643	1299	1
17644	5848	1
17645	5848	1
17646	6276	1
17648	6056	1
17649	6056	1
17650	4518	1
17651	4518	1
17652	3037	1
17653	3037	1
17655	6350	1
17656	1215	1
17656	2529	1
17658	6647	1
17659	6647	1
17660	3515	1
17661	3515	1
17662	7216	1
17663	7216	1
17664	1566	1
17665	1566	1
17666	604	1
17667	604	1
17668	6282	1
17669	6282	1
17670	5005	1
17672	5528	1
17675	5462	1
17676	6740	1
17677	6740	1
17679	7048	1
17681	4802	1
17682	4227	1
17683	4227	1
17684	4504	1
17685	4504	1
17686	2999	1
17687	2999	1
17688	6943	1
17689	6943	1
17690	1285	1
17691	1285	1
17692	1877	1
17693	1877	1
17695	1183	1
17695	5898	1
17696	381	1
17696	6129	1
17697	381	1
17697	6129	1
17698	4300	1
17699	4300	1
17701	6839	1
17702	3833	1
17704	4741	1
17705	4741	1
17706	953	1
17708	1144	1
17709	1144	1
17711	901	1
17712	293	1
17713	293	1
17714	1772	1
17715	1772	1
17716	149	1
17718	3038	1
17719	3038	1
17720	6373	1
17722	4880	1
17723	4880	1
17724	1145	1
17725	1145	1
17726	4438	1
17728	7290	1
17729	7290	1
17730	3573	1
17731	3573	1
17733	5104	1
17734	3593	1
17735	3593	1
17736	7320	1
17737	7320	1
17738	2424	1
17739	2424	1
17740	6197	1
17741	6197	1
17742	3063	1
17743	3063	1
17744	1669	1
17748	7238	1
17749	7238	1
17750	5443	1
17751	5443	1
17752	4527	1
17753	4527	1
17755	1116	1
17758	1064	1
17759	1064	1
17760	1529	1
17761	1529	1
17762	2043	1
17763	2043	1
17764	3847	1
17765	3847	1
17767	534	1
17768	1667	1
17770	1179	1
17770	3274	1
17771	1179	1
17771	3274	1
17772	3261	1
17773	3261	1
17775	981	1
17776	6767	1
17777	6767	1
17778	42	1
17779	42	1
17780	4545	1
17781	4545	1
17782	6806	1
17783	6806	1
17784	3598	1
17785	3598	1
17786	6040	1
17787	6040	1
17788	3632	1
17789	3632	1
17790	2539	1
17791	2539	1
17792	6651	1
17793	6651	1
17794	2602	1
17795	2602	1
17796	3002	1
17797	3002	1
17798	3864	1
17800	1617	1
17801	1617	1
17803	2765	1
17805	1827	1
17806	3866	1
17807	3866	1
17808	540	1
17808	2772	1
17809	540	1
17809	2772	1
17810	6388	1
17811	6388	1
17812	7303	1
17813	7303	1
17814	4935	1
17815	4935	1
17816	2784	1
17817	2784	1
17819	2768	1
17820	1239	1
17821	1239	1
17822	1913	1
17823	1913	1
17824	5638	1
17825	5638	1
17826	1990	1
17827	1990	1
17828	6345	1
17829	6345	1
17831	4770	1
17832	3902	1
17833	3902	1
17834	5335	1
17836	2371	1
17837	2371	1
17838	4889	1
17840	7328	1
17840	7342	1
17841	7328	1
17841	7342	1
17842	3384	1
17843	3384	1
17844	3502	1
17845	3502	1
17846	2862	1
17848	2664	1
17849	2664	1
17850	6030	1
17851	6030	1
17853	1492	1
17854	5052	1
17855	5052	1
17856	291	1
17857	291	1
17858	1699	1
17859	1699	1
17860	2718	1
17861	2718	1
17862	1918	1
17863	1918	1
17864	431	1
17866	3638	1
17867	3638	1
17868	5802	1
17869	5802	1
17870	2643	1
17870	5814	1
17871	2643	1
17871	5814	1
17873	3608	1
17875	5561	1
17876	5589	1
17877	5589	1
17878	1035	1
17879	1035	1
17880	6688	1
17882	7105	1
17883	7105	1
17885	4248	1
17886	4252	1
17887	4252	1
17888	1278	1
17890	3313	1
17892	992	1
17893	992	1
17894	3843	1
17895	3843	1
17897	5767	1
17898	1181	1
17899	1181	1
17900	5179	1
17901	5179	1
17903	4621	1
17904	6160	1
17905	6160	1
17907	6485	1
17909	1737	1
17910	70	1
17911	70	1
17912	3747	1
17913	3747	1
17914	2681	1
17915	2681	1
17916	2929	1
17917	2929	1
17919	636	1
17919	5689	1
17921	3814	1
17922	946	1
17922	6362	1
17923	946	1
17923	6362	1
17924	2118	1
17925	2118	1
17926	6565	1
17927	6565	1
17929	5570	1
17930	4429	1
17931	4429	1
17932	5890	1
17933	5890	1
17934	6844	1
17935	6844	1
17936	1619	1
17937	1619	1
17938	2896	1
17940	1051	1
17941	1051	1
17942	7274	1
17943	7274	1
17944	4938	1
17945	4938	1
17946	3522	1
17947	3522	1
17949	4049	1
17951	4077	1
17952	1893	1
17953	1893	1
17954	4136	1
17955	4136	1
17956	253	1
17957	253	1
17958	6966	1
17960	1538	1
17963	4432	1
17964	5862	1
17965	5862	1
17967	2996	1
17968	4348	1
17969	4348	1
17970	6211	1
17971	6211	1
17973	4756	1
17974	3787	1
17975	3787	1
17976	124	1
17976	5930	1
17977	124	1
17977	5930	1
17978	6850	1
17980	520	1
17981	520	1
17982	5524	1
17983	5524	1
17984	529	1
17984	4907	1
17985	529	1
17985	4907	1
17986	4719	1
17987	4719	1
17989	5573	1
17990	1912	1
17991	1912	1
17993	1411	1
17994	4041	1
17995	4041	1
17996	6843	1
17997	6843	1
17999	6321	1
18001	6579	1
18002	2042	1
18003	2042	1
18004	6435	1
18005	6435	1
18006	573	1
18007	573	1
18008	4568	1
18009	4568	1
18010	4862	1
18012	1253	1
18013	1253	1
18015	768	1
18015	3746	1
18015	5731	1
18016	4137	1
18021	2224	1
18022	5912	1
18023	5912	1
18024	2642	1
18025	2642	1
18026	3306	1
18027	3306	1
18028	3449	1
18028	4301	1
18029	3449	1
18029	4301	1
18030	3579	1
18031	3579	1
18032	6736	1
18034	2436	1
18035	2436	1
18036	5568	1
18037	5568	1
18038	950	1
18039	950	1
18040	2648	1
18041	2648	1
18042	6422	1
18043	6422	1
18046	3237	1
18047	3237	1
18048	4828	1
18049	4828	1
18050	5624	1
18051	5624	1
18052	5405	1
18054	1604	1
18055	1604	1
18056	5988	1
18057	5988	1
18058	1791	1
18059	1791	1
18060	2281	1
18062	29	1
18063	29	1
18065	3180	1
18066	7242	1
18067	7242	1
18068	6167	1
18069	6167	1
18070	4257	1
18071	4257	1
18072	4246	1
18073	4246	1
18074	1079	1
18075	1079	1
18077	4386	1
18078	2226	1
18079	2226	1
18080	4982	1
18081	4982	1
18082	4638	1
18083	4638	1
18084	2407	1
18085	2407	1
18086	3626	1
18087	3626	1
18089	2318	1
18091	1390	1
18093	6914	1
18094	479	1
18095	479	1
18097	4664	1
18098	706	1
18099	706	1
18100	1703	1
18101	1703	1
18102	4951	1
18103	4951	1
18104	5074	1
18105	5074	1
18106	904	1
18107	904	1
18108	2632	1
18109	2632	1
18110	2429	1
18111	2429	1
18112	3635	1
18113	3635	1
18114	5509	1
18115	5509	1
18116	693	1
18117	693	1
18118	1820	1
18119	1820	1
18120	459	1
18120	2039	1
18122	2116	1
18123	2116	1
18124	505	1
18125	505	1
18126	4122	1
18127	4122	1
18129	4856	1
18130	3437	1
18131	3437	1
18134	5718	1
18135	5718	1
18136	6516	1
18137	6516	1
18138	370	1
18138	1589	1
18139	370	1
18139	1589	1
18140	4262	1
18141	4262	1
18142	6100	1
18143	6100	1
18144	5071	1
18145	5071	1
18146	1296	1
18147	1296	1
18148	809	1
18149	809	1
18150	1395	1
18151	1395	1
18152	1836	1
18153	1836	1
18154	6382	1
18155	6382	1
18156	4642	1
18157	4642	1
18158	1599	1
18160	1318	1
18160	3362	1
18161	1318	1
18161	3362	1
18162	1143	1
18163	1143	1
18164	3832	1
18168	4866	1
18169	4866	1
18170	6960	1
18171	6960	1
18172	3050	1
18173	3050	1
18175	2533	1
18176	7276	1
18177	7276	1
18179	1517	1
18180	2218	1
18181	2218	1
18182	600	1
18183	600	1
18184	4107	1
18186	4029	1
18188	4481	1
18188	7340	1
18190	4303	1
18191	4303	1
18192	30	1
18193	30	1
18195	284	1
18196	868	1
18197	868	1
18199	1001	1
18199	5508	1
18200	4161	1
18201	4161	1
18203	6713	1
18206	2742	1
18207	2742	1
18208	4884	1
18209	4884	1
18210	5540	1
18212	6646	1
18213	6646	1
18214	6059	1
18215	6059	1
18216	7029	1
18218	6805	1
18219	6805	1
18221	5118	1
18222	2169	1
18223	2169	1
18224	1020	1
18225	1020	1
18226	4775	1
18228	2149	1
18229	2149	1
18232	6500	1
18233	6500	1
18234	6080	1
18235	6080	1
18236	6075	1
18237	6075	1
18238	5683	1
18239	5683	1
18241	965	1
18241	5626	1
18242	4000	1
18243	4000	1
18244	1106	1
18244	2649	1
18246	3537	1
18248	208	1
18249	208	1
18251	4994	1
18252	7311	1
18253	7311	1
18254	2916	1
18255	2916	1
18256	7323	1
18257	7323	1
18258	5832	1
18259	5832	1
18260	2048	1
18261	2048	1
18262	610	1
18263	610	1
18266	2194	1
18267	2194	1
18268	5195	1
18269	5195	1
18271	748	1
18272	3753	1
18273	3753	1
18274	7144	1
18275	7144	1
18277	500	1
18278	6487	1
18279	6487	1
18280	5314	1
18283	311	1
18284	4398	1
18285	4398	1
18286	5676	1
18288	4654	1
18289	4654	1
18290	5467	1
18291	5467	1
18292	4832	1
18293	4832	1
18294	4011	1
18295	4011	1
18296	5089	1
18297	5089	1
18298	2871	1
18299	2871	1
18300	2306	1
18302	3216	1
18303	3216	1
18305	2992	1
18305	4871	1
18306	4744	1
18307	4744	1
18309	3356	1
18311	3015	1
18312	1880	1
18312	3565	1
18313	1880	1
18313	3565	1
18314	6284	1
18318	484	1
18319	484	1
18320	4185	1
18321	4185	1
18322	1830	1
18323	1830	1
18324	6053	1
18325	6053	1
18326	1270	1
18327	1270	1
18328	506	1
18328	7009	1
18329	506	1
18329	7009	1
18331	617	1
18331	1375	1
18332	260	1
18334	3419	1
18335	3419	1
18336	158	1
18337	158	1
18340	5196	1
18342	5684	1
18344	496	1
18346	6243	1
18347	6243	1
18348	4873	1
18349	4873	1
18350	3232	1
18351	3232	1
18352	6741	1
18353	6741	1
18354	5328	1
18355	5328	1
18357	6340	1
18358	4033	1
18358	5378	1
18360	1483	1
18361	1483	1
18362	731	1
18363	731	1
18364	6389	1
18366	3146	1
18367	3146	1
18368	5190	1
18370	6629	1
18372	5904	1
18373	5904	1
18374	4740	1
18375	4740	1
18376	5065	1
18377	5065	1
18380	3996	1
18381	3996	1
18382	4035	1
18382	4111	1
18382	5246	1
18383	4035	1
18383	4111	1
18383	5246	1
18384	5902	1
18386	1192	1
18388	675	1
18389	675	1
18391	576	1
18392	3841	1
18393	3841	1
18394	2336	1
18395	2336	1
18396	1383	1
18397	1383	1
18398	2158	1
18398	4911	1
18400	299	1
18400	504	1
18401	299	1
18401	504	1
18402	3631	1
18403	3631	1
18404	7336	1
18405	7336	1
18407	3799	1
18408	6128	1
18409	6128	1
18410	3845	1
18411	3845	1
18412	2754	1
18413	2754	1
18414	5874	1
18415	5874	1
18417	6289	1
18418	3868	1
18420	7004	1
18421	7004	1
18422	165	1
18423	165	1
18424	2058	1
18426	4053	1
18429	1863	1
18431	2844	1
18432	7285	1
18433	7285	1
18434	6069	1
18435	6069	1
18436	7044	1
18439	2809	1
18440	2343	1
18441	2343	1
18442	5163	1
18443	5163	1
18444	272	1
18444	3567	1
18445	272	1
18445	3567	1
18446	4677	1
18447	4677	1
18449	7065	1
18450	4839	1
18451	4839	1
18452	1748	1
18453	1748	1
18454	3308	1
18455	3308	1
18456	2548	1
18457	2548	1
18458	5054	1
18459	5054	1
18460	810	1
18461	810	1
18462	57	1
18463	57	1
18464	4896	1
18465	4896	1
18467	5726	1
18468	6301	1
18469	6301	1
