0	13380	1
1	13380	1
2	15422	1
4	1775	1
4	2333	1
4	9525	1
5	1775	1
5	2333	1
5	9525	1
6	11648	1
7	11648	1
8	8077	1
9	8077	1
13	1566	1
14	1406	1
14	11656	1
16	152	1
16	2549	1
16	12683	1
17	152	1
17	2549	1
17	12683	1
18	1411	1
19	1411	1
21	5835	1
21	13374	1
23	5217	1
24	7265	1
25	7265	1
26	424	1
29	1311	1
29	6834	1
29	15913	1
30	7902	1
31	7902	1
32	829	1
32	3135	1
32	11554	1
32	14868	1
32	14938	1
33	829	1
33	3135	1
33	11554	1
33	14868	1
33	14938	1
35	1060	1
35	18093	1
39	15234	1
41	8156	1
43	3897	1
44	14507	1
45	14507	1
47	13593	1
48	1313	1
50	6388	1
50	9329	1
51	6388	1
51	9329	1
52	4670	1
53	4670	1
56	16867	1
57	16867	1
59	17170	1
60	6327	1
61	6327	1
62	16539	1
63	16539	1
66	16242	1
67	16242	1
68	13263	1
69	13263	1
70	6059	1
71	6059	1
72	13495	1
73	13495	1
74	13957	1
75	13957	1
76	4130	1
78	9061	1
79	9061	1
80	15259	1
82	12524	1
83	12524	1
84	4128	1
85	4128	1
86	2482	1
87	2482	1
88	3301	1
89	3301	1
90	2222	1
90	5312	1
92	5347	1
92	8596	1
92	14900	1
93	5347	1
93	8596	1
93	14900	1
94	2542	1
96	7184	1
98	459	1
98	1087	1
98	5549	1
101	10374	1
102	13433	1
102	14143	1
103	13433	1
103	14143	1
104	5399	1
105	5399	1
106	16792	1
107	16792	1
108	5408	1
108	7165	1
108	8326	1
108	8479	1
108	10434	1
108	11165	1
108	13443	1
108	14174	1
109	5408	1
109	7165	1
109	8326	1
109	8479	1
109	10434	1
109	11165	1
109	13443	1
109	14174	1
111	146	1
111	299	1
111	1697	1
111	14671	1
112	6633	1
113	6633	1
116	11040	1
120	6694	1
120	9506	1
121	6694	1
121	9506	1
122	15079	1
123	15079	1
124	9443	1
125	9443	1
126	9165	1
127	9165	1
128	1239	1
128	14992	1
130	4033	1
131	4033	1
132	16304	1
133	16304	1
134	4049	1
134	15775	1
135	4049	1
135	15775	1
136	7022	1
136	11769	1
137	7022	1
137	11769	1
138	14827	1
139	14827	1
140	6703	1
141	6703	1
143	13839	1
144	15166	1
145	15166	1
146	7621	1
146	16698	1
147	7621	1
147	16698	1
148	14773	1
150	14279	1
152	13875	1
153	13875	1
154	5297	1
156	2810	1
157	2810	1
160	1419	1
160	14552	1
160	15597	1
161	1419	1
161	14552	1
161	15597	1
162	8806	1
163	8806	1
164	10499	1
164	13009	1
165	10499	1
165	13009	1
166	2335	1
166	16847	1
167	2335	1
167	16847	1
168	14748	1
169	14748	1
170	3136	1
172	4083	1
173	4083	1
174	5873	1
176	8183	1
176	12637	1
177	8183	1
177	12637	1
178	308	1
179	308	1
181	7359	1
181	14538	1
182	2914	1
183	2914	1
184	548	1
184	13987	1
185	548	1
185	13987	1
186	9128	1
186	17968	1
187	9128	1
187	17968	1
188	3865	1
189	3865	1
190	624	1
190	1853	1
190	9366	1
191	624	1
191	1853	1
191	9366	1
192	12095	1
192	15789	1
193	12095	1
193	15789	1
194	9747	1
195	9747	1
197	1096	1
197	16861	1
199	6479	1
200	572	1
200	2541	1
200	16119	1
201	572	1
201	2541	1
201	16119	1
202	12018	1
203	12018	1
204	16561	1
205	16561	1
207	16259	1
207	17775	1
208	3103	1
208	8702	1
208	17538	1
209	3103	1
209	8702	1
209	17538	1
210	6993	1
211	6993	1
212	3121	1
213	3121	1
214	16907	1
215	16907	1
216	17041	1
217	17041	1
218	9754	1
218	15225	1
219	9754	1
219	15225	1
220	9270	1
221	9270	1
223	12395	1
225	14770	1
226	4548	1
226	10425	1
226	11324	1
226	12085	1
226	12118	1
226	12587	1
226	13008	1
226	13456	1
226	17526	1
227	4548	1
227	10425	1
227	11324	1
227	12085	1
227	12118	1
227	12587	1
227	13008	1
227	13456	1
227	17526	1
228	6325	1
230	867	1
230	1845	1
230	5922	1
230	15688	1
231	867	1
231	1845	1
231	5922	1
231	15688	1
232	546	1
232	12329	1
232	12629	1
233	546	1
233	12329	1
233	12629	1
234	4633	1
234	4905	1
234	11019	1
236	1952	1
237	1952	1
238	10314	1
239	10314	1
241	7637	1
242	13186	1
243	13186	1
244	13563	1
244	16691	1
246	3099	1
247	3099	1
248	1552	1
248	12597	1
249	1552	1
249	12597	1
250	4402	1
251	4402	1
252	2521	1
252	15519	1
254	14173	1
255	14173	1
256	15741	1
257	15741	1
259	9064	1
260	1237	1
261	1237	1
262	10224	1
263	10224	1
264	11887	1
264	16631	1
265	11887	1
265	16631	1
266	90	1
266	17176	1
267	90	1
267	17176	1
268	13547	1
270	12965	1
271	12965	1
272	8796	1
273	8796	1
274	5224	1
278	15080	1
281	9726	1
282	1460	1
283	1460	1
284	7492	1
285	7492	1
287	12462	1
288	17422	1
288	18066	1
289	17422	1
289	18066	1
290	2215	1
291	2215	1
292	16244	1
293	16244	1
294	6934	1
295	6934	1
296	1195	1
296	11948	1
301	33	1
302	13406	1
303	13406	1
304	15269	1
305	15269	1
306	1581	1
307	1581	1
308	10880	1
309	10880	1
310	5510	1
311	5510	1
312	925	1
312	7833	1
312	10368	1
312	11359	1
312	12811	1
314	7653	1
315	7653	1
316	14376	1
317	14376	1
319	7957	1
320	71	1
321	71	1
322	4621	1
324	3740	1
325	3740	1
326	11794	1
326	11811	1
327	11794	1
327	11811	1
328	8021	1
328	14235	1
329	8021	1
329	14235	1
330	10721	1
331	10721	1
332	7336	1
333	7336	1
334	14561	1
335	14561	1
336	7210	1
337	7210	1
338	16138	1
339	16138	1
340	5103	1
340	8538	1
341	5103	1
341	8538	1
342	12665	1
343	12665	1
344	13937	1
345	13937	1
346	11640	1
347	11640	1
350	17353	1
351	17353	1
352	2145	1
353	2145	1
354	1442	1
354	13703	1
354	14537	1
354	14892	1
354	15189	1
354	16851	1
355	1442	1
355	13703	1
355	14537	1
355	14892	1
355	15189	1
355	16851	1
357	7388	1
358	714	1
358	1973	1
358	2800	1
358	14172	1
358	14504	1
359	714	1
359	1973	1
359	2800	1
359	14172	1
359	14504	1
360	13154	1
361	13154	1
362	2298	1
363	2298	1
364	4932	1
365	4932	1
367	13755	1
368	17441	1
369	17441	1
371	1620	1
372	625	1
372	17388	1
373	625	1
373	17388	1
374	15648	1
375	15648	1
376	358	1
376	3826	1
376	16150	1
378	16904	1
379	16904	1
380	14231	1
381	14231	1
382	6349	1
385	3785	1
386	5992	1
387	5992	1
388	2827	1
388	9039	1
388	17717	1
389	2827	1
389	9039	1
389	17717	1
390	4137	1
390	12169	1
390	15426	1
391	4137	1
391	12169	1
391	15426	1
392	13943	1
393	13943	1
395	4422	1
396	9157	1
397	9157	1
398	4188	1
399	4188	1
400	3293	1
401	3293	1
402	12174	1
402	12429	1
404	5133	1
405	5133	1
406	13597	1
407	13597	1
408	10288	1
409	10288	1
410	7778	1
411	7778	1
412	6822	1
412	7390	1
413	6822	1
413	7390	1
414	4456	1
414	6164	1
414	7557	1
416	1450	1
416	5874	1
416	8778	1
418	7625	1
418	11989	1
419	7625	1
419	11989	1
420	2653	1
421	2653	1
422	11802	1
423	11802	1
424	9049	1
425	9049	1
426	4442	1
427	4442	1
429	2317	1
429	5460	1
429	16620	1
430	4652	1
431	4652	1
432	5000	1
434	507	1
435	507	1
436	12542	1
437	12542	1
438	9024	1
438	16551	1
439	9024	1
439	16551	1
440	768	1
440	9201	1
440	11575	1
442	16997	1
444	1564	1
445	1564	1
448	2507	1
449	2507	1
450	4978	1
450	13944	1
451	4978	1
451	13944	1
452	4509	1
452	12814	1
454	4979	1
454	5676	1
454	7782	1
454	8011	1
454	10059	1
454	11307	1
454	15264	1
456	10183	1
456	15116	1
456	16336	1
459	2290	1
460	14886	1
461	14886	1
462	10307	1
463	10307	1
464	17753	1
465	17753	1
466	13551	1
467	13551	1
469	5932	1
475	10132	1
476	973	1
476	14481	1
478	4581	1
478	8410	1
479	4581	1
479	8410	1
480	10826	1
482	17401	1
483	17401	1
484	6738	1
485	6738	1
486	11546	1
488	4572	1
488	11069	1
488	11662	1
490	15846	1
492	1440	1
493	1440	1
494	274	1
495	274	1
496	16441	1
497	16441	1
498	378	1
498	2745	1
498	9374	1
498	14798	1
498	15137	1
498	17737	1
499	378	1
499	2745	1
499	9374	1
499	14798	1
499	15137	1
499	17737	1
501	14269	1
501	15175	1
502	4433	1
503	4433	1
504	1325	1
504	17867	1
505	1325	1
505	17867	1
506	17495	1
509	14497	1
510	1384	1
510	6482	1
511	1384	1
511	6482	1
512	4158	1
514	13075	1
515	13075	1
516	9127	1
517	9127	1
518	10496	1
519	10496	1
520	426	1
520	1131	1
520	1449	1
520	3798	1
520	9195	1
520	14067	1
520	15590	1
520	15643	1
521	426	1
521	1131	1
521	1449	1
521	3798	1
521	9195	1
521	14067	1
521	15590	1
521	15643	1
522	1416	1
524	957	1
524	3809	1
527	16819	1
530	13540	1
531	13540	1
532	4895	1
534	4761	1
534	11583	1
535	4761	1
535	11583	1
536	1056	1
536	4667	1
536	11300	1
541	643	1
542	6362	1
542	7353	1
542	17210	1
543	6362	1
543	7353	1
543	17210	1
544	16418	1
546	8842	1
547	8842	1
548	1079	1
549	1079	1
550	9825	1
550	15005	1
551	9825	1
551	15005	1
552	11609	1
553	11609	1
554	8515	1
555	8515	1
556	936	1
557	936	1
559	820	1
559	4342	1
560	2302	1
561	2302	1
562	4256	1
564	5239	1
565	5239	1
567	11397	1
568	2088	1
569	2088	1
570	5053	1
570	5792	1
571	5053	1
571	5792	1
572	2367	1
572	11070	1
573	2367	1
573	11070	1
574	8562	1
576	253	1
576	5145	1
577	253	1
577	5145	1
578	10279	1
579	10279	1
580	11120	1
581	11120	1
582	6894	1
583	6894	1
584	11100	1
585	11100	1
586	9760	1
587	9760	1
588	16511	1
589	16511	1
591	7671	1
592	7335	1
592	13579	1
593	7335	1
593	13579	1
594	13807	1
596	7080	1
597	7080	1
598	7063	1
600	5661	1
601	5661	1
602	10462	1
607	5711	1
608	7732	1
609	7732	1
610	12428	1
611	12428	1
613	4960	1
615	518	1
615	14787	1
616	9655	1
616	14326	1
616	14415	1
617	9655	1
617	14326	1
617	14415	1
618	4027	1
619	4027	1
620	11469	1
620	12560	1
620	12872	1
620	14789	1
622	1822	1
623	1822	1
624	14672	1
625	14672	1
626	8592	1
626	9960	1
627	8592	1
627	9960	1
629	5659	1
631	2392	1
631	2708	1
632	13529	1
633	13529	1
635	3522	1
635	8252	1
636	10774	1
637	10774	1
638	4419	1
639	4419	1
640	8342	1
641	8342	1
642	5026	1
644	3656	1
644	12031	1
645	3656	1
645	12031	1
647	3733	1
647	7942	1
648	16941	1
649	16941	1
650	4848	1
650	15835	1
652	5333	1
654	9688	1
656	10917	1
657	10917	1
658	11434	1
659	11434	1
660	13104	1
662	3209	1
663	3209	1
665	8981	1
666	7883	1
669	4573	1
669	14901	1
674	16049	1
675	16049	1
676	6826	1
678	1576	1
678	3012	1
679	1576	1
679	3012	1
680	3249	1
680	14918	1
681	3249	1
681	14918	1
682	13265	1
683	13265	1
685	17811	1
689	4166	1
689	4448	1
689	11024	1
689	13005	1
692	9686	1
692	14181	1
693	9686	1
693	14181	1
695	7065	1
696	6948	1
697	6948	1
698	2945	1
699	2945	1
700	3468	1
700	9566	1
700	11597	1
701	3468	1
701	9566	1
701	11597	1
702	3358	1
703	3358	1
704	6385	1
705	6385	1
707	9005	1
707	15747	1
708	12066	1
709	12066	1
712	12265	1
713	12265	1
714	16056	1
716	676	1
716	5448	1
718	13818	1
719	13818	1
722	5767	1
723	5767	1
724	6660	1
725	6660	1
726	4082	1
726	5226	1
726	10448	1
726	14453	1
726	16332	1
727	4082	1
727	5226	1
727	10448	1
727	14453	1
727	16332	1
728	16183	1
729	16183	1
730	8608	1
733	15180	1
734	2676	1
737	16104	1
739	237	1
739	13237	1
741	5824	1
742	12363	1
743	12363	1
745	9834	1
746	3523	1
747	3523	1
749	557	1
749	13315	1
751	517	1
752	6895	1
752	15536	1
752	15644	1
753	6895	1
753	15536	1
753	15644	1
754	17277	1
756	7084	1
756	11467	1
756	15221	1
757	7084	1
757	11467	1
757	15221	1
759	1681	1
759	17299	1
760	8663	1
761	8663	1
763	2624	1
764	7155	1
765	7155	1
768	6942	1
769	6942	1
771	8424	1
772	15487	1
773	15487	1
774	11875	1
774	15190	1
777	8669	1
777	11212	1
779	12578	1
780	9373	1
781	9373	1
782	15197	1
783	15197	1
784	15188	1
785	15188	1
786	15960	1
786	17330	1
787	15960	1
787	17330	1
788	6404	1
789	6404	1
791	17087	1
792	1710	1
792	4171	1
792	10938	1
792	13773	1
792	16756	1
793	1710	1
793	4171	1
793	10938	1
793	13773	1
793	16756	1
794	6218	1
794	10245	1
795	6218	1
795	10245	1
796	1203	1
798	369	1
798	7529	1
798	10484	1
798	14668	1
799	369	1
799	7529	1
799	10484	1
799	14668	1
801	12778	1
802	8956	1
803	8956	1
804	5353	1
805	5353	1
806	13372	1
807	13372	1
808	1207	1
808	2790	1
808	5556	1
808	8152	1
808	17504	1
809	1207	1
809	2790	1
809	5556	1
809	8152	1
809	17504	1
810	14753	1
811	14753	1
812	2257	1
812	16203	1
814	2113	1
815	2113	1
816	14213	1
817	14213	1
819	4185	1
819	13685	1
820	9415	1
821	9415	1
822	3517	1
823	3517	1
824	6242	1
824	15306	1
825	6242	1
825	15306	1
826	3189	1
826	14217	1
828	2784	1
829	2784	1
830	1535	1
831	1535	1
832	14020	1
833	14020	1
834	13059	1
838	3240	1
838	11018	1
838	12171	1
838	13648	1
839	3240	1
839	11018	1
839	12171	1
839	13648	1
840	1172	1
840	1847	1
840	5207	1
840	12840	1
841	1172	1
841	1847	1
841	5207	1
841	12840	1
843	4311	1
843	5423	1
843	7368	1
843	11975	1
844	451	1
845	451	1
846	3730	1
846	6603	1
848	1848	1
848	8498	1
848	11801	1
848	16147	1
849	1848	1
849	8498	1
849	11801	1
849	16147	1
850	2137	1
850	14498	1
851	2137	1
851	14498	1
853	15029	1
853	17915	1
854	9573	1
856	2948	1
856	4176	1
856	7268	1
857	2948	1
857	4176	1
857	7268	1
858	11984	1
862	4748	1
863	4748	1
864	4064	1
865	4064	1
866	3329	1
867	3329	1
868	8801	1
869	8801	1
870	1125	1
871	1125	1
873	3229	1
873	13918	1
874	16771	1
875	16771	1
876	6947	1
877	6947	1
878	6409	1
879	6409	1
880	8539	1
880	14108	1
881	8539	1
881	14108	1
882	7408	1
882	14302	1
883	7408	1
883	14302	1
884	3734	1
884	6153	1
885	3734	1
885	6153	1
886	13863	1
887	13863	1
888	14761	1
889	14761	1
891	16828	1
892	4710	1
893	4710	1
895	4468	1
895	4803	1
897	4471	1
898	9126	1
898	9339	1
898	15972	1
899	9126	1
899	9339	1
899	15972	1
900	3423	1
900	10649	1
902	12944	1
903	12944	1
904	2616	1
904	5829	1
904	6301	1
904	11196	1
904	13292	1
904	14844	1
904	15330	1
904	17017	1
904	17212	1
904	17458	1
905	2616	1
905	5829	1
905	6301	1
905	11196	1
905	13292	1
905	14844	1
905	15330	1
905	17017	1
905	17212	1
905	17458	1
906	4729	1
906	8039	1
906	16319	1
907	4729	1
907	8039	1
907	16319	1
908	6747	1
911	489	1
911	11439	1
911	17080	1
912	5569	1
914	10011	1
914	14903	1
915	10011	1
915	14903	1
916	6141	1
917	6141	1
918	7683	1
918	10635	1
919	7683	1
919	10635	1
920	13176	1
921	13176	1
923	3278	1
923	7741	1
923	8604	1
927	8763	1
928	6234	1
929	6234	1
930	1904	1
930	9017	1
930	14035	1
931	1904	1
931	9017	1
931	14035	1
933	604	1
934	13203	1
935	13203	1
936	1259	1
936	4217	1
936	6177	1
936	9182	1
936	11289	1
936	12967	1
938	16239	1
939	16239	1
940	539	1
941	539	1
942	1595	1
945	4973	1
945	9162	1
946	755	1
947	755	1
949	11476	1
950	16186	1
952	2764	1
952	5630	1
952	16117	1
954	13526	1
955	13526	1
956	4387	1
957	4387	1
958	7542	1
958	17721	1
959	7542	1
959	17721	1
961	807	1
961	2830	1
961	7163	1
961	15255	1
962	649	1
963	649	1
964	769	1
964	869	1
964	2899	1
964	5214	1
966	2940	1
967	2940	1
968	2463	1
969	2463	1
970	5268	1
970	10460	1
970	16291	1
970	17134	1
970	17346	1
971	5268	1
971	10460	1
971	16291	1
971	17134	1
971	17346	1
972	5892	1
972	11676	1
972	14508	1
973	5892	1
973	11676	1
973	14508	1
974	16340	1
975	16340	1
976	12606	1
977	12606	1
978	213	1
978	1438	1
979	213	1
979	1438	1
981	7925	1
981	11500	1
982	4418	1
982	7304	1
983	4418	1
983	7304	1
984	14568	1
986	10584	1
987	10584	1
988	12718	1
989	12718	1
990	9746	1
991	9746	1
993	7640	1
993	15228	1
995	5876	1
996	15400	1
997	15400	1
998	126	1
998	12351	1
999	126	1
999	12351	1
1000	7617	1
1000	9860	1
1002	8659	1
1003	8659	1
1004	6126	1
1005	6126	1
1007	5629	1
1008	3270	1
1009	3270	1
1010	5191	1
1010	10070	1
1010	12730	1
1010	17663	1
1011	5191	1
1011	10070	1
1011	12730	1
1011	17663	1
1012	3910	1
1012	4009	1
1013	3910	1
1013	4009	1
1014	17115	1
1015	17115	1
1016	3282	1
1017	3282	1
1018	2580	1
1020	10501	1
1022	6771	1
1022	9010	1
1024	10219	1
1025	10219	1
1026	7602	1
1027	7602	1
1028	100	1
1028	942	1
1028	9748	1
1029	100	1
1029	942	1
1029	9748	1
1030	12956	1
1031	12956	1
1033	5727	1
1033	11385	1
1034	15236	1
1035	15236	1
1036	6103	1
1038	2904	1
1038	15869	1
1040	5403	1
1041	5403	1
1042	8844	1
1044	1083	1
1044	2635	1
1045	1083	1
1045	2635	1
1048	15647	1
1049	15647	1
1050	5819	1
1052	14145	1
1053	14145	1
1054	446	1
1055	446	1
1056	8701	1
1057	8701	1
1059	2895	1
1059	4536	1
1059	7543	1
1059	8601	1
1059	13910	1
1060	7318	1
1061	7318	1
1062	2031	1
1063	2031	1
1064	11569	1
1065	11569	1
1066	8578	1
1067	8578	1
1069	6945	1
1070	9815	1
1071	9815	1
1072	3339	1
1074	3836	1
1075	3836	1
1076	17263	1
1077	17263	1
1078	153	1
1078	16467	1
1078	16640	1
1079	153	1
1079	16467	1
1079	16640	1
1080	4617	1
1080	6586	1
1080	13074	1
1081	4617	1
1081	6586	1
1081	13074	1
1082	2723	1
1083	2723	1
1084	2689	1
1085	2689	1
1086	3782	1
1086	15811	1
1088	15889	1
1089	15889	1
1090	703	1
1092	11647	1
1093	11647	1
1095	3646	1
1095	3956	1
1095	12074	1
1095	12921	1
1095	13966	1
1095	17254	1
1096	13575	1
1097	13575	1
1098	6034	1
1099	6034	1
1100	11060	1
1102	1966	1
1102	2882	1
1102	5050	1
1102	7109	1
1102	14358	1
1102	15906	1
1102	16791	1
1103	1966	1
1103	2882	1
1103	5050	1
1103	7109	1
1103	14358	1
1103	15906	1
1103	16791	1
1104	2100	1
1105	2100	1
1106	3918	1
1108	4285	1
1109	4285	1
1111	3624	1
1112	2739	1
1112	8441	1
1112	8884	1
1112	9298	1
1112	14581	1
1112	15385	1
1113	2739	1
1113	8441	1
1113	8884	1
1113	9298	1
1113	14581	1
1113	15385	1
1114	15617	1
1115	15617	1
1116	8918	1
1118	6387	1
1120	268	1
1120	285	1
1120	3054	1
1120	6028	1
1120	9464	1
1120	10311	1
1120	16288	1
1121	268	1
1121	285	1
1121	3054	1
1121	6028	1
1121	9464	1
1121	10311	1
1121	16288	1
1122	7200	1
1123	7200	1
1125	2423	1
1125	3391	1
1125	7069	1
1125	10042	1
1125	14487	1
1126	741	1
1126	12851	1
1126	14110	1
1127	741	1
1127	12851	1
1127	14110	1
1128	8229	1
1129	8229	1
1130	872	1
1132	8117	1
1132	10723	1
1133	8117	1
1133	10723	1
1134	1059	1
1134	3793	1
1135	1059	1
1135	3793	1
1136	17962	1
1137	17962	1
1139	16246	1
1140	14616	1
1141	14616	1
1142	1409	1
1144	16177	1
1146	13393	1
1147	13393	1
1148	12761	1
1149	12761	1
1150	2089	1
1150	3982	1
1151	2089	1
1151	3982	1
1152	6392	1
1153	6392	1
1154	873	1
1155	873	1
1156	12555	1
1157	12555	1
1158	12922	1
1158	15318	1
1159	12922	1
1159	15318	1
1160	14577	1
1161	14577	1
1162	13830	1
1163	13830	1
1164	2878	1
1164	6319	1
1164	6946	1
1164	14002	1
1165	2878	1
1165	6319	1
1165	6946	1
1165	14002	1
1166	14191	1
1167	14191	1
1168	9184	1
1169	9184	1
1170	5865	1
1170	6276	1
1170	9866	1
1171	5865	1
1171	6276	1
1171	9866	1
1172	10457	1
1172	12867	1
1174	4467	1
1174	12728	1
1177	10254	1
1178	17726	1
1180	15615	1
1182	860	1
1183	860	1
1184	10589	1
1185	10589	1
1186	950	1
1187	950	1
1188	10394	1
1189	10394	1
1190	4526	1
1190	4986	1
1190	7293	1
1190	10980	1
1190	16680	1
1190	17957	1
1191	4526	1
1191	4986	1
1191	7293	1
1191	10980	1
1191	16680	1
1191	17957	1
1192	1255	1
1193	1255	1
1194	3185	1
1195	3185	1
1198	3110	1
1199	3110	1
1200	8837	1
1200	11586	1
1201	8837	1
1201	11586	1
1202	17033	1
1203	17033	1
1204	12852	1
1205	12852	1
1206	6984	1
1209	17373	1
1210	17614	1
1211	17614	1
1212	1623	1
1212	1660	1
1212	14643	1
1212	16309	1
1213	1623	1
1213	1660	1
1213	14643	1
1213	16309	1
1214	16543	1
1217	13525	1
1218	7397	1
1218	12327	1
1219	7397	1
1219	12327	1
1220	2324	1
1220	8354	1
1220	10937	1
1221	2324	1
1221	8354	1
1221	10937	1
1222	2700	1
1224	13613	1
1225	13613	1
1226	6996	1
1227	6996	1
1228	3981	1
1229	3981	1
1230	15973	1
1231	15973	1
1232	9557	1
1232	10884	1
1232	12457	1
1232	15430	1
1232	16953	1
1233	9557	1
1233	10884	1
1233	12457	1
1233	15430	1
1233	16953	1
1234	8388	1
1236	16619	1
1237	16619	1
1238	5970	1
1239	5970	1
1240	1556	1
1241	1556	1
1243	9862	1
1243	17469	1
1245	10104	1
1245	14281	1
1246	13204	1
1247	13204	1
1248	8086	1
1249	8086	1
1250	6655	1
1251	6655	1
1252	7138	1
1253	7138	1
1255	3941	1
1256	10805	1
1256	11215	1
1257	10805	1
1257	11215	1
1259	2576	1
1259	6963	1
1259	7014	1
1259	15680	1
1260	4002	1
1261	4002	1
1262	11137	1
1262	15315	1
1263	11137	1
1263	15315	1
1265	13629	1
1266	9814	1
1267	9814	1
1270	15611	1
1272	9148	1
1272	15847	1
1273	9148	1
1273	15847	1
1274	1568	1
1274	13790	1
1274	17086	1
1274	17868	1
1275	1568	1
1275	13790	1
1275	17086	1
1275	17868	1
1276	6379	1
1277	6379	1
1278	9467	1
1278	10316	1
1279	9467	1
1279	10316	1
1281	7603	1
1282	6784	1
1283	6784	1
1284	11862	1
1285	11862	1
1286	7749	1
1286	12711	1
1287	7749	1
1287	12711	1
1288	519	1
1289	519	1
1290	12577	1
1290	17606	1
1291	12577	1
1291	17606	1
1292	2261	1
1292	2742	1
1293	2261	1
1293	2742	1
1294	13254	1
1295	13254	1
1296	5188	1
1299	147	1
1299	6138	1
1300	772	1
1302	4586	1
1302	6302	1
1302	10595	1
1303	4586	1
1303	6302	1
1303	10595	1
1304	10824	1
1304	12126	1
1305	10824	1
1305	12126	1
1306	6641	1
1307	6641	1
1309	1187	1
1309	10046	1
1309	12525	1
1309	14951	1
1310	15970	1
1311	15970	1
1312	9483	1
1312	13409	1
1314	2634	1
1314	4241	1
1314	15304	1
1315	2634	1
1315	4241	1
1315	15304	1
1316	11208	1
1317	11208	1
1318	3180	1
1319	3180	1
1320	2757	1
1321	2757	1
1322	8599	1
1322	13998	1
1323	8599	1
1323	13998	1
1325	6570	1
1325	6585	1
1325	15313	1
1326	17174	1
1327	17174	1
1328	5511	1
1328	8529	1
1328	10503	1
1329	5511	1
1329	8529	1
1329	10503	1
1330	15016	1
1331	15016	1
1333	3415	1
1336	4585	1
1336	5833	1
1337	4585	1
1337	5833	1
1338	7384	1
1338	14771	1
1339	7384	1
1339	14771	1
1340	16050	1
1345	183	1
1346	6920	1
1346	9684	1
1347	6920	1
1347	9684	1
1349	16006	1
1350	17294	1
1351	17294	1
1352	10630	1
1353	10630	1
1354	12604	1
1355	12604	1
1356	2519	1
1356	8416	1
1358	965	1
1358	8184	1
1359	965	1
1359	8184	1
1360	145	1
1360	835	1
1360	2160	1
1360	5066	1
1360	13303	1
1361	145	1
1361	835	1
1361	2160	1
1361	5066	1
1361	13303	1
1362	13004	1
1363	13004	1
1364	4139	1
1365	4139	1
1366	8745	1
1367	8745	1
1368	5768	1
1369	5768	1
1371	7035	1
1372	6710	1
1372	9797	1
1375	17446	1
1376	7746	1
1380	205	1
1380	17260	1
1381	205	1
1381	17260	1
1382	14912	1
1384	17357	1
1385	17357	1
1386	3302	1
1387	3302	1
1388	721	1
1388	1465	1
1388	7724	1
1388	8865	1
1388	11512	1
1388	13163	1
1388	14651	1
1388	16899	1
1389	721	1
1389	1465	1
1389	7724	1
1389	8865	1
1389	11512	1
1389	13163	1
1389	14651	1
1389	16899	1
1390	3420	1
1393	5605	1
1394	2219	1
1394	13262	1
1395	2219	1
1395	13262	1
1396	10172	1
1396	10837	1
1398	6274	1
1398	7370	1
1399	6274	1
1399	7370	1
1401	17057	1
1402	1199	1
1404	6533	1
1405	6533	1
1406	7114	1
1406	13589	1
1407	7114	1
1407	13589	1
1408	10116	1
1409	10116	1
1410	6701	1
1410	10907	1
1412	15470	1
1412	15537	1
1415	8594	1
1416	1068	1
1417	1068	1
1419	1214	1
1419	8139	1
1420	4809	1
1420	15444	1
1420	17197	1
1421	4809	1
1421	15444	1
1421	17197	1
1422	15404	1
1423	15404	1
1425	2843	1
1425	12756	1
1426	406	1
1427	406	1
1429	3174	1
1429	4084	1
1429	14927	1
1430	16289	1
1431	16289	1
1432	12204	1
1433	12204	1
1434	6713	1
1436	13042	1
1438	15396	1
1440	4098	1
1441	4098	1
1442	3143	1
1443	3143	1
1444	8802	1
1445	8802	1
1447	17645	1
1448	8043	1
1449	8043	1
1451	1790	1
1452	15133	1
1455	3424	1
1458	12461	1
1460	1050	1
1460	13174	1
1461	1050	1
1461	13174	1
1462	6250	1
1463	6250	1
1465	10230	1
1465	14516	1
1466	3184	1
1467	3184	1
1471	8906	1
1471	13283	1
1472	5667	1
1472	12892	1
1474	16069	1
1475	16069	1
1476	2990	1
1477	2990	1
1478	12958	1
1480	16842	1
1481	16842	1
1482	16286	1
1482	17513	1
1483	16286	1
1483	17513	1
1484	10421	1
1484	11046	1
1484	13603	1
1485	10421	1
1485	11046	1
1485	13603	1
1486	4686	1
1487	4686	1
1489	16206	1
1490	4584	1
1491	4584	1
1492	2305	1
1493	2305	1
1494	17032	1
1495	17032	1
1497	1106	1
1497	16854	1
1498	10507	1
1499	10507	1
1501	10182	1
1502	10929	1
1503	10929	1
1505	9131	1
1506	3034	1
1506	7565	1
1507	3034	1
1507	7565	1
1509	5158	1
1509	8423	1
1510	2427	1
1511	2427	1
1512	6978	1
1512	9795	1
1514	8238	1
1515	8238	1
1516	216	1
1516	7835	1
1516	11142	1
1516	11951	1
1516	15641	1
1517	216	1
1517	7835	1
1517	11142	1
1517	11951	1
1517	15641	1
1518	11825	1
1519	11825	1
1520	6912	1
1521	6912	1
1522	13421	1
1523	13421	1
1524	1827	1
1525	1827	1
1526	10187	1
1526	17155	1
1527	10187	1
1527	17155	1
1528	4557	1
1529	4557	1
1530	8829	1
1530	16257	1
1532	4886	1
1532	16532	1
1533	4886	1
1533	16532	1
1534	475	1
1535	475	1
1537	5171	1
1537	8760	1
1538	2191	1
1539	2191	1
1542	12714	1
1542	16074	1
1543	12714	1
1543	16074	1
1544	612	1
1545	612	1
1546	11913	1
1547	11913	1
1548	4885	1
1549	4885	1
1550	4061	1
1550	8771	1
1551	4061	1
1551	8771	1
1554	2685	1
1554	12925	1
1554	15658	1
1555	2685	1
1555	12925	1
1555	15658	1
1556	9707	1
1556	12969	1
1558	6230	1
1558	10835	1
1559	6230	1
1559	10835	1
1560	2111	1
1561	2111	1
1562	290	1
1562	1995	1
1562	8062	1
1562	12036	1
1564	6270	1
1565	6270	1
1566	4090	1
1567	4090	1
1569	4752	1
1569	8386	1
1572	18073	1
1573	18073	1
1574	13823	1
1575	13823	1
1576	2630	1
1576	14398	1
1577	2630	1
1577	14398	1
1578	2201	1
1578	8795	1
1578	9508	1
1579	2201	1
1579	8795	1
1579	9508	1
1580	17802	1
1581	17802	1
1582	6337	1
1583	6337	1
1584	11232	1
1585	11232	1
1586	12198	1
1587	12198	1
1588	11089	1
1589	11089	1
1590	195	1
1590	13806	1
1590	14685	1
1591	195	1
1591	13806	1
1591	14685	1
1592	4088	1
1595	4475	1
1596	3598	1
1597	3598	1
1598	12009	1
1599	12009	1
1600	679	1
1600	8409	1
1600	8926	1
1600	11567	1
1600	17300	1
1601	679	1
1601	8409	1
1601	8926	1
1601	11567	1
1601	17300	1
1602	77	1
1602	5005	1
1602	14997	1
1602	15074	1
1603	77	1
1603	5005	1
1603	14997	1
1603	15074	1
1604	3003	1
1605	3003	1
1607	12717	1
1608	7227	1
1608	10300	1
1608	13679	1
1609	7227	1
1609	10300	1
1609	13679	1
1610	5502	1
1611	5502	1
1612	8154	1
1612	17881	1
1614	3883	1
1614	6090	1
1615	3883	1
1615	6090	1
1616	330	1
1616	9222	1
1616	11058	1
1616	15178	1
1619	10014	1
1619	17559	1
1619	17865	1
1620	12405	1
1621	12405	1
1622	11491	1
1622	14049	1
1623	11491	1
1623	14049	1
1624	11702	1
1625	11702	1
1627	17187	1
1628	4574	1
1629	4574	1
1630	5445	1
1630	9362	1
1633	14732	1
1634	1927	1
1635	1927	1
1636	7921	1
1636	10564	1
1637	7921	1
1637	10564	1
1638	11849	1
1638	14254	1
1638	17839	1
1639	11849	1
1639	14254	1
1639	17839	1
1640	11470	1
1640	13941	1
1641	11470	1
1641	13941	1
1643	7150	1
1644	4224	1
1645	4224	1
1647	10326	1
1649	6576	1
1652	3816	1
1652	16942	1
1653	3816	1
1653	16942	1
1654	1291	1
1655	1291	1
1656	16507	1
1657	16507	1
1659	1424	1
1659	8943	1
1660	8120	1
1661	8120	1
1662	10057	1
1662	12056	1
1665	5246	1
1665	11473	1
1666	10079	1
1667	10079	1
1668	6220	1
1669	6220	1
1672	16342	1
1673	16342	1
1674	4163	1
1674	5356	1
1675	4163	1
1675	5356	1
1677	13162	1
1678	17722	1
1679	17722	1
1682	2498	1
1682	3853	1
1683	2498	1
1683	3853	1
1684	2850	1
1686	2913	1
1687	2913	1
1688	11562	1
1689	11562	1
1690	4028	1
1690	11029	1
1690	11829	1
1690	17280	1
1691	4028	1
1691	11029	1
1691	11829	1
1691	17280	1
1693	1323	1
1693	7198	1
1695	17648	1
1696	15922	1
1697	15922	1
1698	4119	1
1700	11371	1
1701	11371	1
1702	927	1
1703	927	1
1704	3465	1
1705	3465	1
1706	5409	1
1706	15708	1
1708	4383	1
1708	6708	1
1709	4383	1
1709	6708	1
1711	4446	1
1712	5306	1
1712	9320	1
1712	10768	1
1712	12191	1
1712	13349	1
1713	5306	1
1713	9320	1
1713	10768	1
1713	12191	1
1713	13349	1
1714	5671	1
1714	11258	1
1714	14780	1
1715	5671	1
1715	11258	1
1715	14780	1
1716	11169	1
1717	11169	1
1718	14212	1
1719	14212	1
1720	10650	1
1721	10650	1
1724	12574	1
1725	12574	1
1726	4318	1
1726	9554	1
1727	4318	1
1727	9554	1
1728	3212	1
1728	8321	1
1728	10801	1
1730	14033	1
1731	14033	1
1732	13827	1
1733	13827	1
1734	12388	1
1735	12388	1
1736	3532	1
1736	4514	1
1737	3532	1
1737	4514	1
1738	6840	1
1738	7217	1
1739	6840	1
1739	7217	1
1740	13165	1
1741	13165	1
1743	1960	1
1743	11961	1
1744	6324	1
1745	6324	1
1748	9723	1
1748	11944	1
1748	17239	1
1749	9723	1
1749	11944	1
1749	17239	1
1750	7814	1
1751	7814	1
1752	13312	1
1752	13724	1
1753	13312	1
1753	13724	1
1754	6073	1
1756	9081	1
1757	9081	1
1759	2245	1
1760	8027	1
1761	8027	1
1764	17003	1
1765	17003	1
1766	6980	1
1767	6980	1
1769	14697	1
1771	5558	1
1772	4930	1
1772	5424	1
1773	4930	1
1773	5424	1
1774	6736	1
1775	6736	1
1776	684	1
1778	14996	1
1779	14996	1
1780	532	1
1782	733	1
1783	733	1
1784	4550	1
1785	4550	1
1786	3514	1
1786	5016	1
1786	5348	1
1786	5811	1
1786	5990	1
1786	6916	1
1786	7546	1
1786	7824	1
1786	9930	1
1786	10441	1
1786	11714	1
1786	12083	1
1786	14401	1
1786	15003	1
1787	3514	1
1787	5016	1
1787	5348	1
1787	5811	1
1787	5990	1
1787	6916	1
1787	7546	1
1787	7824	1
1787	9930	1
1787	10441	1
1787	11714	1
1787	12083	1
1787	14401	1
1787	15003	1
1788	4277	1
1788	12622	1
1788	18050	1
1791	7251	1
1792	13062	1
1793	13062	1
1794	719	1
1794	1190	1
1794	3168	1
1794	7396	1
1794	9093	1
1794	16924	1
1795	719	1
1795	1190	1
1795	3168	1
1795	7396	1
1795	9093	1
1795	16924	1
1797	9656	1
1798	442	1
1798	17732	1
1800	14377	1
1801	14377	1
1803	11209	1
1803	13014	1
1804	688	1
1804	6630	1
1804	11172	1
1805	688	1
1805	6630	1
1805	11172	1
1806	11791	1
1807	11791	1
1808	7059	1
1808	17160	1
1810	3203	1
1810	12601	1
1811	3203	1
1811	12601	1
1812	3974	1
1813	3974	1
1814	12800	1
1815	12800	1
1816	13736	1
1817	13736	1
1818	3495	1
1819	3495	1
1820	15408	1
1821	15408	1
1822	9025	1
1823	9025	1
1824	7874	1
1825	7874	1
1827	9677	1
1828	6231	1
1828	15119	1
1829	6231	1
1829	15119	1
1831	14087	1
1832	12873	1
1833	12873	1
1834	1432	1
1835	1432	1
1836	3876	1
1837	3876	1
1838	1950	1
1838	6182	1
1838	9411	1
1838	9817	1
1838	10209	1
1838	15518	1
1839	1950	1
1839	6182	1
1839	9411	1
1839	9817	1
1839	10209	1
1839	15518	1
1840	8890	1
1842	11632	1
1843	11632	1
1844	17476	1
1845	17476	1
1846	1383	1
1847	1383	1
1848	203	1
1848	1092	1
1850	1001	1
1851	1001	1
1853	9915	1
1853	13580	1
1854	866	1
1854	16645	1
1855	866	1
1855	16645	1
1856	5419	1
1858	16601	1
1859	16601	1
1860	6999	1
1861	6999	1
1863	12237	1
1864	13642	1
1865	13642	1
1866	4042	1
1867	4042	1
1869	9884	1
1870	17859	1
1871	17859	1
1872	1426	1
1874	5065	1
1874	6155	1
1874	6528	1
1876	2930	1
1876	14355	1
1877	2930	1
1877	14355	1
1878	9694	1
1878	10571	1
1879	9694	1
1879	10571	1
1880	11594	1
1880	15215	1
1881	11594	1
1881	15215	1
1883	1553	1
1883	15768	1
1884	4556	1
1884	6341	1
1884	13800	1
1884	16234	1
1885	4556	1
1885	6341	1
1885	13800	1
1885	16234	1
1886	3627	1
1887	3627	1
1888	10381	1
1889	10381	1
1890	252	1
1890	11140	1
1891	252	1
1891	11140	1
1893	14763	1
1895	8014	1
1897	4436	1
1898	12391	1
1899	12391	1
1900	12878	1
1901	12878	1
1902	8094	1
1903	8094	1
1904	319	1
1904	2851	1
1904	5889	1
1904	6005	1
1904	10071	1
1904	14917	1
1904	15131	1
1904	16566	1
1904	16611	1
1905	319	1
1905	2851	1
1905	5889	1
1905	6005	1
1905	10071	1
1905	14917	1
1905	15131	1
1905	16566	1
1905	16611	1
1906	2553	1
1906	12225	1
1907	2553	1
1907	12225	1
1908	11246	1
1908	14790	1
1909	11246	1
1909	14790	1
1910	13135	1
1911	13135	1
1912	3192	1
1912	11033	1
1914	12402	1
1915	12402	1
1916	2892	1
1916	8732	1
1916	11663	1
1917	2892	1
1917	8732	1
1917	11663	1
1918	1898	1
1918	3807	1
1918	17484	1
1919	1898	1
1919	3807	1
1919	17484	1
1921	15977	1
1922	288	1
1922	2523	1
1922	17396	1
1923	288	1
1923	2523	1
1923	17396	1
1924	4749	1
1925	4749	1
1926	1447	1
1926	2832	1
1927	1447	1
1927	2832	1
1928	56	1
1930	1901	1
1933	15461	1
1934	8753	1
1935	8753	1
1937	3848	1
1938	12694	1
1939	12694	1
1940	5360	1
1940	5526	1
1941	5360	1
1941	5526	1
1942	7967	1
1943	7967	1
1946	17133	1
1946	17923	1
1947	17133	1
1947	17923	1
1948	2005	1
1949	2005	1
1951	6428	1
1951	9495	1
1951	11570	1
1952	8059	1
1953	8059	1
1954	3861	1
1954	5994	1
1955	3861	1
1955	5994	1
1956	13816	1
1957	13816	1
1958	10619	1
1958	17652	1
1959	10619	1
1959	17652	1
1962	10430	1
1963	10430	1
1964	6050	1
1966	5292	1
1967	5292	1
1968	7551	1
1968	8567	1
1968	17616	1
1971	4907	1
1971	7275	1
1971	11144	1
1971	11337	1
1971	12147	1
1972	473	1
1972	5626	1
1973	473	1
1973	5626	1
1974	11620	1
1974	12804	1
1974	13083	1
1976	15039	1
1977	15039	1
1978	6312	1
1978	10310	1
1978	12037	1
1978	16376	1
1979	6312	1
1979	10310	1
1979	12037	1
1979	16376	1
1981	4089	1
1981	7787	1
1981	9737	1
1981	14759	1
1981	16823	1
1981	17698	1
1983	4126	1
1984	4203	1
1985	4203	1
1986	3565	1
1986	7940	1
1988	3955	1
1988	8355	1
1989	3955	1
1989	8355	1
1990	14940	1
1991	14940	1
1992	10518	1
1992	12393	1
1993	10518	1
1993	12393	1
1994	10103	1
1994	13467	1
1995	10103	1
1995	13467	1
1996	2985	1
1997	2985	1
1998	8082	1
2001	11068	1
2002	10810	1
2003	10810	1
2004	5499	1
2006	1590	1
2006	2988	1
2006	10814	1
2007	1590	1
2007	2988	1
2007	10814	1
2008	13370	1
2009	13370	1
2010	17378	1
2011	17378	1
2012	14041	1
2013	14041	1
2014	4199	1
2015	4199	1
2017	15076	1
2018	1589	1
2018	13673	1
2019	1589	1
2019	13673	1
2020	6284	1
2020	14512	1
2021	6284	1
2021	14512	1
2022	13960	1
2022	14541	1
2023	13960	1
2023	14541	1
2024	6403	1
2024	13750	1
2025	6403	1
2025	13750	1
2026	12754	1
2027	12754	1
2028	4775	1
2028	10893	1
2028	10919	1
2028	16469	1
2029	4775	1
2029	10893	1
2029	10919	1
2029	16469	1
2030	1292	1
2030	17621	1
2031	1292	1
2031	17621	1
2033	2495	1
2034	7943	1
2034	10871	1
2036	7187	1
2036	11299	1
2039	298	1
2039	1724	1
2039	13368	1
2040	3427	1
2041	3427	1
2042	3361	1
2042	13841	1
2043	3361	1
2043	13841	1
2044	1574	1
2044	6908	1
2044	12576	1
2044	14061	1
2044	16442	1
2046	6956	1
2046	12079	1
2047	6956	1
2047	12079	1
2048	8097	1
2048	10957	1
2049	8097	1
2049	10957	1
2051	1000	1
2051	5027	1
2052	9812	1
2053	9812	1
2054	6336	1
2055	6336	1
2057	7015	1
2058	14949	1
2058	17567	1
2059	14949	1
2059	17567	1
2060	7938	1
2060	12752	1
2061	7938	1
2061	12752	1
2062	6870	1
2062	15696	1
2063	6870	1
2063	15696	1
2064	1231	1
2066	3601	1
2067	3601	1
2068	7202	1
2070	12474	1
2071	12474	1
2072	1490	1
2073	1490	1
2074	4197	1
2075	4197	1
2076	150	1
2077	150	1
2078	4262	1
2080	7675	1
2080	10274	1
2080	12959	1
2081	7675	1
2081	10274	1
2081	12959	1
2082	4200	1
2083	4200	1
2084	8124	1
2086	393	1
2087	393	1
2088	8396	1
2088	14941	1
2089	8396	1
2089	14941	1
2090	1002	1
2091	1002	1
2092	1894	1
2092	10517	1
2093	1894	1
2093	10517	1
2094	6439	1
2096	14943	1
2097	14943	1
2100	17625	1
2102	3247	1
2102	7575	1
2102	12166	1
2103	3247	1
2103	7575	1
2103	12166	1
2104	13309	1
2105	13309	1
2106	5670	1
2107	5670	1
2108	10005	1
2109	10005	1
2111	12262	1
2112	13763	1
2113	13763	1
2117	16085	1
2118	4837	1
2119	4837	1
2120	11101	1
2121	11101	1
2122	23	1
2123	23	1
2124	10034	1
2125	10034	1
2126	9026	1
2127	9026	1
2128	13090	1
2129	13090	1
2130	2013	1
2130	8066	1
2131	2013	1
2131	8066	1
2133	8528	1
2133	9911	1
2134	10753	1
2135	10753	1
2136	9715	1
2137	9715	1
2138	1560	1
2139	1560	1
2140	9183	1
2140	14632	1
2141	9183	1
2141	14632	1
2142	4796	1
2144	4120	1
2146	7644	1
2147	7644	1
2149	231	1
2149	5491	1
2149	15824	1
2150	6915	1
2151	6915	1
2152	4690	1
2154	1309	1
2156	7398	1
2157	7398	1
2158	10215	1
2159	10215	1
2160	7562	1
2160	9985	1
2161	7562	1
2161	9985	1
2162	6027	1
2162	11696	1
2164	13515	1
2165	13515	1
2166	16073	1
2167	16073	1
2168	11325	1
2169	11325	1
2170	6494	1
2170	12157	1
2171	6494	1
2171	12157	1
2172	6798	1
2173	6798	1
2174	8526	1
2175	8526	1
2176	4179	1
2178	8766	1
2179	8766	1
2180	8773	1
2181	8773	1
2182	1636	1
2182	2558	1
2182	5674	1
2182	11709	1
2182	13877	1
2183	1636	1
2183	2558	1
2183	5674	1
2183	11709	1
2183	13877	1
2184	12019	1
2185	12019	1
2186	795	1
2187	795	1
2189	14130	1
2190	2682	1
2190	9245	1
2191	2682	1
2191	9245	1
2193	4379	1
2194	1240	1
2195	1240	1
2196	17782	1
2197	17782	1
2198	7736	1
2198	15314	1
2200	3927	1
2200	8468	1
2200	16434	1
2201	3927	1
2201	8468	1
2201	16434	1
2202	11859	1
2203	11859	1
2204	13377	1
2205	13377	1
2206	5710	1
2206	7597	1
2207	5710	1
2207	7597	1
2208	7148	1
2208	11788	1
2209	7148	1
2209	11788	1
2210	764	1
2211	764	1
2213	12471	1
2214	7025	1
2215	7025	1
2216	746	1
2217	746	1
2218	17479	1
2219	17479	1
2220	9994	1
2221	9994	1
2222	11474	1
2223	11474	1
2224	4366	1
2224	12172	1
2225	4366	1
2225	12172	1
2226	4773	1
2226	5850	1
2226	14400	1
2227	4773	1
2227	5850	1
2227	14400	1
2228	4440	1
2229	4440	1
2230	9040	1
2231	9040	1
2232	886	1
2232	2485	1
2232	3186	1
2232	6640	1
2233	886	1
2233	2485	1
2233	3186	1
2233	6640	1
2234	4858	1
2236	7616	1
2237	7616	1
2238	16030	1
2240	14750	1
2241	14750	1
2242	11958	1
2243	11958	1
2244	5557	1
2244	11459	1
2244	12240	1
2245	5557	1
2245	11459	1
2245	12240	1
2247	3783	1
2247	14216	1
2247	16735	1
2248	16509	1
2250	15950	1
2251	15950	1
2252	6778	1
2252	8017	1
2253	6778	1
2253	8017	1
2255	8811	1
2256	9629	1
2256	12514	1
2257	9629	1
2257	12514	1
2258	5279	1
2259	5279	1
2260	3044	1
2260	4352	1
2261	3044	1
2261	4352	1
2262	16190	1
2264	17872	1
2265	17872	1
2266	3823	1
2266	5148	1
2266	7564	1
2266	13152	1
2266	13968	1
2266	14590	1
2269	10956	1
2270	3886	1
2271	3886	1
2272	1012	1
2273	1012	1
2274	7715	1
2274	17654	1
2275	7715	1
2275	17654	1
2278	9873	1
2278	12855	1
2278	12881	1
2281	8588	1
2283	11866	1
2283	17360	1
2284	11167	1
2284	15405	1
2284	17517	1
2285	11167	1
2285	15405	1
2285	17517	1
2286	16202	1
2287	16202	1
2288	8609	1
2289	8609	1
2290	7666	1
2290	13321	1
2291	7666	1
2291	13321	1
2292	3213	1
2293	3213	1
2294	11503	1
2295	11503	1
2296	8952	1
2297	8952	1
2298	1865	1
2298	6546	1
2298	7792	1
2298	10764	1
2298	12729	1
2298	14536	1
2299	1865	1
2299	6546	1
2299	7792	1
2299	10764	1
2299	12729	1
2299	14536	1
2300	12214	1
2300	13760	1
2301	12214	1
2301	13760	1
2302	2153	1
2302	9019	1
2302	16839	1
2304	9155	1
2304	13483	1
2305	9155	1
2305	13483	1
2306	940	1
2307	940	1
2308	16302	1
2309	16302	1
2312	3552	1
2312	8985	1
2313	3552	1
2313	8985	1
2314	2350	1
2316	5904	1
2316	10019	1
2317	5904	1
2317	10019	1
2318	7140	1
2319	7140	1
2320	4417	1
2321	4417	1
2322	12264	1
2323	12264	1
2324	1105	1
2324	7672	1
2325	1105	1
2325	7672	1
2326	924	1
2326	12666	1
2327	924	1
2327	12666	1
2328	8398	1
2328	11146	1
2329	8398	1
2329	11146	1
2330	6632	1
2331	6632	1
2335	11161	1
2336	2181	1
2337	2181	1
2338	10848	1
2338	11461	1
2340	1204	1
2340	2210	1
2340	2918	1
2340	17050	1
2341	1204	1
2341	2210	1
2341	2918	1
2341	17050	1
2342	15921	1
2343	15921	1
2344	8161	1
2344	10465	1
2344	12199	1
2344	12473	1
2344	16122	1
2344	17631	1
2345	8161	1
2345	10465	1
2345	12199	1
2345	12473	1
2345	16122	1
2345	17631	1
2347	5587	1
2347	12090	1
2349	10138	1
2350	405	1
2350	11305	1
2350	16520	1
2351	405	1
2351	11305	1
2351	16520	1
2353	1970	1
2353	2260	1
2353	7332	1
2353	9872	1
2353	10066	1
2353	10161	1
2353	11889	1
2353	13436	1
2353	14115	1
2355	7737	1
2356	4780	1
2356	6245	1
2356	8102	1
2357	4780	1
2357	6245	1
2357	8102	1
2358	3947	1
2361	3083	1
2363	11687	1
2364	6504	1
2367	16682	1
2367	17886	1
2368	4313	1
2369	4313	1
2370	13357	1
2370	15253	1
2370	16807	1
2370	17768	1
2373	9511	1
2374	13819	1
2378	1527	1
2379	1527	1
2380	28	1
2382	4552	1
2383	4552	1
2384	5573	1
2385	5573	1
2386	12447	1
2388	12513	1
2388	16037	1
2389	12513	1
2389	16037	1
2390	8940	1
2390	10892	1
2391	8940	1
2391	10892	1
2392	7053	1
2394	938	1
2394	13929	1
2395	938	1
2395	13929	1
2396	11052	1
2397	11052	1
2398	7253	1
2398	10940	1
2399	7253	1
2399	10940	1
2401	3484	1
2401	7690	1
2401	16156	1
2402	3890	1
2403	3890	1
2405	6030	1
2405	13473	1
2406	7381	1
2407	7381	1
2408	6042	1
2409	6042	1
2410	95	1
2411	95	1
2412	7879	1
2413	7879	1
2414	7995	1
2414	15474	1
2415	7995	1
2415	15474	1
2417	415	1
2418	11921	1
2421	11783	1
2422	13714	1
2422	16016	1
2423	13714	1
2423	16016	1
2424	16549	1
2425	16549	1
2426	3356	1
2427	3356	1
2429	11874	1
2430	5628	1
2431	5628	1
2432	1166	1
2432	13709	1
2432	14167	1
2432	16644	1
2433	1166	1
2433	13709	1
2433	14167	1
2433	16644	1
2434	2954	1
2436	4142	1
2437	4142	1
2438	3045	1
2439	3045	1
2441	13161	1
2441	16573	1
2443	15918	1
2444	1029	1
2444	3228	1
2445	1029	1
2445	3228	1
2446	301	1
2447	301	1
2448	11402	1
2449	11402	1
2452	10431	1
2452	13894	1
2453	10431	1
2453	13894	1
2454	6022	1
2454	8736	1
2454	14496	1
2455	6022	1
2455	8736	1
2455	14496	1
2456	2415	1
2456	5402	1
2458	6674	1
2459	6674	1
2460	5780	1
2462	5702	1
2463	5702	1
2464	5415	1
2464	8489	1
2465	5415	1
2465	8489	1
2466	11375	1
2468	3650	1
2469	3650	1
2470	13343	1
2470	14367	1
2470	15832	1
2471	13343	1
2471	14367	1
2471	15832	1
2474	1503	1
2475	1503	1
2476	8492	1
2477	8492	1
2479	16995	1
2480	246	1
2480	278	1
2480	1094	1
2480	1614	1
2480	1797	1
2480	2128	1
2480	2251	1
2480	2379	1
2480	3176	1
2480	3179	1
2480	3204	1
2480	3410	1
2480	3739	1
2480	4011	1
2480	4210	1
2480	5476	1
2480	5696	1
2480	6876	1
2480	7356	1
2480	7855	1
2480	7867	1
2480	8211	1
2480	10264	1
2480	10379	1
2480	10582	1
2480	11362	1
2480	11504	1
2480	11869	1
2480	12040	1
2480	13091	1
2480	13793	1
2480	14321	1
2480	14368	1
2480	14412	1
2480	14471	1
2480	14814	1
2480	15319	1
2480	16513	1
2480	17010	1
2480	17411	1
2480	17509	1
2480	17671	1
2480	18007	1
2481	246	1
2481	278	1
2481	1094	1
2481	1614	1
2481	1797	1
2481	2128	1
2481	2251	1
2481	2379	1
2481	3176	1
2481	3179	1
2481	3204	1
2481	3410	1
2481	3739	1
2481	4011	1
2481	4210	1
2481	5476	1
2481	5696	1
2481	6876	1
2481	7356	1
2481	7855	1
2481	7867	1
2481	8211	1
2481	10264	1
2481	10379	1
2481	10582	1
2481	11362	1
2481	11504	1
2481	11869	1
2481	12040	1
2481	13091	1
2481	13793	1
2481	14321	1
2481	14368	1
2481	14412	1
2481	14471	1
2481	14814	1
2481	15319	1
2481	16513	1
2481	17010	1
2481	17411	1
2481	17509	1
2481	17671	1
2481	18007	1
2482	823	1
2483	823	1
2484	9961	1
2486	7189	1
2489	13098	1
2490	4799	1
2490	5789	1
2490	9779	1
2490	11614	1
2490	12450	1
2490	14185	1
2491	4799	1
2491	5789	1
2491	9779	1
2491	11614	1
2491	12450	1
2491	14185	1
2492	5896	1
2493	5896	1
2494	12334	1
2495	12334	1
2496	1649	1
2496	17016	1
2496	17930	1
2497	1649	1
2497	17016	1
2497	17930	1
2499	16552	1
2500	12150	1
2501	12150	1
2502	13560	1
2504	12563	1
2505	12563	1
2506	9951	1
2506	15717	1
2507	9951	1
2507	15717	1
2508	8400	1
2508	14029	1
2510	12990	1
2510	15432	1
2512	8197	1
2513	8197	1
2515	7698	1
2515	17009	1
2516	1216	1
2516	17012	1
2516	17993	1
2517	1216	1
2517	17012	1
2517	17993	1
2518	5902	1
2519	5902	1
2520	10538	1
2521	10538	1
2522	3395	1
2522	8174	1
2523	3395	1
2523	8174	1
2524	6168	1
2524	17107	1
2524	17439	1
2525	6168	1
2525	17107	1
2525	17439	1
2526	691	1
2527	691	1
2528	12186	1
2529	12186	1
2530	8420	1
2531	8420	1
2532	3453	1
2532	4502	1
2532	17863	1
2533	3453	1
2533	4502	1
2533	17863	1
2534	556	1
2534	9512	1
2535	556	1
2535	9512	1
2537	2976	1
2538	4355	1
2538	12699	1
2539	4355	1
2539	12699	1
2540	3304	1
2541	3304	1
2542	4870	1
2542	9151	1
2543	4870	1
2543	9151	1
2544	10135	1
2544	12403	1
2545	10135	1
2545	12403	1
2546	16391	1
2547	16391	1
2548	7159	1
2549	7159	1
2550	12589	1
2551	12589	1
2552	3449	1
2553	3449	1
2556	6402	1
2558	3036	1
2559	3036	1
2560	12281	1
2561	12281	1
2562	14837	1
2563	14837	1
2564	15009	1
2564	15208	1
2565	15009	1
2565	15208	1
2567	11181	1
2568	9179	1
2569	9179	1
2570	3206	1
2571	3206	1
2572	18100	1
2573	18100	1
2574	8056	1
2574	10409	1
2574	11442	1
2574	16345	1
2575	8056	1
2575	10409	1
2575	11442	1
2575	16345	1
2576	4421	1
2576	11183	1
2577	4421	1
2577	11183	1
2578	10794	1
2581	14193	1
2582	4512	1
2583	4512	1
2584	388	1
2584	1161	1
2584	6953	1
2584	12568	1
2585	388	1
2585	1161	1
2585	6953	1
2585	12568	1
2587	3855	1
2588	13364	1
2589	13364	1
2590	17283	1
2591	17283	1
2592	1884	1
2592	13756	1
2592	17961	1
2593	1884	1
2593	13756	1
2593	17961	1
2594	8079	1
2595	8079	1
2596	4709	1
2597	4709	1
2598	6558	1
2599	6558	1
2601	1064	1
2601	1705	1
2601	8776	1
2602	10081	1
2603	10081	1
2604	17539	1
2605	17539	1
2606	13836	1
2607	13836	1
2609	10112	1
2610	954	1
2611	954	1
2612	6680	1
2613	6680	1
2614	3968	1
2614	4096	1
2615	3968	1
2615	4096	1
2616	3718	1
2617	3718	1
2618	1200	1
2620	1164	1
2621	1164	1
2622	9864	1
2623	9864	1
2624	132	1
2625	132	1
2626	8060	1
2627	8060	1
2628	10572	1
2630	1897	1
2631	1897	1
2632	3002	1
2633	3002	1
2634	9352	1
2635	9352	1
2636	2731	1
2636	4464	1
2636	7488	1
2636	17474	1
2638	3958	1
2638	7147	1
2638	10492	1
2638	15541	1
2638	16144	1
2639	3958	1
2639	7147	1
2639	10492	1
2639	15541	1
2639	16144	1
2640	506	1
2641	506	1
2643	10178	1
2644	4213	1
2645	4213	1
2646	17815	1
2647	17815	1
2650	7352	1
2651	7352	1
2652	18120	1
2653	18120	1
2654	8671	1
2655	8671	1
2656	5586	1
2657	5586	1
2659	10487	1
2663	9033	1
2664	3920	1
2665	3920	1
2666	3314	1
2667	3314	1
2668	14525	1
2670	544	1
2670	8256	1
2672	6564	1
2674	6072	1
2674	7194	1
2675	6072	1
2675	7194	1
2677	2220	1
2677	10869	1
2678	2375	1
2679	2375	1
2680	13843	1
2681	13843	1
2682	6464	1
2684	18075	1
2686	7471	1
2687	7471	1
2688	12870	1
2689	12870	1
2690	13738	1
2691	13738	1
2692	15841	1
2694	8786	1
2695	8786	1
2698	1082	1
2698	10370	1
2699	1082	1
2699	10370	1
2700	2120	1
2701	2120	1
2702	15901	1
2703	15901	1
2704	20	1
2705	20	1
2706	73	1
2706	930	1
2706	7930	1
2707	73	1
2707	930	1
2707	7930	1
2708	5603	1
2709	5603	1
2710	16427	1
2711	16427	1
2712	12478	1
2713	12478	1
2714	2396	1
2714	3377	1
2714	4881	1
2714	8613	1
2714	14601	1
2714	17089	1
2715	2396	1
2715	3377	1
2715	4881	1
2715	8613	1
2715	14601	1
2715	17089	1
2716	5480	1
2718	1026	1
2719	1026	1
2720	12681	1
2721	12681	1
2722	4767	1
2723	4767	1
2724	2175	1
2725	2175	1
2726	10623	1
2727	10623	1
2728	3586	1
2730	17692	1
2731	17692	1
2733	11747	1
2734	11940	1
2735	11940	1
2737	2140	1
2738	8581	1
2739	8581	1
2741	15755	1
2742	10925	1
2743	10925	1
2744	8288	1
2745	8288	1
2746	1109	1
2747	1109	1
2748	5321	1
2748	6643	1
2749	5321	1
2749	6643	1
2750	14283	1
2751	14283	1
2752	12444	1
2753	12444	1
2754	583	1
2754	11334	1
2755	583	1
2755	11334	1
2756	4157	1
2756	13770	1
2756	14890	1
2757	4157	1
2757	13770	1
2757	14890	1
2758	74	1
2759	74	1
2760	2599	1
2762	4281	1
2763	4281	1
2764	2698	1
2765	2698	1
2766	16982	1
2767	16982	1
2770	10467	1
2771	10467	1
2772	8813	1
2772	10639	1
2772	12810	1
2773	8813	1
2773	10639	1
2773	12810	1
2774	2533	1
2774	3989	1
2774	13758	1
2774	16528	1
2775	2533	1
2775	3989	1
2775	13758	1
2775	16528	1
2776	214	1
2777	214	1
2778	13782	1
2778	16349	1
2780	11276	1
2781	11276	1
2782	4459	1
2782	9137	1
2782	11224	1
2783	4459	1
2783	9137	1
2783	11224	1
2784	7135	1
2785	7135	1
2786	4987	1
2788	110	1
2788	5107	1
2789	110	1
2789	5107	1
2790	1771	1
2790	2384	1
2791	1771	1
2791	2384	1
2792	17578	1
2793	17578	1
2794	1150	1
2796	10586	1
2798	2	1
2798	2603	1
2798	5976	1
2799	2	1
2799	2603	1
2799	5976	1
2802	12340	1
2803	12340	1
2804	12853	1
2805	12853	1
2806	17224	1
2807	17224	1
2808	1782	1
2809	1782	1
2810	17991	1
2811	17991	1
2812	12619	1
2813	12619	1
2814	6812	1
2814	13644	1
2815	6812	1
2815	13644	1
2816	2214	1
2818	1071	1
2819	1071	1
2820	8223	1
2821	8223	1
2822	17905	1
2825	7021	1
2826	6253	1
2828	5870	1
2828	6374	1
2830	2008	1
2830	9804	1
2831	2008	1
2831	9804	1
2832	6800	1
2833	6800	1
2834	3216	1
2834	10913	1
2834	12495	1
2835	3216	1
2835	10913	1
2835	12495	1
2836	1796	1
2836	13470	1
2837	1796	1
2837	13470	1
2838	13157	1
2839	13157	1
2840	6704	1
2840	13620	1
2840	16694	1
2841	6704	1
2841	13620	1
2841	16694	1
2842	8095	1
2845	3780	1
2846	1300	1
2846	1818	1
2846	4884	1
2846	7299	1
2846	8839	1
2846	9901	1
2846	11187	1
2846	11437	1
2846	14786	1
2846	15987	1
2847	1300	1
2847	1818	1
2847	4884	1
2847	7299	1
2847	8839	1
2847	9901	1
2847	11187	1
2847	11437	1
2847	14786	1
2847	15987	1
2848	4808	1
2851	5929	1
2852	11818	1
2852	16988	1
2853	11818	1
2853	16988	1
2854	6903	1
2854	12317	1
2856	18111	1
2857	18111	1
2858	16018	1
2858	16276	1
2859	16018	1
2859	16276	1
2860	5230	1
2861	5230	1
2862	10347	1
2863	10347	1
2864	6462	1
2865	6462	1
2866	6902	1
2867	6902	1
2869	10148	1
2870	4138	1
2871	4138	1
2872	8325	1
2872	17667	1
2873	8325	1
2873	17667	1
2874	14444	1
2875	14444	1
2876	17638	1
2877	17638	1
2878	8726	1
2881	16541	1
2882	8210	1
2882	16486	1
2883	8210	1
2883	16486	1
2884	8279	1
2885	8279	1
2886	9125	1
2886	15512	1
2886	16307	1
2887	9125	1
2887	15512	1
2887	16307	1
2888	7593	1
2889	7593	1
2891	9763	1
2891	12330	1
2892	1565	1
2893	1565	1
2894	10519	1
2895	10519	1
2896	5841	1
2897	5841	1
2898	11235	1
2899	11235	1
2900	12468	1
2901	12468	1
2902	580	1
2903	580	1
2904	16474	1
2905	16474	1
2906	2349	1
2907	2349	1
2909	5100	1
2909	7152	1
2909	7687	1
2909	7828	1
2910	3939	1
2912	12784	1
2913	12784	1
2914	7734	1
2915	7734	1
2916	18074	1
2917	18074	1
2919	3436	1
2920	6172	1
2921	6172	1
2923	814	1
2925	6417	1
2925	9077	1
2925	13906	1
2925	15159	1
2926	9426	1
2927	9426	1
2928	5278	1
2928	10213	1
2929	5278	1
2929	10213	1
2930	8894	1
2930	11445	1
2931	8894	1
2931	11445	1
2932	9301	1
2932	13207	1
2932	14460	1
2933	9301	1
2933	13207	1
2933	14460	1
2934	3988	1
2934	8395	1
2934	12813	1
2934	17694	1
2937	16112	1
2938	2164	1
2939	2164	1
2941	236	1
2941	13078	1
2941	14419	1
2943	414	1
2943	7243	1
2943	9437	1
2944	14062	1
2945	14062	1
2946	1534	1
2947	1534	1
2949	972	1
2949	8655	1
2949	14317	1
2949	14473	1
2950	6793	1
2951	6793	1
2952	8559	1
2953	8559	1
2954	1066	1
2954	15954	1
2955	1066	1
2955	15954	1
2956	14665	1
2956	15998	1
2958	4868	1
2959	4868	1
2961	4326	1
2961	16101	1
2962	12602	1
2963	12602	1
2964	12926	1
2965	12926	1
2966	15199	1
2968	15161	1
2969	15161	1
2970	6722	1
2970	11667	1
2971	6722	1
2971	11667	1
2972	12777	1
2973	12777	1
2974	15827	1
2977	2192	1
2977	10115	1
2978	8523	1
2979	8523	1
2980	3667	1
2980	15614	1
2981	3667	1
2981	15614	1
2982	17443	1
2983	17443	1
2984	9303	1
2986	11220	1
2986	12631	1
2988	5090	1
2989	5090	1
2990	8101	1
2990	9865	1
2991	8101	1
2991	9865	1
2992	9479	1
2992	10502	1
2992	12488	1
2993	9479	1
2993	10502	1
2993	12488	1
2995	14201	1
2995	16201	1
2997	5881	1
2998	1381	1
2999	1381	1
3000	5854	1
3001	5854	1
3003	6607	1
3004	705	1
3004	2435	1
3004	9335	1
3004	12051	1
3004	14252	1
3005	705	1
3005	2435	1
3005	9335	1
3005	12051	1
3005	14252	1
3006	15822	1
3007	15822	1
3008	7729	1
3008	10283	1
3009	7729	1
3009	10283	1
3010	1739	1
3010	10528	1
3010	16705	1
3011	1739	1
3011	10528	1
3011	16705	1
3012	9407	1
3013	9407	1
3014	8034	1
3016	1808	1
3017	1808	1
3019	15559	1
3020	1343	1
3020	3055	1
3020	7975	1
3020	9533	1
3020	10816	1
3020	10916	1
3020	12858	1
3023	2864	1
3023	8455	1
3023	8775	1
3025	3157	1
3026	9838	1
3027	9838	1
3028	50	1
3028	4288	1
3028	4371	1
3028	9381	1
3028	16903	1
3029	50	1
3029	4288	1
3029	4371	1
3029	9381	1
3029	16903	1
3030	6334	1
3030	17912	1
3031	6334	1
3031	17912	1
3032	7743	1
3033	7743	1
3034	8683	1
3035	8683	1
3036	12690	1
3036	15961	1
3037	12690	1
3037	15961	1
3038	3902	1
3038	11422	1
3039	3902	1
3039	11422	1
3040	2701	1
3043	3124	1
3043	9114	1
3043	14625	1
3043	15182	1
3045	1090	1
3046	16329	1
3047	16329	1
3048	14461	1
3049	14461	1
3050	911	1
3051	911	1
3052	171	1
3053	171	1
3054	8038	1
3055	8038	1
3056	8506	1
3057	8506	1
3058	14290	1
3059	14290	1
3061	15387	1
3062	3702	1
3063	3702	1
3064	898	1
3064	15331	1
3065	898	1
3065	15331	1
3066	11806	1
3067	11806	1
3068	2342	1
3068	5064	1
3068	12672	1
3069	2342	1
3069	5064	1
3069	12672	1
3070	346	1
3071	346	1
3072	1093	1
3073	1093	1
3075	17807	1
3076	10383	1
3077	10383	1
3078	313	1
3078	9117	1
3079	313	1
3079	9117	1
3080	3031	1
3080	9160	1
3081	3031	1
3081	9160	1
3082	7756	1
3083	7756	1
3084	776	1
3086	3882	1
3087	3882	1
3088	10567	1
3089	10567	1
3090	891	1
3090	6442	1
3091	891	1
3091	6442	1
3092	2390	1
3092	4931	1
3092	10140	1
3092	10190	1
3092	11979	1
3092	13697	1
3092	17391	1
3093	2390	1
3093	4931	1
3093	10140	1
3093	10190	1
3093	11979	1
3093	13697	1
3093	17391	1
3094	16738	1
3095	16738	1
3096	62	1
3096	14249	1
3097	62	1
3097	14249	1
3099	5756	1
3100	16657	1
3101	16657	1
3102	11428	1
3102	15683	1
3103	11428	1
3103	15683	1
3105	1005	1
3105	4545	1
3105	10016	1
3107	9214	1
3107	14499	1
3108	14721	1
3109	14721	1
3111	1843	1
3111	14433	1
3113	6321	1
3113	14521	1
3114	15413	1
3115	15413	1
3116	16463	1
3117	16463	1
3119	7169	1
3119	14097	1
3120	8547	1
3121	8547	1
3122	12314	1
3122	18055	1
3124	12103	1
3125	12103	1
3126	1743	1
3126	14922	1
3127	1743	1
3127	14922	1
3128	2758	1
3129	2758	1
3130	14072	1
3130	17247	1
3130	17351	1
3131	14072	1
3131	17247	1
3131	17351	1
3132	11771	1
3133	11771	1
3134	1407	1
3135	1407	1
3136	3852	1
3136	11990	1
3136	12470	1
3139	4372	1
3140	4998	1
3141	4998	1
3143	17609	1
3144	5061	1
3147	17890	1
3148	847	1
3148	5035	1
3149	847	1
3149	5035	1
3151	6131	1
3153	17110	1
3154	17814	1
3155	17814	1
3156	8426	1
3157	8426	1
3158	16706	1
3161	5160	1
3161	17919	1
3162	2329	1
3163	2329	1
3164	8533	1
3165	8533	1
3166	1418	1
3166	7033	1
3168	13175	1
3169	13175	1
3170	16295	1
3171	16295	1
3173	1877	1
3173	2592	1
3173	6544	1
3173	6569	1
3173	7493	1
3173	8376	1
3173	9102	1
3173	9188	1
3173	10174	1
3173	10251	1
3173	12399	1
3173	12465	1
3173	13156	1
3173	13588	1
3173	15542	1
3173	16733	1
3173	17152	1
3176	9229	1
3177	9229	1
3178	2297	1
3179	2297	1
3180	11006	1
3182	7763	1
3183	7763	1
3185	8277	1
3185	11251	1
3186	6271	1
3188	4553	1
3188	4956	1
3189	4553	1
3189	4956	1
3190	12249	1
3191	12249	1
3194	12293	1
3194	16725	1
3195	12293	1
3195	16725	1
3196	11320	1
3196	11638	1
3199	2806	1
3200	3010	1
3200	7718	1
3200	14673	1
3202	4336	1
3203	4336	1
3205	10654	1
3205	12284	1
3206	7312	1
3206	7816	1
3206	8641	1
3206	11748	1
3206	13425	1
3206	15419	1
3208	3530	1
3208	5127	1
3208	17117	1
3209	3530	1
3209	5127	1
3209	17117	1
3210	5006	1
3211	5006	1
3212	15619	1
3213	15619	1
3214	2473	1
3215	2473	1
3216	16114	1
3217	16114	1
3218	8966	1
3218	16846	1
3219	8966	1
3219	16846	1
3220	14129	1
3220	17465	1
3222	11112	1
3222	12226	1
3222	14257	1
3222	14838	1
3222	15815	1
3223	11112	1
3223	12226	1
3223	14257	1
3223	14838	1
3223	15815	1
3224	6723	1
3225	6723	1
3226	10818	1
3227	10818	1
3228	5156	1
3228	8746	1
3228	9963	1
3228	10576	1
3228	13970	1
3228	14758	1
3228	14963	1
3228	15874	1
3228	16013	1
3228	17005	1
3230	8727	1
3233	3506	1
3233	9922	1
3233	10941	1
3233	12382	1
3234	12107	1
3235	12107	1
3236	14141	1
3236	16264	1
3237	14141	1
3237	16264	1
3239	12491	1
3242	9935	1
3243	9935	1
3245	12764	1
3246	958	1
3246	4280	1
3247	958	1
3247	4280	1
3248	7416	1
3248	7919	1
3249	7416	1
3249	7919	1
3250	7296	1
3251	7296	1
3252	6446	1
3252	6761	1
3252	8201	1
3253	6446	1
3253	6761	1
3253	8201	1
3254	8722	1
3254	12818	1
3255	8722	1
3255	12818	1
3256	9654	1
3257	9654	1
3258	3854	1
3262	11916	1
3263	11916	1
3264	15436	1
3265	15436	1
3267	3378	1
3268	15738	1
3269	15738	1
3270	1027	1
3270	3550	1
3270	3811	1
3270	5314	1
3270	9668	1
3270	15141	1
3270	15756	1
3271	1027	1
3271	3550	1
3271	3811	1
3271	5314	1
3271	9668	1
3271	15141	1
3271	15756	1
3272	16412	1
3273	16412	1
3274	1284	1
3274	9108	1
3275	1284	1
3275	9108	1
3276	7788	1
3276	13687	1
3277	7788	1
3277	13687	1
3278	2303	1
3279	2303	1
3280	7929	1
3282	963	1
3283	963	1
3284	16023	1
3285	16023	1
3286	5890	1
3286	15463	1
3287	5890	1
3287	15463	1
3288	16626	1
3290	17622	1
3291	17622	1
3292	6597	1
3293	6597	1
3294	14658	1
3294	15686	1
3295	14658	1
3295	15686	1
3296	9463	1
3297	9463	1
3298	4566	1
3299	4566	1
3301	7978	1
3302	12217	1
3303	12217	1
3304	1480	1
3305	1480	1
3306	11475	1
3307	11475	1
3308	15762	1
3309	15762	1
3310	9441	1
3312	4911	1
3313	4911	1
3315	4267	1
3316	1224	1
3317	1224	1
3318	13862	1
3319	13862	1
3320	9051	1
3322	12634	1
3323	12634	1
3324	11134	1
3325	11134	1
3327	16546	1
3328	14391	1
3329	14391	1
3330	9831	1
3330	11079	1
3330	13353	1
3330	16362	1
3332	11096	1
3333	11096	1
3334	13500	1
3335	13500	1
3336	8330	1
3337	8330	1
3338	3503	1
3340	16241	1
3343	9234	1
3343	9433	1
3343	10414	1
3348	12102	1
3351	4513	1
3351	10746	1
3352	2532	1
3353	2532	1
3354	16811	1
3355	16811	1
3357	2252	1
3358	7133	1
3360	4831	1
3360	14921	1
3362	1921	1
3364	10716	1
3364	15411	1
3364	15677	1
3365	10716	1
3365	15411	1
3365	15677	1
3367	8543	1
3368	15013	1
3369	15013	1
3370	210	1
3370	4745	1
3370	5541	1
3370	10875	1
3370	13438	1
3370	15087	1
3370	15896	1
3372	6880	1
3372	7886	1
3373	6880	1
3373	7886	1
3374	13339	1
3376	3498	1
3376	8545	1
3377	3498	1
3377	8545	1
3378	16459	1
3379	16459	1
3380	5349	1
3381	5349	1
3382	8739	1
3382	17774	1
3384	15296	1
3385	15296	1
3386	2884	1
3387	2884	1
3389	6125	1
3389	7716	1
3389	13146	1
3389	15455	1
3390	4908	1
3390	8053	1
3391	4908	1
3391	8053	1
3392	17116	1
3393	17116	1
3394	16748	1
3395	16748	1
3396	6390	1
3398	14124	1
3399	14124	1
3400	3138	1
3401	3138	1
3403	4785	1
3404	10547	1
3405	10547	1
3406	4708	1
3407	4708	1
3408	3188	1
3408	11715	1
3408	16029	1
3410	673	1
3410	4245	1
3410	6995	1
3411	673	1
3411	4245	1
3411	6995	1
3414	12523	1
3415	12523	1
3416	11377	1
3417	11377	1
3418	10710	1
3419	10710	1
3420	2722	1
3420	12099	1
3420	13282	1
3421	2722	1
3421	12099	1
3421	13282	1
3422	14420	1
3423	14420	1
3424	2707	1
3426	9509	1
3427	9509	1
3428	1249	1
3428	12788	1
3429	1249	1
3429	12788	1
3430	17601	1
3432	17812	1
3433	17812	1
3434	17761	1
3435	17761	1
3438	1360	1
3438	1798	1
3439	1360	1
3439	1798	1
3440	11902	1
3440	13228	1
3441	11902	1
3441	13228	1
3442	16634	1
3443	16634	1
3445	187	1
3446	15744	1
3447	15744	1
3451	104	1
3451	2488	1
3451	4480	1
3451	7294	1
3451	16707	1
3451	17138	1
3453	7303	1
3454	16127	1
3455	16127	1
3456	10809	1
3456	14316	1
3458	1097	1
3459	1097	1
3460	2652	1
3461	2652	1
3462	17030	1
3464	3516	1
3466	13666	1
3467	13666	1
3468	16684	1
3469	16684	1
3471	101	1
3471	14985	1
3472	2607	1
3472	16022	1
3473	2607	1
3473	16022	1
3474	7841	1
3475	7841	1
3476	10180	1
3477	10180	1
3480	11462	1
3480	12152	1
3481	11462	1
3481	12152	1
3483	4496	1
3485	6191	1
3486	3397	1
3487	3397	1
3488	870	1
3490	17221	1
3491	17221	1
3494	853	1
3494	16635	1
3495	853	1
3495	16635	1
3496	16285	1
3497	16285	1
3498	3239	1
3499	3239	1
3500	4495	1
3500	13824	1
3501	4495	1
3501	13824	1
3503	14345	1
3503	16821	1
3504	14839	1
3506	854	1
3508	5770	1
3509	5770	1
3510	1554	1
3510	8130	1
3510	8654	1
3510	13221	1
3511	1554	1
3511	8130	1
3511	8654	1
3511	13221	1
3512	3846	1
3512	9876	1
3513	3846	1
3513	9876	1
3514	15156	1
3515	15156	1
3516	3679	1
3517	3679	1
3518	2829	1
3518	15438	1
3519	2829	1
3519	15438	1
3521	7469	1
3522	6009	1
3522	6451	1
3522	13655	1
3522	14265	1
3522	17838	1
3524	4108	1
3524	17428	1
3525	4108	1
3525	17428	1
3526	17546	1
3528	1604	1
3529	1604	1
3531	4538	1
3531	5474	1
3533	10294	1
3534	4180	1
3536	11929	1
3537	11929	1
3538	1361	1
3538	1395	1
3538	1902	1
3538	4607	1
3538	10525	1
3538	11411	1
3538	17070	1
3538	17519	1
3540	9312	1
3540	13101	1
3541	9312	1
3541	13101	1
3542	16731	1
3545	6000	1
3547	4791	1
3548	11999	1
3549	11999	1
3550	16569	1
3551	16569	1
3552	9003	1
3553	9003	1
3554	3405	1
3554	8728	1
3555	3405	1
3555	8728	1
3557	858	1
3557	11834	1
3558	1455	1
3558	5518	1
3559	1455	1
3559	5518	1
3560	9318	1
3561	9318	1
3564	17	1
3565	17	1
3566	5260	1
3566	16444	1
3567	5260	1
3567	16444	1
3568	6490	1
3569	6490	1
3570	13252	1
3570	16627	1
3571	13252	1
3571	16627	1
3572	3330	1
3572	9091	1
3572	13561	1
3572	15160	1
3573	3330	1
3573	9091	1
3573	13561	1
3573	15160	1
3574	9406	1
3574	11607	1
3575	9406	1
3575	11607	1
3577	3821	1
3578	1477	1
3579	1477	1
3581	1812	1
3582	5229	1
3582	6477	1
3582	9213	1
3583	5229	1
3583	6477	1
3583	9213	1
3584	8819	1
3584	16163	1
3585	8819	1
3585	16163	1
3586	2272	1
3586	2385	1
3588	83	1
3588	1016	1
3588	2480	1
3588	13566	1
3589	83	1
3589	1016	1
3589	2480	1
3589	13566	1
3590	14633	1
3591	14633	1
3593	6017	1
3594	4678	1
3594	16209	1
3595	4678	1
3595	16209	1
3597	6856	1
3597	6868	1
3597	10823	1
3597	12415	1
3597	13930	1
3598	11977	1
3599	11977	1
3600	16305	1
3601	16305	1
3602	8628	1
3602	11093	1
3605	11595	1
3605	13986	1
3606	11490	1
3607	11490	1
3609	5045	1
3610	9813	1
3610	17266	1
3611	9813	1
3611	17266	1
3612	11381	1
3612	14287	1
3613	11381	1
3613	14287	1
3614	8333	1
3614	10921	1
3614	13496	1
3614	15609	1
3614	17375	1
3615	8333	1
3615	10921	1
3615	13496	1
3615	15609	1
3615	17375	1
3616	3269	1
3616	17322	1
3617	3269	1
3617	17322	1
3618	12834	1
3619	12834	1
3621	13334	1
3621	17166	1
3622	3286	1
3622	3345	1
3623	3286	1
3623	3345	1
3624	3052	1
3625	3052	1
3626	1774	1
3626	13253	1
3627	1774	1
3627	13253	1
3628	4595	1
3629	4595	1
3630	6637	1
3631	6637	1
3633	5316	1
3634	17014	1
3634	17660	1
3635	17014	1
3635	17660	1
3636	3681	1
3636	4639	1
3636	5915	1
3636	7934	1
3637	3681	1
3637	4639	1
3637	5915	1
3637	7934	1
3638	15679	1
3639	15679	1
3640	16007	1
3641	16007	1
3642	7071	1
3643	7071	1
3644	148	1
3644	14379	1
3644	16335	1
3645	148	1
3645	14379	1
3645	16335	1
3646	3567	1
3646	4466	1
3647	3567	1
3647	4466	1
3648	14585	1
3648	17169	1
3649	14585	1
3649	17169	1
3650	13280	1
3651	13280	1
3652	13184	1
3652	17142	1
3653	13184	1
3653	17142	1
3654	10962	1
3655	10962	1
3656	2230	1
3656	10118	1
3656	12308	1
3656	16100	1
3657	2230	1
3657	10118	1
3657	12308	1
3657	16100	1
3658	11800	1
3659	11800	1
3661	2378	1
3662	5900	1
3662	12367	1
3662	13879	1
3663	5900	1
3663	12367	1
3663	13879	1
3665	4323	1
3665	8780	1
3666	13891	1
3667	13891	1
3668	1337	1
3668	10149	1
3668	15145	1
3669	1337	1
3669	10149	1
3669	15145	1
3670	1127	1
3670	3305	1
3670	16267	1
3672	10410	1
3672	13308	1
3673	10410	1
3673	13308	1
3674	12949	1
3674	15594	1
3675	12949	1
3675	15594	1
3676	4981	1
3677	4981	1
3678	10033	1
3679	10033	1
3680	5468	1
3680	10055	1
3681	5468	1
3681	10055	1
3682	2578	1
3683	2578	1
3684	423	1
3685	423	1
3687	17275	1
3689	9563	1
3690	9080	1
3693	5219	1
3693	13635	1
3694	4862	1
3694	5955	1
3696	16204	1
3697	16204	1
3700	8879	1
3701	8879	1
3702	13834	1
3703	13834	1
3704	9347	1
3704	12746	1
3704	15169	1
3705	9347	1
3705	12746	1
3705	15169	1
3707	6130	1
3708	16526	1
3709	16526	1
3712	1065	1
3712	10686	1
3713	1065	1
3713	10686	1
3714	11678	1
3715	11678	1
3716	9448	1
3717	9448	1
3718	12421	1
3719	12421	1
3720	3964	1
3721	3964	1
3722	2935	1
3722	7872	1
3722	8834	1
3722	9072	1
3722	17310	1
3725	9460	1
3728	3153	1
3728	11091	1
3731	13611	1
3732	3889	1
3732	7126	1
3733	3889	1
3733	7126	1
3734	2961	1
3734	4240	1
3734	6873	1
3734	7235	1
3734	16435	1
3736	3659	1
3737	3659	1
3738	7272	1
3739	7272	1
3741	188	1
3742	2734	1
3742	12458	1
3742	13650	1
3745	204	1
3747	309	1
3748	15994	1
3750	13297	1
3751	13297	1
3752	1642	1
3752	3568	1
3752	16090	1
3753	1642	1
3753	3568	1
3753	16090	1
3754	6219	1
3755	6219	1
3756	11926	1
3757	11926	1
3758	2577	1
3758	11545	1
3761	14238	1
3762	14078	1
3763	14078	1
3764	8762	1
3765	8762	1
3766	3487	1
3766	3760	1
3769	13710	1
3770	15019	1
3771	15019	1
3772	16956	1
3774	627	1
3775	627	1
3777	8456	1
3777	14329	1
3777	14604	1
3778	4604	1
3779	4604	1
3780	6795	1
3781	6795	1
3782	8937	1
3782	15270	1
3782	15980	1
3783	8937	1
3783	15270	1
3783	15980	1
3784	11535	1
3786	2861	1
3786	12213	1
3787	2861	1
3787	12213	1
3790	14084	1
3791	14084	1
3792	8380	1
3793	8380	1
3794	14148	1
3795	14148	1
3796	1054	1
3799	4257	1
3800	1036	1
3803	10205	1
3803	12442	1
3803	12544	1
3804	789	1
3804	10085	1
3805	789	1
3805	10085	1
3806	141	1
3806	9720	1
3806	10244	1
3806	12175	1
3807	141	1
3807	9720	1
3807	10244	1
3807	12175	1
3808	55	1
3808	635	1
3808	724	1
3808	1555	1
3808	2586	1
3808	3107	1
3808	5350	1
3808	6350	1
3808	6638	1
3808	7206	1
3808	8921	1
3808	9905	1
3808	11062	1
3808	11404	1
3808	12210	1
3808	13111	1
3808	17804	1
3809	55	1
3809	635	1
3809	724	1
3809	1555	1
3809	2586	1
3809	3107	1
3809	5350	1
3809	6350	1
3809	6638	1
3809	7206	1
3809	8921	1
3809	9905	1
3809	11062	1
3809	11404	1
3809	12210	1
3809	13111	1
3809	17804	1
3811	1441	1
3812	10932	1
3813	10932	1
3814	12727	1
3814	17511	1
3815	12727	1
3815	17511	1
3816	9421	1
3817	9421	1
3818	3338	1
3821	1296	1
3822	1676	1
3823	1676	1
3824	5431	1
3824	7549	1
3825	5431	1
3825	7549	1
3827	5580	1
3828	13536	1
3829	13536	1
3831	11413	1
3832	11123	1
3832	14228	1
3833	11123	1
3833	14228	1
3834	763	1
3835	763	1
3836	3131	1
3837	3131	1
3838	6620	1
3839	6620	1
3840	4624	1
3840	13868	1
3842	4943	1
3842	6577	1
3842	12092	1
3842	15944	1
3843	4943	1
3843	6577	1
3843	12092	1
3843	15944	1
3844	10594	1
3844	12142	1
3846	1075	1
3846	3366	1
3846	3834	1
3846	4864	1
3846	5232	1
3846	17095	1
3847	1075	1
3847	3366	1
3847	3834	1
3847	4864	1
3847	5232	1
3847	17095	1
3848	22	1
3848	6212	1
3849	22	1
3849	6212	1
3852	6967	1
3852	17822	1
3853	6967	1
3853	17822	1
3855	10636	1
3855	14003	1
3856	6982	1
3857	6982	1
3858	14241	1
3858	16237	1
3858	16790	1
3860	4946	1
3860	9259	1
3860	9996	1
3860	12993	1
3860	14295	1
3861	4946	1
3861	9259	1
3861	9996	1
3861	12993	1
3861	14295	1
3862	10948	1
3863	10948	1
3864	16999	1
3865	16999	1
3866	4099	1
3867	4099	1
3868	644	1
3869	644	1
3870	12418	1
3871	12418	1
3872	8052	1
3872	12738	1
3873	8052	1
3873	12738	1
3874	3101	1
3874	9559	1
3877	53	1
3877	5169	1
3877	10411	1
3878	9683	1
3879	9683	1
3880	6539	1
3881	6539	1
3882	770	1
3882	6120	1
3883	770	1
3883	6120	1
3884	8159	1
3884	9076	1
3884	9574	1
3884	10992	1
3884	12890	1
3884	14948	1
3886	1646	1
3886	9819	1
3886	12120	1
3887	1646	1
3887	9819	1
3887	12120	1
3888	7385	1
3890	6689	1
3891	6689	1
3892	3425	1
3892	5672	1
3892	9613	1
3894	16687	1
3895	16687	1
3896	15553	1
3897	15553	1
3898	11332	1
3898	13984	1
3898	15607	1
3899	11332	1
3899	13984	1
3899	15607	1
3900	15142	1
3902	17847	1
3905	5335	1
3906	9623	1
3906	14014	1
3907	9623	1
3907	14014	1
3908	7871	1
3908	11354	1
3909	7871	1
3909	11354	1
3910	9822	1
3911	9822	1
3912	11122	1
3912	11952	1
3914	9839	1
3915	9839	1
3916	983	1
3917	983	1
3918	15146	1
3918	17805	1
3919	15146	1
3919	17805	1
3920	3006	1
3921	3006	1
3923	10724	1
3923	17485	1
3924	6095	1
3924	7123	1
3926	4290	1
3927	4290	1
3928	1799	1
3929	1799	1
3930	2405	1
3931	2405	1
3932	720	1
3932	16070	1
3933	720	1
3933	16070	1
3934	2258	1
3937	3637	1
3937	8176	1
3937	12034	1
3937	12902	1
3938	16238	1
3938	16726	1
3939	16238	1
3939	16726	1
3940	2101	1
3940	15565	1
3941	2101	1
3941	15565	1
3942	11090	1
3943	11090	1
3944	4332	1
3945	4332	1
3946	6414	1
3946	14206	1
3947	6414	1
3947	14206	1
3948	4920	1
3949	4920	1
3950	10336	1
3953	16230	1
3954	4046	1
3954	7024	1
3956	46	1
3957	46	1
3959	9579	1
3961	4506	1
3961	7072	1
3962	12358	1
3963	12358	1
3964	8457	1
3964	11388	1
3966	5178	1
3967	5178	1
3968	4555	1
3969	4555	1
3971	431	1
3971	13950	1
3972	16390	1
3973	16390	1
3974	1288	1
3974	9011	1
3975	1288	1
3975	9011	1
3976	7772	1
3976	15697	1
3976	17423	1
3977	7772	1
3977	15697	1
3977	17423	1
3978	10098	1
3980	5256	1
3980	11423	1
3981	5256	1
3981	11423	1
3982	248	1
3982	4888	1
3982	14101	1
3982	17604	1
3983	248	1
3983	4888	1
3983	14101	1
3983	17604	1
3984	4184	1
3985	4184	1
3986	831	1
3987	831	1
3989	16606	1
3990	3026	1
3990	15949	1
3992	3672	1
3992	7823	1
3992	8885	1
3992	10734	1
3994	778	1
3996	14835	1
3998	14637	1
3999	14637	1
4000	7128	1
4000	12682	1
4000	15753	1
4001	7128	1
4001	12682	1
4001	15753	1
4002	10998	1
4004	4357	1
4005	4357	1
4006	6452	1
4007	6452	1
4008	4726	1
4008	7567	1
4008	9202	1
4008	16717	1
4009	4726	1
4009	7567	1
4009	9202	1
4009	16717	1
4010	17482	1
4011	17482	1
4012	6801	1
4012	15202	1
4013	6801	1
4013	15202	1
4014	17103	1
4015	17103	1
4016	15063	1
4016	16415	1
4017	15063	1
4017	16415	1
4018	5197	1
4019	5197	1
4021	14470	1
4022	13220	1
4023	13220	1
4024	3585	1
4024	4279	1
4024	11198	1
4024	17723	1
4026	16039	1
4027	16039	1
4028	5614	1
4029	5614	1
4030	5781	1
4031	5781	1
4032	15024	1
4033	15024	1
4035	13766	1
4036	3704	1
4036	16395	1
4036	16886	1
4038	5091	1
4039	5091	1
4040	3430	1
4041	3430	1
4042	17885	1
4043	17885	1
4044	11898	1
4045	11898	1
4046	82	1
4046	2929	1
4047	82	1
4047	2929	1
4048	13942	1
4049	13942	1
4051	8004	1
4052	8200	1
4053	8200	1
4054	3916	1
4054	13138	1
4055	3916	1
4055	13138	1
4056	7453	1
4056	16795	1
4057	7453	1
4057	16795	1
4059	16787	1
4060	4876	1
4061	4876	1
4062	17747	1
4063	17747	1
4064	696	1
4064	16046	1
4064	17076	1
4065	696	1
4065	16046	1
4065	17076	1
4066	9558	1
4067	9558	1
4068	6787	1
4068	9638	1
4069	6787	1
4069	9638	1
4070	9269	1
4071	9269	1
4074	16557	1
4075	16557	1
4076	15051	1
4076	15210	1
4079	6296	1
4079	13853	1
4080	4815	1
4080	13151	1
4080	16447	1
4080	17106	1
4082	17309	1
4083	17309	1
4084	1801	1
4085	1801	1
4086	2595	1
4086	13326	1
4086	16862	1
4087	2595	1
4087	13326	1
4087	16862	1
4088	17773	1
4089	17773	1
4090	6904	1
4091	6904	1
4092	6238	1
4093	6238	1
4094	2141	1
4094	15109	1
4095	2141	1
4095	15109	1
4097	7424	1
4098	211	1
4099	211	1
4100	12942	1
4101	12942	1
4102	16462	1
4103	16462	1
4104	3770	1
4104	5039	1
4104	8074	1
4106	6531	1
4107	6531	1
4108	4004	1
4108	9762	1
4109	4004	1
4109	9762	1
4111	7948	1
4111	18047	1
4112	7613	1
4112	7720	1
4112	8171	1
4112	8590	1
4112	11508	1
4112	13243	1
4113	7613	1
4113	7720	1
4113	8171	1
4113	8590	1
4113	11508	1
4113	13243	1
4114	8642	1
4115	8642	1
4116	4085	1
4117	4085	1
4118	114	1
4118	2422	1
4118	2621	1
4118	12876	1
4118	17370	1
4119	114	1
4119	2422	1
4119	2621	1
4119	12876	1
4119	17370	1
4120	8209	1
4121	8209	1
4122	13450	1
4123	13450	1
4124	10407	1
4124	15664	1
4125	10407	1
4125	15664	1
4126	8626	1
4128	453	1
4128	9058	1
4129	453	1
4129	9058	1
4130	13216	1
4130	13643	1
4130	15957	1
4131	13216	1
4131	13643	1
4131	15957	1
4132	15851	1
4133	15851	1
4134	13177	1
4135	13177	1
4136	1393	1
4137	1393	1
4139	16783	1
4141	9258	1
4142	1152	1
4143	1152	1
4144	9419	1
4145	9419	1
4146	4375	1
4147	4375	1
4148	15626	1
4149	15626	1
4150	9733	1
4150	12529	1
4152	11460	1
4154	17882	1
4155	17882	1
4156	10722	1
4156	14192	1
4157	10722	1
4157	14192	1
4158	15047	1
4160	4528	1
4160	4742	1
4160	5553	1
4160	7842	1
4161	4528	1
4161	4742	1
4161	5553	1
4161	7842	1
4162	9494	1
4163	9494	1
4164	14076	1
4165	14076	1
4166	1963	1
4169	6666	1
4169	13992	1
4170	7249	1
4172	9902	1
4173	9902	1
4174	2863	1
4174	9846	1
4175	2863	1
4175	9846	1
4177	5836	1
4177	17522	1
4182	3959	1
4182	13780	1
4184	6718	1
4185	6718	1
4186	9904	1
4187	9904	1
4188	2254	1
4188	5054	1
4188	8516	1
4188	11764	1
4189	2254	1
4189	5054	1
4189	8516	1
4189	11764	1
4192	4951	1
4193	4951	1
4194	17687	1
4195	17687	1
4196	382	1
4197	382	1
4198	14407	1
4198	16067	1
4198	17323	1
4199	14407	1
4199	16067	1
4199	17323	1
4200	6443	1
4200	17678	1
4201	6443	1
4201	17678	1
4202	6002	1
4204	15010	1
4205	15010	1
4206	5853	1
4206	13239	1
4206	16962	1
4208	13779	1
4208	18105	1
4209	13779	1
4209	18105	1
4211	8733	1
4212	5126	1
4213	5126	1
4214	573	1
4214	11403	1
4215	573	1
4215	11403	1
4216	11466	1
4217	11466	1
4218	5522	1
4219	5522	1
4220	1320	1
4221	1320	1
4222	12170	1
4223	12170	1
4224	3930	1
4224	10782	1
4224	15719	1
4225	3930	1
4225	10782	1
4225	15719	1
4226	14119	1
4228	4692	1
4228	8269	1
4230	3464	1
4230	12809	1
4230	17241	1
4232	8432	1
4233	8432	1
4236	485	1
4236	12923	1
4237	485	1
4237	12923	1
4238	17510	1
4239	17510	1
4240	9532	1
4240	13856	1
4241	9532	1
4241	13856	1
4242	10073	1
4242	15154	1
4242	16438	1
4243	10073	1
4243	15154	1
4243	16438	1
4246	6189	1
4247	6189	1
4248	5441	1
4249	5441	1
4250	9085	1
4251	9085	1
4252	932	1
4252	1193	1
4252	1408	1
4252	3784	1
4252	5828	1
4252	7107	1
4252	8103	1
4252	11555	1
4252	12035	1
4252	13605	1
4252	14012	1
4252	15115	1
4252	17769	1
4254	7615	1
4254	9816	1
4254	14258	1
4254	16837	1
4254	16959	1
4255	7615	1
4255	9816	1
4255	14258	1
4255	16837	1
4255	16959	1
4256	8568	1
4257	8568	1
4258	9231	1
4260	7273	1
4261	7273	1
4262	6508	1
4263	6508	1
4265	10542	1
4265	14074	1
4266	11479	1
4267	11479	1
4269	105	1
4272	4230	1
4273	4230	1
4274	2587	1
4275	2587	1
4276	4822	1
4277	4822	1
4278	7961	1
4278	17792	1
4279	7961	1
4279	17792	1
4280	12725	1
4281	12725	1
4282	15750	1
4283	15750	1
4284	11245	1
4285	11245	1
4286	3150	1
4287	3150	1
4288	8827	1
4288	18063	1
4289	8827	1
4289	18063	1
4290	7680	1
4291	7680	1
4292	15610	1
4293	15610	1
4294	6852	1
4295	6852	1
4299	1959	1
4299	7993	1
4300	16137	1
4302	12695	1
4303	12695	1
4306	7302	1
4308	6087	1
4310	12863	1
4312	2619	1
4316	13913	1
4317	13913	1
4318	3457	1
4318	9189	1
4319	3457	1
4319	9189	1
4320	2270	1
4320	7188	1
4321	2270	1
4321	7188	1
4322	1205	1
4323	1205	1
4324	1377	1
4325	1377	1
4327	17911	1
4328	12233	1
4328	13381	1
4329	12233	1
4329	13381	1
4330	1916	1
4331	1916	1
4332	14986	1
4333	14986	1
4334	6323	1
4335	6323	1
4337	16753	1
4338	10088	1
4340	12691	1
4341	12691	1
4343	3810	1
4345	12385	1
4345	17939	1
4346	5295	1
4346	10849	1
4347	5295	1
4347	10849	1
4348	10387	1
4348	14889	1
4349	10387	1
4349	14889	1
4350	1654	1
4351	1654	1
4353	8694	1
4353	16852	1
4355	1919	1
4355	14630	1
4356	4874	1
4356	9438	1
4357	4874	1
4357	9438	1
4359	10358	1
4360	13420	1
4361	13420	1
4362	2848	1
4363	2848	1
4364	8809	1
4364	12988	1
4368	12553	1
4369	12553	1
4372	3819	1
4373	3819	1
4374	5304	1
4374	6839	1
4375	5304	1
4375	6839	1
4377	5433	1
4377	7046	1
4377	10951	1
4378	14649	1
4379	14649	1
4380	1446	1
4380	4248	1
4380	10114	1
4380	12709	1
4380	14793	1
4380	15272	1
4380	17352	1
4381	1446	1
4381	4248	1
4381	10114	1
4381	12709	1
4381	14793	1
4381	15272	1
4381	17352	1
4383	13506	1
4385	17285	1
4386	2146	1
4386	16194	1
4387	2146	1
4387	16194	1
4388	14571	1
4388	14937	1
4389	14571	1
4389	14937	1
4390	8632	1
4391	8632	1
4393	17931	1
4394	3295	1
4396	5993	1
4397	5993	1
4399	2399	1
4399	8180	1
4400	4044	1
4401	4044	1
4402	6838	1
4403	6838	1
4404	4948	1
4404	14699	1
4405	4948	1
4405	14699	1
4406	125	1
4406	17910	1
4407	125	1
4407	17910	1
4410	15818	1
4411	15818	1
4413	9539	1
4414	17101	1
4415	17101	1
4416	11149	1
4417	11149	1
4418	3331	1
4419	3331	1
4422	16625	1
4423	16625	1
4424	4921	1
4425	4921	1
4426	15055	1
4428	1788	1
4429	1788	1
4430	5093	1
4430	11691	1
4431	5093	1
4431	11691	1
4432	1358	1
4433	1358	1
4435	15814	1
4436	4648	1
4437	4648	1
4438	12803	1
4439	12803	1
4440	13548	1
4441	13548	1
4442	443	1
4444	621	1
4444	13577	1
4445	621	1
4445	13577	1
4446	5521	1
4448	4530	1
4449	4530	1
4450	8999	1
4451	8999	1
4454	9288	1
4455	9288	1
4459	7984	1
4460	2376	1
4460	5318	1
4460	16224	1
4460	16481	1
4462	6524	1
4462	10674	1
4463	6524	1
4463	10674	1
4464	3152	1
4464	6751	1
4465	3152	1
4465	6751	1
4466	14043	1
4467	14043	1
4468	498	1
4468	4037	1
4469	498	1
4469	4037	1
4472	6289	1
4472	13382	1
4472	18138	1
4475	16002	1
4476	7343	1
4477	7343	1
4478	15848	1
4478	16254	1
4479	15848	1
4479	16254	1
4480	9436	1
4482	12621	1
4483	12621	1
4484	14677	1
4484	15124	1
4485	14677	1
4485	15124	1
4487	6399	1
4487	7642	1
4488	11081	1
4489	11081	1
4490	3315	1
4491	3315	1
4492	5486	1
4492	10965	1
4493	5486	1
4493	10965	1
4495	6075	1
4496	843	1
4497	843	1
4498	8510	1
4499	8510	1
4500	10652	1
4501	10652	1
4502	11593	1
4503	11593	1
4504	6557	1
4505	6557	1
4506	8286	1
4506	11007	1
4507	8286	1
4507	11007	1
4508	10302	1
4509	10302	1
4510	4843	1
4510	14426	1
4511	4843	1
4511	14426	1
4512	10257	1
4513	10257	1
4514	5707	1
4515	5707	1
4516	1524	1
4518	14635	1
4520	6281	1
4520	11239	1
4521	6281	1
4521	11239	1
4522	2925	1
4522	5664	1
4522	12001	1
4522	13829	1
4522	17902	1
4523	2925	1
4523	5664	1
4523	12001	1
4523	13829	1
4523	17902	1
4525	13617	1
4526	13242	1
4527	13242	1
4528	1688	1
4530	7030	1
4531	7030	1
4532	4384	1
4535	13231	1
4536	2906	1
4537	2906	1
4540	3664	1
4540	9777	1
4541	3664	1
4541	9777	1
4543	5519	1
4544	17824	1
4547	215	1
4547	5428	1
4547	6480	1
4547	8619	1
4547	11085	1
4548	5376	1
4550	12297	1
4551	12297	1
4552	2322	1
4553	2322	1
4554	3818	1
4555	3818	1
4556	9306	1
4557	9306	1
4558	15689	1
4560	5228	1
4561	5228	1
4563	8783	1
4564	16287	1
4566	3842	1
4567	3842	1
4568	16527	1
4570	2585	1
4572	1423	1
4574	9493	1
4575	9493	1
4576	17781	1
4577	17781	1
4578	3562	1
4579	3562	1
4581	3881	1
4582	14852	1
4582	16096	1
4582	16148	1
4583	14852	1
4583	16096	1
4583	16148	1
4584	461	1
4586	1559	1
4586	8452	1
4587	1559	1
4587	8452	1
4588	1633	1
4588	4515	1
4588	4520	1
4589	1633	1
4589	4515	1
4589	4520	1
4590	4543	1
4590	4919	1
4592	7001	1
4593	7001	1
4594	10225	1
4595	10225	1
4596	17793	1
4597	17793	1
4598	3178	1
4599	3178	1
4600	13661	1
4601	13661	1
4602	7062	1
4604	1593	1
4604	11854	1
4606	5590	1
4607	5590	1
4608	6741	1
4609	6741	1
4610	4266	1
4610	7937	1
4610	11613	1
4610	14857	1
4611	4266	1
4611	7937	1
4611	11613	1
4611	14857	1
4612	2849	1
4613	2849	1
4616	10522	1
4617	10522	1
4618	15120	1
4619	15120	1
4620	3932	1
4621	3932	1
4622	3296	1
4622	10466	1
4624	3343	1
4624	4916	1
4624	11655	1
4625	3343	1
4625	4916	1
4625	11655	1
4626	15358	1
4627	15358	1
4628	7622	1
4628	8972	1
4629	7622	1
4629	8972	1
4630	3716	1
4631	3716	1
4632	971	1
4633	971	1
4634	2993	1
4634	13099	1
4635	2993	1
4635	13099	1
4638	1367	1
4638	9409	1
4639	1367	1
4639	9409	1
4640	2267	1
4644	4153	1
4645	4153	1
4646	10904	1
4647	10904	1
4648	3491	1
4648	9445	1
4648	12955	1
4649	3491	1
4649	9445	1
4649	12955	1
4650	17700	1
4651	17700	1
4652	5063	1
4653	5063	1
4654	8243	1
4655	8243	1
4656	11740	1
4657	11740	1
4658	3993	1
4660	5284	1
4660	6626	1
4661	5284	1
4661	6626	1
4662	5209	1
4662	8715	1
4664	17118	1
4665	17118	1
4666	1746	1
4667	1746	1
4668	8348	1
4669	8348	1
4671	628	1
4676	4561	1
4677	4561	1
4678	14659	1
4679	14659	1
4680	4602	1
4680	6830	1
4680	8989	1
4680	12836	1
4681	4602	1
4681	6830	1
4681	8989	1
4681	12836	1
4682	14654	1
4683	14654	1
4686	11240	1
4687	11240	1
4689	376	1
4689	10330	1
4690	1429	1
4691	1429	1
4692	3980	1
4692	5635	1
4692	7931	1
4692	10120	1
4692	12449	1
4692	13674	1
4693	3980	1
4693	5635	1
4693	7931	1
4693	10120	1
4693	12449	1
4693	13674	1
4694	3027	1
4695	3027	1
4696	11128	1
4697	11128	1
4700	7252	1
4701	7252	1
4702	13741	1
4703	13741	1
4704	993	1
4704	15277	1
4704	16531	1
4705	993	1
4705	15277	1
4705	16531	1
4706	11601	1
4708	7987	1
4710	12610	1
4714	1683	1
4714	8858	1
4715	1683	1
4715	8858	1
4718	1981	1
4718	6759	1
4719	1981	1
4719	6759	1
4720	2122	1
4721	2122	1
4722	1699	1
4723	1699	1
4726	4152	1
4727	4152	1
4728	2680	1
4729	2680	1
4730	1137	1
4731	1137	1
4732	561	1
4732	1359	1
4732	5646	1
4732	9016	1
4732	12302	1
4732	13113	1
4733	561	1
4733	1359	1
4733	5646	1
4733	9016	1
4733	12302	1
4733	13113	1
4734	6397	1
4734	12850	1
4735	6397	1
4735	12850	1
4736	3543	1
4737	3543	1
4738	4056	1
4740	13214	1
4741	13214	1
4742	713	1
4742	11370	1
4743	713	1
4743	11370	1
4744	2200	1
4745	2200	1
4746	8198	1
4747	8198	1
4749	3926	1
4750	4079	1
4751	4079	1
4752	75	1
4752	3154	1
4754	11839	1
4755	11839	1
4757	4860	1
4757	12703	1
4759	13050	1
4760	710	1
4760	14975	1
4761	710	1
4761	14975	1
4762	1926	1
4762	12843	1
4764	8554	1
4764	9794	1
4765	8554	1
4765	9794	1
4766	9958	1
4766	15842	1
4767	9958	1
4767	15842	1
4768	1322	1
4768	14010	1
4770	2026	1
4770	14899	1
4771	2026	1
4771	14899	1
4773	13739	1
4774	1622	1
4778	13187	1
4779	13187	1
4780	15077	1
4781	15077	1
4783	10068	1
4783	10130	1
4783	12383	1
4784	176	1
4784	3080	1
4785	176	1
4785	3080	1
4786	6702	1
4788	11906	1
4788	12062	1
4789	11906	1
4789	12062	1
4791	6835	1
4791	15526	1
4793	1601	1
4793	12650	1
4793	14304	1
4793	17920	1
4794	2866	1
4794	13623	1
4794	15510	1
4795	2866	1
4795	13623	1
4795	15510	1
4796	9685	1
4797	9685	1
4799	11417	1
4799	13072	1
4799	17471	1
4800	1878	1
4800	5608	1
4801	1878	1
4801	5608	1
4802	9337	1
4803	9337	1
4804	12678	1
4805	12678	1
4806	6510	1
4806	18125	1
4808	16629	1
4809	16629	1
4810	18004	1
4811	18004	1
4812	14457	1
4813	14457	1
4815	9696	1
4816	2759	1
4819	318	1
4819	439	1
4820	5675	1
4822	1481	1
4824	6202	1
4824	8738	1
4825	6202	1
4825	8738	1
4826	16729	1
4829	16858	1
4830	9939	1
4830	14158	1
4831	9939	1
4831	14158	1
4832	1899	1
4832	16369	1
4833	1899	1
4833	16369	1
4836	17291	1
4837	17291	1
4838	8278	1
4839	8278	1
4840	9997	1
4840	13638	1
4841	9997	1
4841	13638	1
4842	5942	1
4842	12659	1
4843	5942	1
4843	12659	1
4844	2455	1
4844	3662	1
4844	4887	1
4844	14028	1
4845	2455	1
4845	3662	1
4845	4887	1
4845	14028	1
4846	610	1
4846	1514	1
4846	1803	1
4846	1906	1
4846	2095	1
4846	2143	1
4846	2163	1
4846	2170	1
4846	3182	1
4846	3786	1
4846	5330	1
4846	5418	1
4846	6527	1
4846	6789	1
4846	8113	1
4846	10604	1
4846	10841	1
4846	12847	1
4846	13882	1
4846	14647	1
4846	14933	1
4846	15479	1
4846	15745	1
4846	16216	1
4846	16229	1
4846	16482	1
4846	17144	1
4846	17855	1
4847	610	1
4847	1514	1
4847	1803	1
4847	1906	1
4847	2095	1
4847	2143	1
4847	2163	1
4847	2170	1
4847	3182	1
4847	3786	1
4847	5330	1
4847	5418	1
4847	6527	1
4847	6789	1
4847	8113	1
4847	10604	1
4847	10841	1
4847	12847	1
4847	13882	1
4847	14647	1
4847	14933	1
4847	15479	1
4847	15745	1
4847	16216	1
4847	16229	1
4847	16482	1
4847	17144	1
4847	17855	1
4848	3576	1
4848	16793	1
4849	3576	1
4849	16793	1
4850	13810	1
4851	13810	1
4852	7455	1
4852	9453	1
4852	12454	1
4853	7455	1
4853	9453	1
4853	12454	1
4854	12257	1
4855	12257	1
4856	1511	1
4856	3462	1
4857	1511	1
4857	3462	1
4858	7241	1
4859	7241	1
4860	365	1
4860	4676	1
4860	8018	1
4860	8942	1
4860	14805	1
4861	365	1
4861	4676	1
4861	8018	1
4861	8942	1
4861	14805	1
4862	1298	1
4864	13344	1
4865	13344	1
4866	10260	1
4866	16806	1
4867	10260	1
4867	16806	1
4868	14991	1
4869	14991	1
4870	3985	1
4870	16659	1
4871	3985	1
4871	16659	1
4872	13979	1
4873	13979	1
4874	16822	1
4875	16822	1
4876	660	1
4876	689	1
4876	8729	1
4877	660	1
4877	689	1
4877	8729	1
4878	15368	1
4879	15368	1
4880	14048	1
4880	17999	1
4881	14048	1
4881	17999	1
4884	8403	1
4884	15826	1
4885	8403	1
4885	15826	1
4886	1694	1
4887	1694	1
4888	6065	1
4891	13080	1
4892	4183	1
4893	4183	1
4894	8483	1
4894	12153	1
4895	8483	1
4895	12153	1
4898	2237	1
4898	15700	1
4899	2237	1
4899	15700	1
4901	11804	1
4903	787	1
4903	9260	1
4904	16849	1
4905	16849	1
4906	7686	1
4907	7686	1
4908	4847	1
4908	15260	1
4908	16985	1
4909	4847	1
4909	15260	1
4909	16985	1
4910	8295	1
4910	17093	1
4911	8295	1
4911	17093	1
4912	8041	1
4914	16231	1
4914	18042	1
4915	16231	1
4915	18042	1
4916	10471	1
4916	16656	1
4917	10471	1
4917	16656	1
4920	5365	1
4921	5365	1
4924	2856	1
4924	10644	1
4925	2856	1
4925	10644	1
4926	4770	1
4926	8044	1
4927	4770	1
4927	8044	1
4928	4782	1
4928	13848	1
4929	4782	1
4929	13848	1
4930	3606	1
4930	7180	1
4930	13399	1
4931	3606	1
4931	7180	1
4931	13399	1
4933	17977	1
4934	3060	1
4934	7971	1
4935	3060	1
4935	7971	1
4937	9521	1
4937	11730	1
4938	7237	1
4939	7237	1
4940	1265	1
4941	1265	1
4942	1885	1
4942	13873	1
4942	15256	1
4943	1885	1
4943	13873	1
4943	15256	1
4944	5440	1
4945	5440	1
4946	1828	1
4947	1828	1
4948	17344	1
4949	17344	1
4950	5059	1
4951	5059	1
4952	14479	1
4954	5536	1
4954	10982	1
4954	11387	1
4954	12386	1
4955	5536	1
4955	10982	1
4955	11387	1
4955	12386	1
4956	12954	1
4957	12954	1
4958	16594	1
4959	16594	1
4960	14402	1
4961	14402	1
4962	1909	1
4962	10793	1
4962	15909	1
4963	1909	1
4963	10793	1
4963	15909	1
4964	5189	1
4964	11272	1
4966	11266	1
4966	15098	1
4968	6166	1
4968	8302	1
4968	11269	1
4968	12070	1
4968	12726	1
4968	16495	1
4969	6166	1
4969	8302	1
4969	11269	1
4969	12070	1
4969	12726	1
4969	16495	1
4970	2571	1
4971	2571	1
4972	826	1
4972	9669	1
4972	12272	1
4972	16679	1
4972	17129	1
4974	3160	1
4975	3160	1
4976	3368	1
4976	7708	1
4976	9945	1
4977	3368	1
4977	7708	1
4977	9945	1
4978	11043	1
4980	2766	1
4980	16280	1
4981	2766	1
4981	16280	1
4982	1991	1
4983	1991	1
4985	4957	1
4987	10426	1
4987	11524	1
4987	11717	1
4987	12390	1
4988	11036	1
4989	11036	1
4990	879	1
4990	13672	1
4991	879	1
4991	13672	1
4994	9875	1
4995	9875	1
4997	11536	1
4998	4660	1
5000	17021	1
5001	17021	1
5002	5877	1
5002	6215	1
5002	15401	1
5002	16745	1
5003	5877	1
5003	6215	1
5003	15401	1
5003	16745	1
5005	14831	1
5006	4497	1
5006	11391	1
5008	9522	1
5009	9522	1
5011	5383	1
5011	10773	1
5011	12409	1
5011	13298	1
5011	17278	1
5013	17026	1
5014	5554	1
5015	5554	1
5016	515	1
5017	515	1
5018	15867	1
5020	14346	1
5022	637	1
5022	9012	1
5022	10004	1
5022	16033	1
5022	17209	1
5023	637	1
5023	9012	1
5023	10004	1
5023	16033	1
5023	17209	1
5024	2633	1
5025	2633	1
5026	1585	1
5027	1585	1
5028	123	1
5028	14389	1
5029	123	1
5029	14389	1
5030	13044	1
5033	3570	1
5033	18149	1
5034	17159	1
5035	17159	1
5036	12507	1
5037	12507	1
5038	11257	1
5039	11257	1
5040	4315	1
5041	4315	1
5042	14126	1
5043	14126	1
5044	1931	1
5045	1931	1
5046	11150	1
5047	11150	1
5049	17341	1
5050	13181	1
5051	13181	1
5052	4428	1
5053	4428	1
5054	14752	1
5055	14752	1
5056	5007	1
5056	10900	1
5057	5007	1
5057	10900	1
5058	4041	1
5059	4041	1
5061	10399	1
5062	8741	1
5063	8741	1
5064	5826	1
5065	5826	1
5067	13652	1
5068	7712	1
5068	17583	1
5069	7712	1
5069	17583	1
5070	12372	1
5071	12372	1
5072	6580	1
5072	17956	1
5073	6580	1
5073	17956	1
5074	7831	1
5075	7831	1
5076	11963	1
5078	1544	1
5079	1544	1
5080	11653	1
5081	11653	1
5083	17926	1
5087	16171	1
5089	13534	1
5090	3272	1
5091	3272	1
5093	17544	1
5094	14547	1
5095	14547	1
5097	7367	1
5098	1685	1
5100	2787	1
5101	2787	1
5103	8512	1
5104	12387	1
5105	12387	1
5106	5613	1
5106	8005	1
5106	9510	1
5107	5613	1
5107	8005	1
5107	9510	1
5108	1189	1
5108	1451	1
5108	13171	1
5110	16589	1
5110	16943	1
5113	2808	1
5114	12526	1
5114	16498	1
5115	12526	1
5115	16498	1
5116	11199	1
5117	11199	1
5118	2323	1
5119	2323	1
5121	92	1
5122	14445	1
5122	14480	1
5123	14445	1
5123	14480	1
5125	3951	1
5125	11107	1
5126	12603	1
5126	15581	1
5127	12603	1
5127	15581	1
5129	16799	1
5130	16683	1
5131	16683	1
5132	4437	1
5133	4437	1
5134	3106	1
5134	4314	1
5134	11845	1
5135	3106	1
5135	4314	1
5135	11845	1
5136	4524	1
5136	11965	1
5137	4524	1
5137	11965	1
5138	7403	1
5139	7403	1
5140	8493	1
5142	11284	1
5144	10078	1
5146	794	1
5146	4867	1
5147	794	1
5147	4867	1
5148	569	1
5148	5598	1
5148	9250	1
5148	13752	1
5148	16080	1
5149	569	1
5149	5598	1
5149	9250	1
5149	13752	1
5149	16080	1
5150	10266	1
5151	10266	1
5154	17472	1
5155	17472	1
5156	338	1
5157	338	1
5158	11414	1
5158	11578	1
5158	12791	1
5159	11414	1
5159	11578	1
5159	12791	1
5161	7479	1
5161	8793	1
5161	16508	1
5163	14930	1
5164	5916	1
5164	8134	1
5167	13158	1
5168	14450	1
5171	17113	1
5174	739	1
5174	17249	1
5176	4680	1
5178	4055	1
5178	14424	1
5178	16215	1
5179	4055	1
5179	14424	1
5179	16215	1
5182	8274	1
5182	9612	1
5182	10678	1
5182	12274	1
5185	1182	1
5185	4395	1
5186	12669	1
5187	12669	1
5188	1243	1
5189	1243	1
5191	9176	1
5192	7693	1
5193	7693	1
5194	5237	1
5196	4610	1
5198	4370	1
5199	4370	1
5202	5177	1
5202	13259	1
5202	15736	1
5203	5177	1
5203	13259	1
5203	15736	1
5205	1713	1
5205	16827	1
5206	3833	1
5208	9570	1
5209	9570	1
5210	9357	1
5211	9357	1
5212	13026	1
5213	13026	1
5214	2471	1
5214	6078	1
5214	11398	1
5214	12411	1
5214	14569	1
5214	14747	1
5215	2471	1
5215	6078	1
5215	11398	1
5215	12411	1
5215	14569	1
5215	14747	1
5216	10868	1
5217	10868	1
5218	3210	1
5219	3210	1
5220	13414	1
5221	13414	1
5224	2451	1
5225	2451	1
5227	12381	1
5228	16964	1
5229	16964	1
5230	4712	1
5231	4712	1
5232	10600	1
5232	13115	1
5232	14403	1
5232	15424	1
5232	16576	1
5233	10600	1
5233	13115	1
5233	14403	1
5233	15424	1
5233	16576	1
5234	11389	1
5235	11389	1
5236	12911	1
5237	12911	1
5238	4500	1
5239	4500	1
5241	13329	1
5242	8151	1
5243	8151	1
5245	10598	1
5246	5885	1
5247	5885	1
5249	4750	1
5249	12498	1
5250	545	1
5250	582	1
5250	817	1
5251	545	1
5251	582	1
5251	817	1
5252	1003	1
5253	1003	1
5254	2351	1
5254	10973	1
5254	11353	1
5254	13069	1
5255	2351	1
5255	10973	1
5255	11353	1
5255	13069	1
5256	5115	1
5257	5115	1
5258	1687	1
5259	1687	1
5260	2309	1
5260	16602	1
5261	2309	1
5261	16602	1
5263	7028	1
5265	1104	1
5265	6190	1
5265	8015	1
5265	8250	1
5266	4264	1
5267	4264	1
5268	8428	1
5269	8428	1
5270	2244	1
5271	2244	1
5272	10212	1
5273	10212	1
5274	4461	1
5275	4461	1
5276	10621	1
5276	11605	1
5277	10621	1
5277	11605	1
5278	11833	1
5279	11833	1
5280	37	1
5280	2692	1
5280	3048	1
5280	6174	1
5280	10906	1
5280	12016	1
5281	37	1
5281	2692	1
5281	3048	1
5281	6174	1
5281	10906	1
5281	12016	1
5282	12081	1
5282	14195	1
5283	12081	1
5283	14195	1
5284	9418	1
5284	13997	1
5285	9418	1
5285	13997	1
5286	1310	1
5287	1310	1
5288	4790	1
5288	10715	1
5289	4790	1
5289	10715	1
5290	920	1
5290	13164	1
5295	1751	1
5296	1143	1
5296	1871	1
5297	1143	1
5297	1871	1
5298	3587	1
5299	3587	1
5300	14779	1
5301	14779	1
5302	5055	1
5303	5055	1
5304	1714	1
5305	1714	1
5306	6114	1
5307	6114	1
5308	6167	1
5309	6167	1
5310	3892	1
5310	10223	1
5311	3892	1
5311	10223	1
5312	13030	1
5313	13030	1
5315	7612	1
5315	7991	1
5315	8266	1
5315	9743	1
5315	16125	1
5316	279	1
5317	279	1
5318	7773	1
5319	7773	1
5320	2282	1
5320	9981	1
5321	2282	1
5321	9981	1
5322	5720	1
5322	13169	1
5323	5720	1
5323	13169	1
5324	4763	1
5324	5060	1
5325	4763	1
5325	5060	1
5327	6522	1
5328	184	1
5329	184	1
5330	5358	1
5331	5358	1
5332	8598	1
5332	11106	1
5332	16587	1
5333	8598	1
5333	11106	1
5333	16587	1
5334	7445	1
5335	7445	1
5336	11384	1
5337	11384	1
5339	14823	1
5340	3440	1
5341	3440	1
5343	8119	1
5343	15654	1
5344	1254	1
5346	1074	1
5346	1668	1
5347	1074	1
5347	1668	1
5348	9009	1
5348	11749	1
5350	914	1
5350	8157	1
5350	9936	1
5350	11743	1
5350	11891	1
5350	13210	1
5350	15007	1
5351	914	1
5351	8157	1
5351	9936	1
5351	11743	1
5351	11891	1
5351	13210	1
5351	15007	1
5352	14976	1
5353	14976	1
5354	10369	1
5354	14354	1
5355	10369	1
5355	14354	1
5356	4972	1
5357	4972	1
5358	4092	1
5358	15724	1
5359	4092	1
5359	15724	1
5360	14360	1
5361	14360	1
5362	4073	1
5363	4073	1
5364	11346	1
5365	11346	1
5366	16160	1
5367	16160	1
5368	594	1
5368	1582	1
5368	6899	1
5368	12820	1
5368	14080	1
5369	594	1
5369	1582	1
5369	6899	1
5369	12820	1
5369	14080	1
5370	14330	1
5371	14330	1
5372	16665	1
5373	16665	1
5375	14371	1
5376	1506	1
5376	3382	1
5376	15214	1
5376	16419	1
5376	17778	1
5377	1506	1
5377	3382	1
5377	15214	1
5377	16419	1
5377	17778	1
5378	8204	1
5379	8204	1
5381	14166	1
5382	15281	1
5383	15281	1
5384	193	1
5384	2622	1
5384	5632	1
5384	7541	1
5384	8681	1
5384	10155	1
5385	193	1
5385	2622	1
5385	5632	1
5385	7541	1
5385	8681	1
5385	10155	1
5386	1445	1
5387	1445	1
5388	17841	1
5390	619	1
5390	14209	1
5390	14344	1
5390	14386	1
5390	16300	1
5391	619	1
5391	14209	1
5391	14344	1
5391	14386	1
5391	16300	1
5392	5150	1
5393	5150	1
5394	366	1
5395	366	1
5396	7752	1
5397	7752	1
5398	3039	1
5398	3949	1
5398	7149	1
5398	8322	1
5398	9784	1
5398	15465	1
5398	15469	1
5399	3039	1
5399	3949	1
5399	7149	1
5399	8322	1
5399	9784	1
5399	15465	1
5399	15469	1
5400	16623	1
5401	16623	1
5403	14423	1
5404	1638	1
5404	5594	1
5404	6486	1
5404	12579	1
5405	1638	1
5405	5594	1
5405	6486	1
5405	12579	1
5406	1113	1
5407	1113	1
5408	13289	1
5409	13289	1
5410	1303	1
5410	17754	1
5411	1303	1
5411	17754	1
5412	3942	1
5412	6257	1
5412	9360	1
5412	13217	1
5413	3942	1
5413	6257	1
5413	9360	1
5413	13217	1
5414	6940	1
5416	9924	1
5417	9924	1
5418	3267	1
5419	3267	1
5420	17989	1
5421	17989	1
5422	1831	1
5422	13821	1
5423	1831	1
5423	13821	1
5425	8190	1
5425	9724	1
5426	3071	1
5426	3418	1
5428	2664	1
5428	6514	1
5430	3344	1
5431	3344	1
5433	3250	1
5434	8810	1
5434	14669	1
5435	8810	1
5435	14669	1
5436	4305	1
5436	15121	1
5439	12986	1
5440	12856	1
5442	2922	1
5443	2922	1
5444	13845	1
5445	13845	1
5447	5082	1
5447	15783	1
5448	14916	1
5449	14916	1
5451	9138	1
5454	4975	1
5455	4975	1
5457	2135	1
5457	5469	1
5458	16324	1
5459	16324	1
5460	17217	1
5461	17217	1
5463	3093	1
5463	5888	1
5464	6622	1
5464	13569	1
5465	6622	1
5465	13569	1
5466	4804	1
5466	6300	1
5466	11712	1
5466	17795	1
5467	4804	1
5467	6300	1
5467	11712	1
5467	17795	1
5469	3933	1
5469	16251	1
5470	10812	1
5472	4204	1
5472	5187	1
5472	8995	1
5473	4204	1
5473	5187	1
5473	8995	1
5475	18133	1
5476	602	1
5476	1691	1
5476	2751	1
5476	12253	1
5477	602	1
5477	1691	1
5477	2751	1
5477	12253	1
5479	17569	1
5479	17984	1
5480	17594	1
5481	17594	1
5482	14334	1
5483	14334	1
5484	2584	1
5485	2584	1
5486	15928	1
5487	15928	1
5491	945	1
5491	7547	1
5491	9471	1
5492	13933	1
5493	13933	1
5494	3500	1
5497	170	1
5498	16448	1
5499	16448	1
5500	1586	1
5501	1586	1
5502	7608	1
5503	7608	1
5505	14784	1
5506	13333	1
5507	13333	1
5508	6376	1
5509	6376	1
5510	7279	1
5511	7279	1
5512	8889	1
5514	6979	1
5516	10811	1
5517	10811	1
5518	13274	1
5519	13274	1
5520	333	1
5521	333	1
5522	13754	1
5523	13754	1
5524	1665	1
5525	1665	1
5527	6420	1
5528	16057	1
5530	3776	1
5531	3776	1
5532	675	1
5532	10819	1
5534	4382	1
5534	4896	1
5534	6541	1
5534	6997	1
5534	10030	1
5534	11178	1
5534	12180	1
5534	15484	1
5535	4382	1
5535	4896	1
5535	6541	1
5535	6997	1
5535	10030	1
5535	11178	1
5535	12180	1
5535	15484	1
5537	16584	1
5538	13945	1
5539	13945	1
5540	352	1
5540	11720	1
5540	12543	1
5541	352	1
5541	11720	1
5541	12543	1
5542	10577	1
5543	10577	1
5544	10097	1
5544	15754	1
5545	10097	1
5545	15754	1
5546	6602	1
5547	6602	1
5548	5641	1
5548	11768	1
5552	12015	1
5553	12015	1
5554	5432	1
5554	14598	1
5555	5432	1
5555	14598	1
5556	6700	1
5556	14565	1
5557	6700	1
5557	14565	1
5559	14485	1
5560	16719	1
5561	16719	1
5562	15743	1
5564	17397	1
5565	17397	1
5566	16077	1
5568	4258	1
5568	7067	1
5569	4258	1
5569	7067	1
5570	5439	1
5570	13965	1
5575	13596	1
5575	17951	1
5579	11538	1
5580	6413	1
5582	727	1
5582	4297	1
5582	14923	1
5582	16032	1
5583	727	1
5583	4297	1
5583	14923	1
5583	16032	1
5584	16699	1
5585	16699	1
5586	16890	1
5587	16890	1
5588	1124	1
5590	17415	1
5592	14105	1
5593	14105	1
5594	8527	1
5596	14065	1
5597	14065	1
5598	15531	1
5599	15531	1
5600	2883	1
5600	11899	1
5601	2883	1
5601	11899	1
5602	5488	1
5604	13550	1
5606	3482	1
5607	3482	1
5608	1212	1
5608	3439	1
5608	11693	1
5609	1212	1
5609	3439	1
5609	11693	1
5610	7486	1
5611	7486	1
5612	11660	1
5612	12023	1
5614	14546	1
5615	14546	1
5616	9637	1
5617	9637	1
5618	8167	1
5619	8167	1
5620	6307	1
5622	5529	1
5622	13340	1
5623	5529	1
5623	13340	1
5624	3706	1
5624	17894	1
5625	3706	1
5625	17894	1
5627	9062	1
5628	13973	1
5630	3351	1
5631	3351	1
5632	4324	1
5636	547	1
5637	547	1
5638	2050	1
5638	5872	1
5638	6132	1
5638	6313	1
5638	11254	1
5638	16535	1
5638	17888	1
5639	2050	1
5639	5872	1
5639	6132	1
5639	6313	1
5639	11254	1
5639	16535	1
5639	17888	1
5640	13695	1
5641	13695	1
5642	9842	1
5643	9842	1
5644	1399	1
5644	11430	1
5645	1399	1
5645	11430	1
5646	784	1
5647	784	1
5648	11587	1
5649	11587	1
5650	7131	1
5651	7131	1
5652	1706	1
5653	1706	1
5654	6758	1
5655	6758	1
5656	10796	1
5658	4	1
5658	8467	1
5660	7946	1
5662	4405	1
5662	8058	1
5662	14851	1
5663	4405	1
5663	8058	1
5663	14851	1
5664	799	1
5665	799	1
5666	12136	1
5667	12136	1
5668	306	1
5668	9266	1
5671	5251	1
5672	10084	1
5673	10084	1
5674	13688	1
5675	13688	1
5677	2844	1
5679	3638	1
5680	16950	1
5681	16950	1
5682	10338	1
5683	10338	1
5684	4641	1
5685	4641	1
5686	538	1
5688	6407	1
5689	6407	1
5691	14792	1
5693	3463	1
5694	14059	1
5694	17100	1
5695	14059	1
5695	17100	1
5696	1167	1
5697	1167	1
5698	17099	1
5699	17099	1
5700	765	1
5700	7977	1
5701	765	1
5701	7977	1
5703	17403	1
5704	9934	1
5705	9934	1
5707	7256	1
5708	15389	1
5708	17340	1
5709	15389	1
5709	17340	1
5710	1037	1
5710	8316	1
5711	1037	1
5711	8316	1
5712	1824	1
5713	1824	1
5714	15466	1
5715	15466	1
5716	11760	1
5717	11760	1
5718	4829	1
5719	4829	1
5720	1039	1
5720	17259	1
5721	1039	1
5721	17259	1
5722	9299	1
5723	9299	1
5724	17560	1
5726	1316	1
5727	1316	1
5728	2157	1
5729	2157	1
5730	15425	1
5731	15425	1
5732	2077	1
5732	13229	1
5733	2077	1
5733	13229	1
5734	15021	1
5735	15021	1
5736	9886	1
5737	9886	1
5738	1413	1
5739	1413	1
5740	14942	1
5741	14942	1
5742	2671	1
5743	2671	1
5744	13123	1
5745	13123	1
5746	6516	1
5746	8414	1
5747	6516	1
5747	8414	1
5748	14860	1
5749	14860	1
5750	16472	1
5751	16472	1
5752	3755	1
5752	17091	1
5754	7568	1
5756	11077	1
5757	11077	1
5758	11690	1
5760	10671	1
5760	15637	1
5761	10671	1
5761	15637	1
5762	12129	1
5763	12129	1
5764	4097	1
5765	4097	1
5766	810	1
5767	810	1
5768	4075	1
5768	9912	1
5768	11211	1
5768	15371	1
5771	38	1
5771	17551	1
5772	15339	1
5774	3357	1
5776	15070	1
5777	15070	1
5778	9316	1
5779	9316	1
5781	5978	1
5781	11631	1
5782	10356	1
5782	15230	1
5783	10356	1
5783	15230	1
5784	13015	1
5786	8673	1
5787	8673	1
5789	1248	1
5789	2947	1
5789	3559	1
5789	6360	1
5789	13277	1
5790	392	1
5790	3126	1
5790	13594	1
5792	6382	1
5793	6382	1
5794	7093	1
5795	7093	1
5796	10405	1
5796	17701	1
5797	10405	1
5797	17701	1
5798	5182	1
5801	16143	1
5802	12663	1
5803	12663	1
5805	1487	1
5806	6682	1
5807	6682	1
5809	9485	1
5809	12916	1
5813	13419	1
5814	16581	1
5815	16581	1
5816	2209	1
5817	2209	1
5818	7192	1
5819	7192	1
5820	11795	1
5822	752	1
5823	752	1
5827	2033	1
5828	321	1
5828	3578	1
5828	14144	1
5829	321	1
5829	3578	1
5829	14144	1
5833	1372	1
5833	7813	1
5834	6438	1
5834	7212	1
5835	6438	1
5835	7212	1
5837	2172	1
5837	2240	1
5837	3073	1
5837	6867	1
5837	7898	1
5837	8185	1
5837	12734	1
5837	14306	1
5837	15698	1
5837	16678	1
5838	12292	1
5839	12292	1
5840	10473	1
5840	14366	1
5840	14456	1
5841	10473	1
5841	14366	1
5841	14456	1
5843	11207	1
5845	1572	1
5846	2903	1
5848	5463	1
5849	5463	1
5851	762	1
5852	2035	1
5854	12100	1
5856	6471	1
5858	10742	1
5858	16429	1
5860	1951	1
5862	926	1
5862	16478	1
5863	926	1
5863	16478	1
5864	3322	1
5864	3529	1
5864	12693	1
5865	3322	1
5865	3529	1
5865	12693	1
5867	16159	1
5869	14133	1
5870	17853	1
5871	17853	1
5873	3527	1
5873	10041	1
5873	12250	1
5873	13537	1
5873	16654	1
5874	16170	1
5875	16170	1
5876	4508	1
5877	4508	1
5878	10108	1
5880	10922	1
5880	17402	1
5881	10922	1
5881	17402	1
5882	15732	1
5883	15732	1
5884	15143	1
5885	15143	1
5887	1867	1
5888	1749	1
5889	1749	1
5891	14469	1
5892	7601	1
5892	9687	1
5893	7601	1
5893	9687	1
5894	14545	1
5896	1121	1
5897	1121	1
5898	166	1
5899	166	1
5900	458	1
5901	458	1
5902	10415	1
5903	10415	1
5904	5844	1
5905	5844	1
5906	16616	1
5907	16616	1
5908	17491	1
5911	13626	1
5912	9435	1
5914	672	1
5914	11934	1
5915	672	1
5915	11934	1
5917	1736	1
5917	16615	1
5919	9863	1
5920	8794	1
5922	15054	1
5923	15054	1
5924	1155	1
5924	10092	1
5924	12236	1
5925	1155	1
5925	10092	1
5925	12236	1
5926	6730	1
5927	6730	1
5928	1025	1
5928	2283	1
5928	7203	1
5928	10239	1
5928	14895	1
5929	1025	1
5929	2283	1
5929	7203	1
5929	10239	1
5929	14895	1
5930	14005	1
5932	13844	1
5932	15030	1
5932	16522	1
5933	13844	1
5933	15030	1
5933	16522	1
5934	270	1
5934	8828	1
5934	17329	1
5935	270	1
5935	8828	1
5935	17329	1
5936	2661	1
5938	4534	1
5939	4534	1
5942	10401	1
5942	13040	1
5943	10401	1
5943	13040	1
5944	3021	1
5944	4024	1
5944	9673	1
5944	15342	1
5944	17059	1
5945	3021	1
5945	4024	1
5945	9673	1
5945	15342	1
5945	17059	1
5946	4681	1
5948	9937	1
5949	9937	1
5951	4564	1
5952	6239	1
5953	6239	1
5954	467	1
5954	5472	1
5954	10673	1
5955	467	1
5955	5472	1
5955	10673	1
5957	13508	1
5959	18038	1
5959	18048	1
5962	2717	1
5963	2717	1
5964	1397	1
5964	1549	1
5964	3874	1
5964	10580	1
5964	11321	1
5964	12260	1
5964	13523	1
5965	1397	1
5965	1549	1
5965	3874	1
5965	10580	1
5965	11321	1
5965	12260	1
5965	13523	1
5966	863	1
5967	863	1
5968	5880	1
5968	17121	1
5969	5880	1
5969	17121	1
5970	2197	1
5970	9417	1
5971	2197	1
5971	9417	1
5972	11163	1
5974	10386	1
5975	10386	1
5980	6647	1
5980	9046	1
5981	6647	1
5981	9046	1
5982	6201	1
5984	13391	1
5985	13391	1
5986	2574	1
5986	2782	1
5986	15324	1
5987	2574	1
5987	2782	1
5987	15324	1
5988	14754	1
5989	14754	1
5990	7903	1
5991	7903	1
5992	9898	1
5993	9898	1
5994	13213	1
5996	7511	1
5998	3015	1
6000	13651	1
6001	13651	1
6002	8900	1
6004	933	1
6004	4759	1
6004	12584	1
6006	12538	1
6007	12538	1
6008	2173	1
6009	2173	1
6010	7983	1
6010	14532	1
6011	7983	1
6011	14532	1
6012	15592	1
6013	15592	1
6014	16902	1
6015	16902	1
6016	5914	1
6016	10717	1
6016	14131	1
6017	5914	1
6017	10717	1
6017	14131	1
6019	2512	1
6020	11369	1
6021	11369	1
6022	1275	1
6022	1763	1
6023	1275	1
6023	1763	1
6024	11688	1
6025	11688	1
6027	16149	1
6028	6891	1
6029	6891	1
6033	4969	1
6034	7656	1
6035	7656	1
6036	9296	1
6037	9296	1
6038	1080	1
6040	11443	1
6041	11443	1
6042	17507	1
6043	17507	1
6044	12014	1
6045	12014	1
6047	17848	1
6048	3120	1
6049	3120	1
6050	1117	1
6050	13279	1
6053	10475	1
6054	11589	1
6055	11589	1
6056	2536	1
6058	17473	1
6059	17473	1
6062	11048	1
6064	5482	1
6064	10747	1
6065	5482	1
6065	10747	1
6066	15676	1
6067	15676	1
6068	5634	1
6069	5634	1
6070	9703	1
6071	9703	1
6072	7095	1
6074	2300	1
6075	2300	1
6076	5679	1
6077	5679	1
6078	12909	1
6079	12909	1
6080	2641	1
6082	857	1
6083	857	1
6084	15233	1
6085	15233	1
6086	1433	1
6087	1433	1
6088	3016	1
6088	4866	1
6088	11124	1
6088	16732	1
6090	10981	1
6091	10981	1
6092	11145	1
6092	15139	1
6093	11145	1
6093	15139	1
6094	13665	1
6095	13665	1
6096	2923	1
6096	10537	1
6096	17456	1
6098	3953	1
6099	3953	1
6100	1686	1
6102	16739	1
6103	16739	1
6104	7339	1
6105	7339	1
6108	6821	1
6108	15332	1
6110	5523	1
6111	5523	1
6112	5303	1
6112	8026	1
6112	10694	1
6112	13106	1
6112	13733	1
6112	17914	1
6113	5303	1
6113	8026	1
6113	10694	1
6113	13106	1
6113	13733	1
6113	17914	1
6114	6936	1
6115	6936	1
6117	1607	1
6118	9799	1
6119	9799	1
6120	1512	1
6121	1512	1
6122	5024	1
6123	5024	1
6124	434	1
6125	434	1
6128	1354	1
6128	2075	1
6129	1354	1
6129	2075	1
6131	13520	1
6131	15830	1
6132	8556	1
6133	8556	1
6134	4786	1
6134	16372	1
6135	4786	1
6135	16372	1
6136	1335	1
6137	1335	1
6139	2562	1
6139	7139	1
6139	8838	1
6141	15083	1
6141	15557	1
6143	13130	1
6144	468	1
6144	4047	1
6146	4344	1
6147	4344	1
6148	15058	1
6149	15058	1
6150	3948	1
6151	3948	1
6152	12168	1
6153	12168	1
6154	2845	1
6154	13556	1
6154	16352	1
6156	3342	1
6156	3832	1
6156	5143	1
6156	9966	1
6156	10915	1
6158	3678	1
6158	16157	1
6159	3678	1
6159	16157	1
6161	9541	1
6161	14517	1
6163	4205	1
6164	7009	1
6165	7009	1
6166	8982	1
6167	8982	1
6168	4784	1
6168	5879	1
6168	11980	1
6169	4784	1
6169	5879	1
6169	11980	1
6170	10024	1
6170	17836	1
6171	10024	1
6171	17836	1
6172	7173	1
6172	13764	1
6173	7173	1
6173	13764	1
6174	16284	1
6175	16284	1
6176	2107	1
6176	8447	1
6177	2107	1
6177	8447	1
6178	4482	1
6178	13335	1
6179	4482	1
6179	13335	1
6180	6496	1
6182	4404	1
6182	12164	1
6183	4404	1
6183	12164	1
6184	16047	1
6185	16047	1
6186	13777	1
6187	13777	1
6188	5140	1
6189	5140	1
6190	3446	1
6190	9664	1
6190	12720	1
6193	1648	1
6193	5968	1
6195	3777	1
6196	8433	1
6197	8433	1
6198	13079	1
6198	14436	1
6200	10857	1
6201	10857	1
6202	5190	1
6202	11700	1
6204	6169	1
6205	6169	1
6206	2306	1
6207	2306	1
6208	11486	1
6209	11486	1
6210	13762	1
6210	16458	1
6211	13762	1
6211	16458	1
6213	474	1
6213	5689	1
6214	6109	1
6214	9900	1
6215	6109	1
6215	9900	1
6216	15652	1
6217	15652	1
6218	8646	1
6219	8646	1
6220	9577	1
6221	9577	1
6222	2357	1
6223	2357	1
6224	8	1
6224	2202	1
6224	3399	1
6224	7297	1
6224	11773	1
6224	14036	1
6224	14544	1
6224	14804	1
6224	17051	1
6225	8	1
6225	2202	1
6225	3399	1
6225	7297	1
6225	11773	1
6225	14036	1
6225	14544	1
6225	14804	1
6225	17051	1
6226	7090	1
6226	7584	1
6227	7090	1
6227	7584	1
6228	15996	1
6230	2486	1
6231	2486	1
6232	14218	1
6233	14218	1
6235	6179	1
6237	8689	1
6237	12106	1
6238	9135	1
6239	9135	1
6241	440	1
6242	11267	1
6243	11267	1
6244	3630	1
6244	16081	1
6245	3630	1
6245	16081	1
6246	9008	1
6247	9008	1
6248	8405	1
6249	8405	1
6251	4400	1
6252	3741	1
6253	3741	1
6254	14171	1
6255	14171	1
6257	16475	1
6258	14186	1
6260	14184	1
6261	14184	1
6262	15110	1
6263	15110	1
6264	4303	1
6265	4303	1
6267	192	1
6267	10987	1
6267	16917	1
6268	13711	1
6269	13711	1
6270	491	1
6271	491	1
6272	8160	1
6272	16097	1
6274	5247	1
6275	5247	1
6277	2195	1
6278	16311	1
6279	16311	1
6280	5174	1
6281	5174	1
6282	16421	1
6283	16421	1
6284	8708	1
6284	8861	1
6285	8708	1
6285	8861	1
6286	6994	1
6287	6994	1
6288	14335	1
6289	14335	1
6290	6068	1
6290	10855	1
6292	5317	1
6294	8845	1
6294	18161	1
6297	8071	1
6298	10481	1
6298	13170	1
6299	10481	1
6299	13170	1
6301	15300	1
6302	2912	1
6302	4476	1
6302	6582	1
6302	7467	1
6302	10491	1
6302	14588	1
6303	2912	1
6303	4476	1
6303	6582	1
6303	7467	1
6303	10491	1
6303	14588	1
6304	9562	1
6305	9562	1
6306	6954	1
6308	1425	1
6309	1425	1
6310	2981	1
6311	2981	1
6312	6623	1
6312	11440	1
6314	2158	1
6314	3747	1
6317	1276	1
6317	4841	1
6317	10947	1
6317	12101	1
6317	16622	1
6317	17460	1
6318	8081	1
6318	14353	1
6318	16609	1
6320	13912	1
6320	16468	1
6321	13912	1
6321	16468	1
6322	16693	1
6323	16693	1
6325	11732	1
6326	174	1
6326	3105	1
6326	11390	1
6326	16647	1
6327	174	1
6327	3105	1
6327	11390	1
6327	16647	1
6328	2363	1
6329	2363	1
6330	16661	1
6330	18092	1
6331	16661	1
6331	18092	1
6333	10515	1
6334	6204	1
6334	6472	1
6334	16133	1
6335	6204	1
6335	6472	1
6335	16133	1
6337	14016	1
6338	664	1
6338	17281	1
6339	664	1
6339	17281	1
6340	536	1
6340	16128	1
6341	536	1
6341	16128	1
6342	6884	1
6342	9952	1
6344	3957	1
6344	12050	1
6345	3957	1
6345	12050	1
6346	5983	1
6346	8875	1
6346	17381	1
6347	5983	1
6347	8875	1
6347	17381	1
6348	4504	1
6348	13737	1
6349	4504	1
6349	13737	1
6350	1641	1
6352	13614	1
6353	13614	1
6355	2052	1
6355	2916	1
6355	3316	1
6355	9632	1
6357	974	1
6357	15170	1
6358	1267	1
6358	4127	1
6358	15268	1
6359	1267	1
6359	4127	1
6359	15268	1
6360	982	1
6360	11308	1
6361	982	1
6361	11308	1
6363	6267	1
6364	14418	1
6365	14418	1
6366	15875	1
6367	15875	1
6368	2152	1
6369	2152	1
6370	4687	1
6371	4687	1
6373	2472	1
6373	11009	1
6374	830	1
6374	8265	1
6375	830	1
6375	8265	1
6376	15275	1
6377	15275	1
6379	12686	1
6380	3365	1
6380	6661	1
6382	7709	1
6383	7709	1
6384	2019	1
6385	2019	1
6386	17646	1
6388	16816	1
6389	16816	1
6390	15769	1
6390	17018	1
6391	15769	1
6391	17018	1
6392	6007	1
6392	10620	1
6393	6007	1
6393	10620	1
6394	16845	1
6396	3603	1
6396	13011	1
6397	3603	1
6397	13011	1
6398	8232	1
6398	8893	1
6399	8232	1
6399	8893	1
6400	5911	1
6401	5911	1
6402	11762	1
6403	11762	1
6404	12796	1
6406	2483	1
6407	2483	1
6409	8717	1
6409	14343	1
6410	681	1
6412	907	1
6413	907	1
6416	600	1
6418	14240	1
6419	14240	1
6420	6788	1
6421	6788	1
6422	16473	1
6423	16473	1
6424	6930	1
6425	6930	1
6427	9334	1
6428	2838	1
6428	5740	1
6428	6646	1
6428	15938	1
6428	16346	1
6428	16751	1
6429	2838	1
6429	5740	1
6429	6646	1
6429	15938	1
6429	16346	1
6429	16751	1
6431	14291	1
6433	2064	1
6433	10616	1
6433	13631	1
6433	16755	1
6434	3485	1
6434	4891	1
6436	6866	1
6437	6866	1
6438	11049	1
6439	11049	1
6440	17445	1
6441	17445	1
6442	5255	1
6443	5255	1
6444	3217	1
6445	3217	1
6446	14806	1
6447	14806	1
6448	9625	1
6448	10109	1
6449	9625	1
6449	10109	1
6450	6473	1
6451	6473	1
6454	8731	1
6456	16245	1
6457	16245	1
6459	4961	1
6459	10363	1
6460	3406	1
6460	17173	1
6461	3406	1
6461	17173	1
6462	1825	1
6462	12802	1
6462	16400	1
6464	13192	1
6465	13192	1
6467	12501	1
6467	17442	1
6468	5798	1
6468	7283	1
6468	9158	1
6468	9769	1
6468	16315	1
6471	8411	1
6472	7726	1
6472	13771	1
6474	1770	1
6475	1770	1
6476	10775	1
6479	17325	1
6482	13953	1
6483	13953	1
6486	372	1
6486	5465	1
6486	15630	1
6487	372	1
6487	5465	1
6487	15630	1
6488	6118	1
6489	6118	1
6490	6353	1
6491	6353	1
6492	7626	1
6492	10506	1
6492	11116	1
6492	12799	1
6492	13485	1
6492	15794	1
6495	5733	1
6495	6534	1
6498	1345	1
6499	1345	1
6500	13701	1
6501	13701	1
6503	11357	1
6504	1829	1
6504	6651	1
6505	1829	1
6505	6651	1
6506	8846	1
6506	10392	1
6506	12039	1
6508	13153	1
6510	1800	1
6510	2720	1
6511	1800	1
6511	2720	1
6512	10815	1
6512	11736	1
6515	7505	1
6516	3815	1
6517	3815	1
6519	11151	1
6521	4924	1
6522	7830	1
6522	14198	1
6522	14392	1
6522	17031	1
6524	5319	1
6525	5319	1
6527	14711	1
6528	2294	1
6530	800	1
6530	2469	1
6530	2610	1
6530	3812	1
6530	5438	1
6530	7850	1
6530	12751	1
6530	13071	1
6532	9979	1
6533	9979	1
6534	11809	1
6535	11809	1
6536	4846	1
6537	4846	1
6538	1278	1
6538	1948	1
6538	3069	1
6538	3165	1
6538	4223	1
6538	4947	1
6538	5308	1
6538	5633	1
6538	5724	1
6538	6434	1
6538	6455	1
6538	6827	1
6538	7247	1
6538	7598	1
6538	10111	1
6538	10658	1
6538	13522	1
6538	14475	1
6538	15333	1
6538	17056	1
6538	17424	1
6540	4901	1
6540	5386	1
6542	2686	1
6543	2686	1
6544	1692	1
6545	1692	1
6546	11509	1
6547	11509	1
6549	11147	1
6550	3721	1
6552	1772	1
6554	7645	1
6555	7645	1
6556	5658	1
6556	15549	1
6557	5658	1
6557	15549	1
6558	5822	1
6559	5822	1
6560	16061	1
6561	16061	1
6562	3246	1
6562	7876	1
6562	8980	1
6563	3246	1
6563	7876	1
6563	8980	1
6564	10961	1
6564	13625	1
6564	15853	1
6564	16547	1
6565	10961	1
6565	13625	1
6565	15853	1
6565	16547	1
6566	17313	1
6567	17313	1
6568	12427	1
6568	17634	1
6569	12427	1
6569	17634	1
6571	523	1
6571	17128	1
6572	207	1
6574	11323	1
6574	13967	1
6575	11323	1
6575	13967	1
6577	14988	1
6578	3032	1
6579	3032	1
6581	1610	1
6582	450	1
6583	450	1
6584	13781	1
6585	13781	1
6586	11816	1
6587	11816	1
6588	1351	1
6589	1351	1
6590	1529	1
6590	7328	1
6590	8998	1
6591	1529	1
6591	7328	1
6591	8998	1
6592	18009	1
6593	18009	1
6594	4519	1
6594	5755	1
6595	4519	1
6595	5755	1
6596	11763	1
6597	11763	1
6598	17205	1
6599	17205	1
6600	1478	1
6600	2009	1
6600	2666	1
6600	7327	1
6600	9928	1
6600	11852	1
6600	17719	1
6601	1478	1
6601	2009	1
6601	2666	1
6601	7327	1
6601	9928	1
6601	11852	1
6601	17719	1
6602	8194	1
6603	8194	1
6605	15326	1
6606	14989	1
6607	14989	1
6608	7466	1
6609	7466	1
6611	13084	1
6612	1330	1
6612	7992	1
6612	14755	1
6613	1330	1
6613	7992	1
6613	14755	1
6614	320	1
6614	14102	1
6615	320	1
6615	14102	1
6616	6183	1
6616	8329	1
6617	6183	1
6617	8329	1
6619	5112	1
6620	18095	1
6621	18095	1
6622	17398	1
6623	17398	1
6624	2515	1
6624	10048	1
6625	2515	1
6625	10048	1
6626	11273	1
6627	11273	1
6628	14055	1
6629	14055	1
6630	10036	1
6631	10036	1
6633	1180	1
6633	7507	1
6634	1274	1
6634	17561	1
6635	1274	1
6635	17561	1
6636	4076	1
6638	13919	1
6638	14439	1
6638	15984	1
6639	13919	1
6639	14439	1
6639	15984	1
6641	2648	1
6642	2740	1
6642	10611	1
6642	13428	1
6642	15266	1
6642	16425	1
6643	2740	1
6643	10611	1
6643	13428	1
6643	15266	1
6643	16425	1
6644	3711	1
6645	3711	1
6646	9672	1
6647	9672	1
6649	9440	1
6650	2256	1
6651	2256	1
6652	1353	1
6653	1353	1
6654	2872	1
6655	2872	1
6656	265	1
6656	6175	1
6656	6199	1
6657	265	1
6657	6175	1
6657	6199	1
6658	10324	1
6658	15049	1
6659	10324	1
6659	15049	1
6660	17644	1
6661	17644	1
6662	4826	1
6663	4826	1
6664	13788	1
6665	13788	1
6666	11290	1
6666	12239	1
6667	11290	1
6667	12239	1
6668	2362	1
6669	2362	1
6671	527	1
6671	12600	1
6671	13893	1
6672	6187	1
6673	6187	1
6675	13395	1
6676	3994	1
6676	5453	1
6676	9326	1
6677	3994	1
6677	5453	1
6677	9326	1
6678	2713	1
6679	2713	1
6680	5747	1
6681	5747	1
6683	16610	1
6684	1616	1
6684	13946	1
6686	10767	1
6687	10767	1
6688	5583	1
6689	5583	1
6690	9365	1
6691	9365	1
6692	8970	1
6693	8970	1
6694	3791	1
6695	3791	1
6696	9809	1
6697	9809	1
6698	1759	1
6699	1759	1
6700	9424	1
6700	13076	1
6701	9424	1
6701	13076	1
6702	3084	1
6703	3084	1
6704	5269	1
6706	2453	1
6707	2453	1
6708	3175	1
6709	3175	1
6710	7434	1
6711	7434	1
6712	10382	1
6714	1541	1
6714	3611	1
6714	7917	1
6714	10060	1
6714	13446	1
6715	1541	1
6715	3611	1
6715	7917	1
6715	10060	1
6715	13446	1
6718	11117	1
6720	4649	1
6720	6709	1
6720	14591	1
6721	4649	1
6721	6709	1
6721	14591	1
6722	8536	1
6722	18020	1
6723	8536	1
6723	18020	1
6724	6158	1
6724	7263	1
6724	13288	1
6725	6158	1
6725	7263	1
6725	13288	1
6727	15799	1
6729	16142	1
6730	4000	1
6732	6901	1
6734	3447	1
6734	6304	1
6735	3447	1
6735	6304	1
6736	11448	1
6736	15578	1
6738	1855	1
6738	2440	1
6739	1855	1
6739	2440	1
6740	3007	1
6742	13659	1
6743	13659	1
6744	7181	1
6745	7181	1
6748	12238	1
6749	12238	1
6750	4511	1
6750	5250	1
6750	14707	1
6751	4511	1
6751	5250	1
6751	14707	1
6752	13734	1
6753	13734	1
6754	3337	1
6754	9711	1
6755	3337	1
6755	9711	1
6756	316	1
6756	5216	1
6756	5684	1
6756	8757	1
6756	14245	1
6757	316	1
6757	5216	1
6757	5684	1
6757	8757	1
6757	14245	1
6758	6832	1
6759	6832	1
6760	10877	1
6761	10877	1
6762	12664	1
6762	13668	1
6763	12664	1
6763	13668	1
6764	7060	1
6765	7060	1
6766	6405	1
6767	6405	1
6768	3748	1
6768	13713	1
6770	3714	1
6770	3891	1
6770	15583	1
6770	16567	1
6772	12127	1
6773	12127	1
6775	1428	1
6777	9412	1
6778	10171	1
6778	18051	1
6779	10171	1
6779	18051	1
6780	11274	1
6781	11274	1
6782	14271	1
6784	1226	1
6787	2411	1
6787	7860	1
6790	10229	1
6791	10229	1
6792	140	1
6793	140	1
6794	18171	1
6795	18171	1
6796	884	1
6797	884	1
6798	1110	1
6798	16649	1
6799	1110	1
6799	16649	1
6801	8841	1
6802	2796	1
6802	13808	1
6802	16758	1
6803	2796	1
6803	13808	1
6803	16758	1
6804	16199	1
6805	16199	1
6807	2600	1
6808	4420	1
6809	4420	1
6811	12086	1
6811	13386	1
6812	14952	1
6813	14952	1
6814	638	1
6815	638	1
6816	1571	1
6818	663	1
6818	7609	1
6818	9458	1
6819	663	1
6819	7609	1
6819	9458	1
6820	11745	1
6822	14282	1
6823	14282	1
6826	3800	1
6826	7158	1
6826	15655	1
6826	16200	1
6826	16922	1
6827	3800	1
6827	7158	1
6827	15655	1
6827	16200	1
6827	16922	1
6828	232	1
6829	232	1
6830	12059	1
6833	10384	1
6834	14333	1
6834	14574	1
6838	3574	1
6838	15320	1
6839	3574	1
6839	15320	1
6842	12078	1
6843	12078	1
6844	2166	1
6845	2166	1
6847	9218	1
6848	11945	1
6849	11945	1
6852	13367	1
6852	16570	1
6853	13367	1
6853	16570	1
6854	12146	1
6854	17952	1
6855	12146	1
6855	17952	1
6856	7029	1
6856	10642	1
6857	7029	1
6857	10642	1
6859	3408	1
6862	2684	1
6863	2684	1
6864	1969	1
6864	3616	1
6865	1969	1
6865	3616	1
6867	5593	1
6868	433	1
6868	15126	1
6869	433	1
6869	15126	1
6870	4904	1
6870	9636	1
6871	4904	1
6871	9636	1
6872	16596	1
6873	16596	1
6874	10241	1
6875	10241	1
6876	9239	1
6877	9239	1
6878	13281	1
6879	13281	1
6880	1961	1
6880	5813	1
6881	1961	1
6881	5813	1
6882	2165	1
6882	4697	1
6883	2165	1
6883	4697	1
6884	2438	1
6885	2438	1
6887	3524	1
6887	5159	1
6888	14766	1
6888	15073	1
6888	16607	1
6889	14766	1
6889	15073	1
6889	16607	1
6891	9793	1
6892	1	1
6892	4121	1
6893	1	1
6893	4121	1
6894	3556	1
6895	3556	1
6896	1102	1
6897	1102	1
6898	14955	1
6899	14955	1
6901	4301	1
6902	12701	1
6903	12701	1
6905	10781	1
6906	9682	1
6907	9682	1
6909	552	1
6909	8612	1
6909	17764	1
6910	14163	1
6911	14163	1
6912	3197	1
6912	13133	1
6913	3197	1
6913	13133	1
6915	16897	1
6916	16433	1
6917	16433	1
6918	1485	1
6918	16762	1
6919	1485	1
6919	16762	1
6920	5410	1
6920	8579	1
6921	5410	1
6921	8579	1
6922	5894	1
6922	12244	1
6922	12255	1
6923	5894	1
6923	12244	1
6923	12255	1
6924	6266	1
6925	6266	1
6927	2943	1
6928	9692	1
6929	9692	1
6930	5746	1
6930	15454	1
6932	3074	1
6932	10143	1
6933	3074	1
6933	10143	1
6934	12342	1
6935	12342	1
6936	3123	1
6936	11294	1
6937	3123	1
6937	11294	1
6938	8637	1
6939	8637	1
6940	7685	1
6941	7685	1
6942	8283	1
6943	8283	1
6944	5299	1
6945	5299	1
6946	8032	1
6946	8360	1
6948	11553	1
6949	11553	1
6950	9796	1
6951	9796	1
6952	10199	1
6953	10199	1
6954	2372	1
6954	3291	1
6955	2372	1
6955	3291	1
6956	2446	1
6957	2446	1
6958	6458	1
6959	6458	1
6960	5582	1
6960	15904	1
6962	13031	1
6963	13031	1
6964	14856	1
6965	14856	1
6966	11628	1
6967	11628	1
6968	12467	1
6970	3621	1
6971	3621	1
6972	235	1
6972	6495	1
6973	235	1
6973	6495	1
6974	5337	1
6974	7668	1
6975	5337	1
6975	7668	1
6976	1232	1
6977	1232	1
6978	10203	1
6979	10203	1
6980	1365	1
6980	3984	1
6980	5342	1
6980	8816	1
6980	11343	1
6980	13422	1
6980	17693	1
6980	17755	1
6981	1365	1
6981	3984	1
6981	5342	1
6981	8816	1
6981	11343	1
6981	13422	1
6981	17693	1
6981	17755	1
6983	1794	1
6983	6262	1
6983	17643	1
6986	2010	1
6986	15580	1
6987	2010	1
6987	15580	1
6988	12122	1
6989	12122	1
6990	3528	1
6992	6013	1
6992	8747	1
6994	8954	1
6996	4546	1
6997	4546	1
6998	6080	1
6999	6080	1
7000	12504	1
7000	16800	1
7002	5687	1
7002	9999	1
7006	5483	1
7007	5483	1
7008	2583	1
7009	2583	1
7010	3705	1
7011	3705	1
7013	6140	1
7014	15866	1
7015	15866	1
7016	740	1
7016	10545	1
7017	740	1
7017	10545	1
7018	761	1
7018	16660	1
7019	761	1
7019	16660	1
7020	16742	1
7021	16742	1
7022	39	1
7022	7881	1
7023	39	1
7023	7881	1
7024	13124	1
7025	13124	1
7026	5842	1
7027	5842	1
7028	18153	1
7030	3091	1
7030	4022	1
7030	4880	1
7030	10833	1
7030	11419	1
7031	3091	1
7031	4022	1
7031	4880	1
7031	10833	1
7031	11419	1
7033	16356	1
7034	4824	1
7036	15337	1
7037	15337	1
7039	4451	1
7040	9801	1
7041	9801	1
7042	1375	1
7042	2034	1
7042	11271	1
7042	15219	1
7043	1375	1
7043	2034	1
7043	11271	1
7043	15219	1
7044	1398	1
7045	1398	1
7050	17941	1
7051	17941	1
7052	581	1
7053	581	1
7054	13539	1
7054	14848	1
7055	13539	1
7055	14848	1
7056	15376	1
7056	16939	1
7057	15376	1
7057	16939	1
7058	2332	1
7058	4415	1
7059	2332	1
7059	4415	1
7060	1592	1
7060	3909	1
7060	5001	1
7060	5793	1
7060	11139	1
7061	1592	1
7061	3909	1
7061	5001	1
7061	5793	1
7061	11139	1
7062	9027	1
7063	9027	1
7064	17584	1
7065	17584	1
7067	12413	1
7068	14137	1
7069	14137	1
7071	5099	1
7072	737	1
7072	6844	1
7072	11790	1
7073	737	1
7073	6844	1
7073	11790	1
7074	11088	1
7075	11088	1
7076	7890	1
7078	9578	1
7079	9578	1
7080	10468	1
7081	10468	1
7082	1575	1
7083	1575	1
7084	8743	1
7085	8743	1
7086	13889	1
7087	13889	1
7089	13934	1
7090	1331	1
7091	1331	1
7093	8064	1
7094	1176	1
7095	1176	1
7097	13871	1
7098	9174	1
7100	16397	1
7101	16397	1
7102	12929	1
7103	12929	1
7104	16711	1
7105	16711	1
7106	616	1
7108	14833	1
7110	978	1
7110	5848	1
7110	13916	1
7111	978	1
7111	5848	1
7111	13916	1
7112	13319	1
7114	3376	1
7116	7096	1
7116	9970	1
7119	12613	1
7121	3976	1
7123	1698	1
7123	5020	1
7124	1328	1
7124	2809	1
7124	15840	1
7125	1328	1
7125	2809	1
7125	15840	1
7126	482	1
7126	1907	1
7126	15502	1
7127	482	1
7127	1907	1
7127	15502	1
7128	4026	1
7128	15859	1
7129	4026	1
7129	15859	1
7130	399	1
7131	399	1
7133	7517	1
7134	6363	1
7135	6363	1
7139	13784	1
7140	8168	1
7141	8168	1
7142	1662	1
7143	1662	1
7144	1055	1
7145	1055	1
7147	13092	1
7148	9289	1
7149	9289	1
7150	198	1
7150	16880	1
7151	198	1
7151	16880	1
7152	4651	1
7152	18121	1
7154	14736	1
7156	14492	1
7157	14492	1
7159	7583	1
7160	6663	1
7161	6663	1
7162	9164	1
7163	9164	1
7166	13270	1
7166	17092	1
7167	13270	1
7167	17092	1
7168	8854	1
7169	8854	1
7170	16064	1
7171	16064	1
7172	2105	1
7172	7407	1
7172	18084	1
7173	2105	1
7173	7407	1
7173	18084	1
7174	2693	1
7175	2693	1
7177	5307	1
7178	11363	1
7178	17849	1
7179	11363	1
7179	17849	1
7180	4594	1
7181	4594	1
7182	6425	1
7185	1811	1
7185	10679	1
7186	10934	1
7187	10934	1
7188	11549	1
7189	11549	1
7190	8570	1
7191	8570	1
7193	209	1
7193	12755	1
7194	3196	1
7194	6248	1
7194	8260	1
7194	8473	1
7194	8481	1
7194	12370	1
7195	3196	1
7195	6248	1
7195	8260	1
7195	8473	1
7195	8481	1
7195	12370	1
7196	13903	1
7198	2228	1
7201	16664	1
7202	18032	1
7203	18032	1
7204	11237	1
7205	11237	1
7206	6740	1
7206	15138	1
7207	6740	1
7207	15138	1
7208	1404	1
7210	2264	1
7210	4797	1
7210	7939	1
7210	10423	1
7210	10546	1
7210	11132	1
7210	17222	1
7211	2264	1
7211	4797	1
7211	7939	1
7211	10423	1
7211	10546	1
7211	11132	1
7211	17222	1
7212	10798	1
7214	11396	1
7215	11396	1
7216	42	1
7216	5180	1
7216	5475	1
7216	8443	1
7216	12839	1
7216	16272	1
7217	42	1
7217	5180	1
7217	5475	1
7217	8443	1
7217	12839	1
7217	16272	1
7218	13122	1
7219	13122	1
7220	12673	1
7220	13448	1
7221	12673	1
7221	13448	1
7222	946	1
7222	9097	1
7222	17955	1
7223	946	1
7223	9097	1
7223	17955	1
7224	3992	1
7224	7422	1
7224	8092	1
7225	3992	1
7225	7422	1
7225	8092	1
7226	1220	1
7226	8259	1
7227	1220	1
7227	8259	1
7228	5516	1
7228	11406	1
7229	5516	1
7229	11406	1
7230	3751	1
7230	5357	1
7230	6998	1
7230	7439	1
7230	9852	1
7230	14939	1
7232	1608	1
7233	1608	1
7234	240	1
7235	240	1
7236	5108	1
7237	5108	1
7239	9232	1
7240	17171	1
7241	17171	1
7242	7949	1
7243	7949	1
7244	8257	1
7245	8257	1
7246	13573	1
7247	13573	1
7248	10378	1
7251	11710	1
7252	11532	1
7253	11532	1
7254	2814	1
7255	2814	1
7256	16804	1
7257	16804	1
7258	15414	1
7259	15414	1
7260	8114	1
7261	8114	1
7262	2938	1
7265	13116	1
7266	8085	1
7267	8085	1
7268	3719	1
7269	3719	1
7271	8105	1
7272	3505	1
7273	3505	1
7274	9186	1
7274	15825	1
7275	9186	1
7275	15825	1
7276	14767	1
7277	14767	1
7278	4325	1
7278	4394	1
7279	4325	1
7279	4394	1
7280	2674	1
7280	16831	1
7281	2674	1
7281	16831	1
7282	2555	1
7282	7425	1
7285	11023	1
7286	1302	1
7287	1302	1
7288	4883	1
7290	10037	1
7291	10037	1
7292	8756	1
7293	8756	1
7294	6673	1
7295	6673	1
7296	8319	1
7296	17154	1
7297	8319	1
7297	17154	1
7298	1747	1
7299	1747	1
7300	12891	1
7301	12891	1
7303	16938	1
7304	14413	1
7304	17437	1
7305	14413	1
7305	17437	1
7306	6545	1
7307	6545	1
7309	13578	1
7309	17371	1
7310	11193	1
7311	11193	1
7312	5620	1
7312	6433	1
7313	5620	1
7313	6433	1
7314	9977	1
7315	9977	1
7317	10590	1
7318	4246	1
7319	4246	1
7320	15937	1
7321	15937	1
7322	15345	1
7325	14275	1
7326	9154	1
7326	10396	1
7328	16648	1
7329	16648	1
7330	8955	1
7331	8955	1
7332	6466	1
7332	7351	1
7332	14199	1
7333	6466	1
7333	7351	1
7333	14199	1
7336	1856	1
7336	8150	1
7336	9377	1
7336	12192	1
7336	13600	1
7336	17829	1
7337	1856	1
7337	8150	1
7337	9377	1
7337	12192	1
7337	13600	1
7337	17829	1
7338	16034	1
7340	17676	1
7342	729	1
7343	729	1
7344	987	1
7345	987	1
7346	9907	1
7347	9907	1
7348	3990	1
7349	3990	1
7350	13302	1
7351	13302	1
7352	11716	1
7354	9118	1
7355	9118	1
7356	3769	1
7356	6591	1
7357	3769	1
7357	6591	1
7358	4695	1
7358	15064	1
7359	4695	1
7359	15064	1
7360	11634	1
7361	11634	1
7362	6347	1
7363	6347	1
7364	12343	1
7364	17028	1
7365	12343	1
7365	17028	1
7366	15513	1
7366	16256	1
7367	15513	1
7367	16256	1
7368	3327	1
7368	7441	1
7369	3327	1
7369	7441	1
7370	12347	1
7370	16638	1
7372	8454	1
7373	8454	1
7374	888	1
7375	888	1
7376	13258	1
7377	13258	1
7378	16866	1
7379	16866	1
7380	6609	1
7381	6609	1
7382	11304	1
7383	11304	1
7384	8476	1
7385	8476	1
7386	16690	1
7387	16690	1
7389	1246	1
7390	2078	1
7390	9500	1
7391	2078	1
7391	9500	1
7392	9855	1
7394	4794	1
7395	4794	1
7396	11606	1
7396	11727	1
7397	11606	1
7397	11727	1
7398	5718	1
7399	5718	1
7400	1866	1
7403	10459	1
7404	1021	1
7404	5969	1
7404	9647	1
7404	10958	1
7404	16730	1
7404	17386	1
7405	1021	1
7405	5969	1
7405	9647	1
7405	10958	1
7405	16730	1
7405	17386	1
7407	15693	1
7407	15857	1
7409	12294	1
7412	3005	1
7413	3005	1
7414	1462	1
7414	7484	1
7416	4845	1
7417	4845	1
7418	15450	1
7419	15450	1
7420	373	1
7421	373	1
7422	6357	1
7423	6357	1
7424	11723	1
7425	11723	1
7426	15127	1
7428	14829	1
7429	14829	1
7430	2836	1
7430	9878	1
7431	2836	1
7431	9878	1
7432	11864	1
7432	12887	1
7433	11864	1
7433	12887	1
7434	3298	1
7434	8384	1
7434	9043	1
7434	17946	1
7436	3867	1
7437	3867	1
7439	261	1
7439	8636	1
7441	3572	1
7441	6517	1
7441	14956	1
7443	16913	1
7445	12055	1
7446	9336	1
7447	9336	1
7448	7125	1
7449	7125	1
7450	9293	1
7452	4300	1
7453	4300	1
7454	7604	1
7456	994	1
7456	5021	1
7456	5935	1
7457	994	1
7457	5021	1
7457	5935	1
7459	14791	1
7460	13955	1
7461	13955	1
7463	813	1
7463	13567	1
7464	3401	1
7464	11241	1
7465	3401	1
7465	11241	1
7468	5548	1
7469	5548	1
7470	1647	1
7471	1647	1
7473	149	1
7475	8517	1
7475	11480	1
7475	14920	1
7476	10859	1
7476	16936	1
7477	10859	1
7477	16936	1
7478	1767	1
7479	1767	1
7480	14622	1
7483	5875	1
7485	9220	1
7486	1915	1
7487	1915	1
7488	6815	1
7491	16247	1
7492	10315	1
7492	11166	1
7493	10315	1
7493	11166	1
7495	6931	1
7496	12875	1
7498	3649	1
7498	6750	1
7499	3649	1
7499	6750	1
7500	4535	1
7500	7481	1
7500	8346	1
7501	4535	1
7501	7481	1
7501	8346	1
7502	1814	1
7502	7374	1
7502	11073	1
7502	11962	1
7504	16274	1
7505	16274	1
7506	6825	1
7507	6825	1
7508	13538	1
7511	2447	1
7513	4611	1
7513	8589	1
7514	6435	1
7514	9917	1
7515	6435	1
7515	9917	1
7516	5782	1
7517	5782	1
7518	12653	1
7519	12653	1
7520	1262	1
7521	1262	1
7522	1613	1
7522	3553	1
7522	12860	1
7523	1613	1
7523	3553	1
7523	12860	1
7524	4859	1
7525	4859	1
7526	6233	1
7527	6233	1
7528	5863	1
7528	12030	1
7529	5863	1
7529	12030	1
7530	3117	1
7533	3885	1
7533	7350	1
7534	6021	1
7534	17640	1
7535	6021	1
7535	17640	1
7537	15043	1
7538	10675	1
7540	6549	1
7540	13001	1
7541	6549	1
7541	13001	1
7543	4068	1
7544	1431	1
7544	3311	1
7546	3844	1
7546	12966	1
7547	3844	1
7547	12966	1
7548	2620	1
7548	3868	1
7548	11995	1
7549	2620	1
7549	3868	1
7549	11995	1
7550	449	1
7550	16857	1
7552	6727	1
7553	6727	1
7554	2098	1
7555	2098	1
7556	7077	1
7558	17713	1
7559	17713	1
7560	10659	1
7562	9013	1
7563	9013	1
7564	14259	1
7565	14259	1
7566	5339	1
7566	9466	1
7567	5339	1
7567	9466	1
7568	7476	1
7568	11518	1
7569	7476	1
7569	11518	1
7570	6601	1
7572	7157	1
7572	14253	1
7573	7157	1
7573	14253	1
7575	3164	1
7575	12838	1
7576	2213	1
7577	2213	1
7578	3137	1
7578	3151	1
7578	3472	1
7578	4359	1
7578	5211	1
7578	6217	1
7578	6263	1
7578	6760	1
7578	7003	1
7578	7582	1
7578	8076	1
7578	10192	1
7578	11230	1
7578	12821	1
7578	12824	1
7578	13476	1
7578	15113	1
7578	15963	1
7578	17599	1
7579	3137	1
7579	3151	1
7579	3472	1
7579	4359	1
7579	5211	1
7579	6217	1
7579	6263	1
7579	6760	1
7579	7003	1
7579	7582	1
7579	8076	1
7579	10192	1
7579	11230	1
7579	12821	1
7579	12824	1
7579	13476	1
7579	15113	1
7579	15963	1
7579	17599	1
7580	7852	1
7582	15964	1
7584	13064	1
7584	17623	1
7585	13064	1
7585	17623	1
7587	6921	1
7587	12712	1
7588	14081	1
7589	14081	1
7590	15065	1
7591	15065	1
7593	6196	1
7593	8656	1
7593	9472	1
7594	1540	1
7595	1540	1
7596	2262	1
7597	2262	1
7598	3443	1
7599	3443	1
7600	14458	1
7602	2474	1
7602	13798	1
7603	2474	1
7603	13798	1
7605	199	1
7606	17564	1
7608	3691	1
7608	5192	1
7609	3691	1
7609	5192	1
7611	11213	1
7611	11683	1
7613	8582	1
7615	1146	1
7616	2951	1
7616	6941	1
7616	16652	1
7617	2951	1
7617	6941	1
7617	16652	1
7619	5416	1
7619	6088	1
7620	14136	1
7620	15493	1
7621	14136	1
7621	15493	1
7622	3198	1
7623	3198	1
7624	7508	1
7625	7508	1
7626	1987	1
7626	5685	1
7627	1987	1
7627	5685	1
7628	9973	1
7628	11342	1
7628	15746	1
7628	16833	1
7629	9973	1
7629	11342	1
7629	15746	1
7629	16833	1
7630	601	1
7630	9282	1
7630	12396	1
7630	15651	1
7630	17433	1
7631	601	1
7631	9282	1
7631	12396	1
7631	15651	1
7631	17433	1
7632	4769	1
7633	4769	1
7634	5002	1
7636	2481	1
7637	2481	1
7638	8967	1
7639	8967	1
7640	12366	1
7641	12366	1
7642	4551	1
7642	5046	1
7643	4551	1
7643	5046	1
7645	5951	1
7647	14429	1
7648	6618	1
7648	13441	1
7648	15191	1
7649	6618	1
7649	13441	1
7649	15191	1
7651	7812	1
7653	255	1
7653	504	1
7653	2011	1
7653	2383	1
7653	2777	1
7653	3481	1
7653	3820	1
7653	3929	1
7653	4080	1
7653	4409	1
7653	4540	1
7653	5125	1
7653	5936	1
7653	6205	1
7653	6456	1
7653	6734	1
7653	6851	1
7653	8264	1
7653	8372	1
7653	9144	1
7653	9691	1
7653	10566	1
7653	11372	1
7653	12028	1
7653	12193	1
7653	12476	1
7653	12748	1
7653	13581	1
7653	13815	1
7653	15036	1
7653	15056	1
7653	15237	1
7653	16404	1
7653	17819	1
7654	14772	1
7654	17618	1
7656	4974	1
7656	6396	1
7656	12920	1
7656	17104	1
7659	2937	1
7660	3725	1
7660	3884	1
7661	3725	1
7661	3884	1
7662	3172	1
7663	3172	1
7665	11282	1
7665	16320	1
7666	12082	1
7668	8273	1
7670	5094	1
7670	10943	1
7671	5094	1
7671	10943	1
7673	8496	1
7675	4165	1
7675	17971	1
7676	7082	1
7677	7082	1
7678	11306	1
7680	2598	1
7681	2598	1
7682	16017	1
7683	16017	1
7684	10490	1
7685	10490	1
7690	2955	1
7690	12167	1
7690	14422	1
7692	40	1
7693	40	1
7695	1338	1
7696	3577	1
7697	3577	1
7699	13469	1
7700	15328	1
7701	15328	1
7702	12223	1
7703	12223	1
7704	1198	1
7704	3835	1
7705	1198	1
7705	3835	1
7706	1545	1
7706	3966	1
7706	6427	1
7706	11057	1
7706	11517	1
7706	13022	1
7707	1545	1
7707	3966	1
7707	6427	1
7707	11057	1
7707	11517	1
7707	13022	1
7708	14495	1
7709	14495	1
7710	11625	1
7711	11625	1
7712	7805	1
7713	7805	1
7714	1135	1
7715	1135	1
7716	11884	1
7718	11573	1
7719	11573	1
7720	10861	1
7720	14621	1
7722	10691	1
7722	14871	1
7723	10691	1
7723	14871	1
7724	7794	1
7725	7794	1
7727	8541	1
7728	16480	1
7730	3640	1
7730	10072	1
7730	12658	1
7731	3640	1
7731	10072	1
7731	12658	1
7732	3549	1
7733	3549	1
7734	118	1
7734	14476	1
7735	118	1
7735	14476	1
7736	7731	1
7738	13006	1
7739	13006	1
7740	11206	1
7742	7258	1
7743	7258	1
7744	868	1
7745	868	1
7746	683	1
7747	683	1
7749	10831	1
7749	12067	1
7750	1525	1
7750	14202	1
7751	1525	1
7751	14202	1
7752	6596	1
7753	6596	1
7754	641	1
7754	3232	1
7755	641	1
7755	3232	1
7756	2525	1
7756	10313	1
7757	2525	1
7757	10313	1
7758	5595	1
7759	5595	1
7761	7747	1
7761	14971	1
7762	3547	1
7762	11722	1
7763	3547	1
7763	11722	1
7764	11819	1
7765	11819	1
7766	6083	1
7767	6083	1
7768	6669	1
7769	6669	1
7770	3258	1
7770	14808	1
7772	11661	1
7773	11661	1
7774	824	1
7775	824	1
7776	11682	1
7777	11682	1
7778	8352	1
7779	8352	1
7780	1820	1
7781	1820	1
7783	7755	1
7784	13725	1
7785	13725	1
7786	3467	1
7786	9645	1
7787	3467	1
7787	9645	1
7789	6507	1
7789	7314	1
7789	7518	1
7790	2606	1
7793	12733	1
7793	13691	1
7795	15829	1
7796	7027	1
7796	11936	1
7797	7027	1
7797	11936	1
7798	7968	1
7798	10557	1
7798	14535	1
7798	15417	1
7798	16740	1
7800	6198	1
7800	16628	1
7801	6198	1
7801	16628	1
7803	2590	1
7803	8430	1
7804	9630	1
7807	10997	1
7808	17073	1
7809	17073	1
7810	1731	1
7810	10891	1
7810	16058	1
7811	1731	1
7811	10891	1
7811	16058	1
7812	11262	1
7813	11262	1
7815	8460	1
7816	14688	1
7817	14688	1
7819	3372	1
7819	14483	1
7819	17074	1
7820	3566	1
7821	3566	1
7822	5449	1
7823	5449	1
7824	9480	1
7826	4365	1
7826	16339	1
7827	4365	1
7827	16339	1
7828	4554	1
7828	6595	1
7828	10535	1
7828	18078	1
7829	4554	1
7829	6595	1
7829	10535	1
7829	18078	1
7830	2898	1
7830	4958	1
7831	2898	1
7831	4958	1
7832	3703	1
7832	4168	1
7833	3703	1
7833	4168	1
7834	12123	1
7835	12123	1
7836	8341	1
7837	8341	1
7838	11047	1
7839	11047	1
7840	1807	1
7841	1807	1
7842	13013	1
7843	13013	1
7844	9927	1
7845	9927	1
7846	377	1
7846	1073	1
7846	4853	1
7847	377	1
7847	1073	1
7847	4853	1
7848	8234	1
7850	1965	1
7850	6579	1
7851	1965	1
7851	6579	1
7852	8984	1
7853	8984	1
7854	13276	1
7855	13276	1
7856	2853	1
7857	2853	1
7858	15535	1
7859	15535	1
7860	13812	1
7861	13812	1
7862	16384	1
7862	17862	1
7863	16384	1
7863	17862	1
7864	6412	1
7864	10173	1
7865	6412	1
7865	10173	1
7866	12433	1
7867	12433	1
7868	7340	1
7869	7340	1
7870	8677	1
7872	2171	1
7873	2171	1
7874	9280	1
7876	2391	1
7876	4038	1
7877	2391	1
7877	4038	1
7878	11497	1
7879	11497	1
7881	15235	1
7881	17688	1
7883	4133	1
7884	11652	1
7884	14030	1
7885	11652	1
7885	14030	1
7886	3901	1
7887	3901	1
7889	6883	1
7890	17613	1
7891	17613	1
7892	9883	1
7893	9883	1
7894	10612	1
7895	10612	1
7896	2563	1
7896	6211	1
7897	2563	1
7897	6211	1
7898	7623	1
7899	7623	1
7900	5481	1
7901	5481	1
7903	7976	1
7903	13445	1
7905	11315	1
7906	5961	1
7907	5961	1
7908	2036	1
7908	2565	1
7910	1707	1
7910	16154	1
7911	1707	1
7911	16154	1
7912	13639	1
7915	6831	1
7915	11552	1
7915	12841	1
7915	13852	1
7917	5619	1
7918	17697	1
7919	17697	1
7920	1326	1
7920	4237	1
7921	1326	1
7921	4237	1
7922	8818	1
7922	12243	1
7922	14929	1
7923	8818	1
7923	12243	1
7923	14929	1
7924	13114	1
7925	13114	1
7926	9840	1
7927	9840	1
7929	4792	1
7929	7765	1
7929	12941	1
7929	14914	1
7930	283	1
7930	13100	1
7931	283	1
7931	13100	1
7932	8338	1
7933	8338	1
7934	1437	1
7934	7834	1
7935	1437	1
7935	7834	1
7936	11610	1
7937	11610	1
7938	5941	1
7938	14057	1
7938	17562	1
7939	5941	1
7939	14057	1
7939	17562	1
7940	2910	1
7941	2910	1
7943	15673	1
7944	3887	1
7944	8881	1
7946	5085	1
7946	5906	1
7946	7692	1
7946	7694	1
7946	8312	1
7946	12945	1
7946	13172	1
7946	13531	1
7946	13948	1
7946	15061	1
7947	5085	1
7947	5906	1
7947	7692	1
7947	7694	1
7947	8312	1
7947	12945	1
7947	13172	1
7947	13531	1
7947	13948	1
7947	15061	1
7948	6536	1
7948	8657	1
7949	6536	1
7949	8657	1
7950	952	1
7950	8247	1
7951	952	1
7951	8247	1
7952	1362	1
7952	3404	1
7953	1362	1
7953	3404	1
7954	3720	1
7954	14999	1
7956	3765	1
7957	3765	1
7958	6977	1
7958	13197	1
7959	6977	1
7959	13197	1
7960	1456	1
7960	1923	1
7961	1456	1
7961	1923	1
7962	8023	1
7962	10186	1
7962	15886	1
7963	8023	1
7963	10186	1
7963	15886	1
7964	13585	1
7965	13585	1
7966	2289	1
7966	16492	1
7967	2289	1
7967	16492	1
7968	5937	1
7971	13775	1
7972	9470	1
7973	9470	1
7974	12510	1
7975	12510	1
7976	1594	1
7977	1594	1
7978	1184	1
7978	2017	1
7978	5999	1
7978	6593	1
7978	7316	1
7978	10164	1
7978	12301	1
7978	13310	1
7978	14785	1
7980	8469	1
7980	9882	1
7981	8469	1
7981	9882	1
7982	17874	1
7983	17874	1
7984	6041	1
7984	9481	1
7985	6041	1
7985	9481	1
7987	9918	1
7988	11099	1
7989	11099	1
7990	6291	1
7990	7016	1
7991	6291	1
7991	7016	1
7992	8314	1
7992	13291	1
7993	8314	1
7993	13291	1
7994	3076	1
7994	6064	1
7994	8169	1
7994	9038	1
7998	17534	1
7999	17534	1
8000	10246	1
8001	10246	1
8002	10808	1
8003	10808	1
8006	4983	1
8006	6842	1
8006	10165	1
8008	328	1
8009	328	1
8010	8569	1
8011	8569	1
8012	7307	1
8012	9198	1
8013	7307	1
8013	9198	1
8014	3271	1
8014	3451	1
8015	3271	1
8015	3451	1
8016	6732	1
8016	12453	1
8016	13049	1
8016	14060	1
8017	6732	1
8017	12453	1
8017	13049	1
8017	14060	1
8019	385	1
8021	14520	1
8021	17512	1
8023	6624	1
8024	9528	1
8026	18001	1
8028	6421	1
8029	6421	1
8031	8088	1
8031	8896	1
8031	17319	1
8034	5092	1
8035	5092	1
8036	9237	1
8037	9237	1
8038	11924	1
8040	1496	1
8041	1496	1
8042	380	1
8042	3501	1
8042	9717	1
8042	11641	1
8042	11666	1
8042	14687	1
8042	14701	1
8042	16865	1
8043	380	1
8043	3501	1
8043	9717	1
8043	11641	1
8043	11666	1
8043	14687	1
8043	14701	1
8043	16865	1
8044	14044	1
8045	14044	1
8046	8871	1
8047	8871	1
8048	7348	1
8050	2651	1
8052	5370	1
8052	10960	1
8053	5370	1
8053	10960	1
8054	3081	1
8055	3081	1
8056	6671	1
8056	16676	1
8057	6671	1
8057	16676	1
8058	13037	1
8060	7	1
8060	1509	1
8060	16681	1
8061	7	1
8061	1509	1
8061	16681	1
8062	8901	1
8062	17576	1
8063	8901	1
8063	17576	1
8064	16318	1
8066	5394	1
8067	5394	1
8068	10668	1
8069	10668	1
8070	17610	1
8071	17610	1
8072	7073	1
8072	9216	1
8073	7073	1
8073	9216	1
8074	5200	1
8075	5200	1
8076	16692	1
8077	16692	1
8079	6588	1
8080	11278	1
8081	11278	1
8082	10013	1
8082	17786	1
8083	10013	1
8083	17786	1
8084	10498	1
8085	10498	1
8087	17466	1
8087	17995	1
8088	52	1
8088	4599	1
8088	6163	1
8088	7970	1
8088	10640	1
8088	10737	1
8088	14514	1
8088	15457	1
8088	16814	1
8088	16931	1
8089	52	1
8089	4599	1
8089	6163	1
8089	7970	1
8089	10640	1
8089	10737	1
8089	14514	1
8089	15457	1
8089	16814	1
8089	16931	1
8090	522	1
8090	588	1
8090	9718	1
8090	10009	1
8090	10152	1
8090	10485	1
8090	13657	1
8092	1389	1
8092	7663	1
8092	13565	1
8092	15548	1
8093	1389	1
8093	7663	1
8093	13565	1
8093	15548	1
8094	5568	1
8094	8300	1
8094	13355	1
8094	16359	1
8095	5568	1
8095	8300	1
8095	13355	1
8095	16359	1
8096	11356	1
8097	11356	1
8101	10583	1
8102	11997	1
8102	13003	1
8103	11997	1
8103	13003	1
8104	7309	1
8107	6035	1
8107	7515	1
8108	1709	1
8108	5429	1
8110	5392	1
8111	5392	1
8112	7355	1
8114	9475	1
8115	9475	1
8116	3752	1
8116	8495	1
8116	11837	1
8117	3752	1
8117	8495	1
8117	11837	1
8118	7950	1
8119	7950	1
8120	17145	1
8121	17145	1
8122	1810	1
8122	3763	1
8122	10418	1
8122	16317	1
8123	1810	1
8123	3763	1
8123	10418	1
8123	16317	1
8124	10278	1
8126	4854	1
8128	9185	1
8130	7392	1
8131	7392	1
8132	11810	1
8132	12549	1
8133	11810	1
8133	12549	1
8134	6105	1
8134	16205	1
8136	8217	1
8137	8217	1
8139	592	1
8139	1006	1
8139	4582	1
8139	4733	1
8140	6573	1
8141	6573	1
8142	12424	1
8143	12424	1
8144	551	1
8145	551	1
8146	11635	1
8148	12649	1
8150	6429	1
8150	14584	1
8151	6429	1
8151	14584	1
8152	12740	1
8153	12740	1
8154	164	1
8155	164	1
8156	2211	1
8156	12179	1
8158	11976	1
8161	460	1
8161	815	1
8161	14038	1
8161	14178	1
8163	16389	1
8163	16490	1
8165	1914	1
8166	9730	1
8167	9730	1
8168	6441	1
8170	7676	1
8170	11665	1
8171	7676	1
8171	11665	1
8172	7413	1
8172	14270	1
8173	7413	1
8173	14270	1
8175	13331	1
8177	6297	1
8179	345	1
8179	8584	1
8180	751	1
8181	751	1
8182	3632	1
8186	1895	1
8186	9709	1
8187	1895	1
8187	9709	1
8192	8367	1
8193	8367	1
8194	264	1
8195	264	1
8196	1247	1
8196	10296	1
8197	1247	1
8197	10296	1
8198	773	1
8199	773	1
8200	15406	1
8201	15406	1
8202	294	1
8203	294	1
8204	15808	1
8205	15808	1
8206	5785	1
8206	9650	1
8206	11896	1
8206	14292	1
8207	5785	1
8207	9650	1
8207	11896	1
8207	14292	1
8208	6150	1
8208	9262	1
8208	16593	1
8210	1349	1
8211	1349	1
8212	8208	1
8212	10395	1
8213	8208	1
8213	10395	1
8214	1035	1
8214	4093	1
8216	2865	1
8216	3759	1
8216	10565	1
8216	12745	1
8216	15004	1
8216	15806	1
8216	17404	1
8217	2865	1
8217	3759	1
8217	10565	1
8217	12745	1
8217	15004	1
8217	15806	1
8217	17404	1
8218	11650	1
8219	11650	1
8220	3040	1
8221	3040	1
8222	11233	1
8225	5326	1
8226	4135	1
8226	9853	1
8226	9894	1
8227	4135	1
8227	9853	1
8227	9894	1
8228	4268	1
8228	6845	1
8228	10385	1
8228	17270	1
8229	4268	1
8229	6845	1
8229	10385	1
8229	17270	1
8230	589	1
8230	2206	1
8231	589	1
8231	2206	1
8232	7927	1
8233	7927	1
8234	15636	1
8235	15636	1
8236	8983	1
8236	17274	1
8236	17608	1
8237	8983	1
8237	17274	1
8237	17608	1
8238	8882	1
8239	8882	1
8240	3526	1
8241	3526	1
8242	6235	1
8242	14116	1
8243	6235	1
8243	14116	1
8244	1400	1
8244	11677	1
8245	1400	1
8245	11677	1
8246	7052	1
8246	7143	1
8247	7052	1
8247	7143	1
8248	13103	1
8249	13103	1
8250	17414	1
8251	17414	1
8252	1542	1
8253	1542	1
8254	15388	1
8255	15388	1
8258	2325	1
8259	2325	1
8260	6306	1
8261	6306	1
8262	15498	1
8262	17970	1
8263	15498	1
8263	17970	1
8264	17520	1
8265	17520	1
8266	9018	1
8267	9018	1
8270	15403	1
8271	15403	1
8272	7428	1
8273	7428	1
8274	17044	1
8275	17044	1
8279	7057	1
8281	12231	1
8282	15622	1
8282	17799	1
8284	15062	1
8284	16514	1
8285	15062	1
8285	16514	1
8286	5120	1
8288	3068	1
8289	3068	1
8290	8698	1
8291	8698	1
8292	9129	1
8293	9129	1
8294	1461	1
8295	1461	1
8296	13134	1
8297	13134	1
8298	1658	1
8298	12789	1
8299	1658	1
8299	12789	1
8300	2420	1
8300	8730	1
8300	9565	1
8300	16743	1
8301	2420	1
8301	8730	1
8301	9565	1
8301	16743	1
8302	480	1
8302	11967	1
8303	480	1
8303	11967	1
8304	17806	1
8306	15713	1
8307	15713	1
8308	7643	1
8312	5567	1
8313	5567	1
8314	13053	1
8316	16292	1
8317	16292	1
8318	4102	1
8319	4102	1
8321	9967	1
8323	1475	1
8324	4134	1
8324	13961	1
8327	6094	1
8327	16109	1
8330	2402	1
8330	7911	1
8330	8767	1
8333	5795	1
8333	8235	1
8333	10303	1
8334	4812	1
8335	4812	1
8336	614	1
8336	9518	1
8337	614	1
8337	9518	1
8338	9034	1
8341	1058	1
8342	6104	1
8344	4990	1
8344	10375	1
8344	15681	1
8344	15705	1
8345	4990	1
8345	10375	1
8345	15681	1
8345	15705	1
8346	8263	1
8347	8263	1
8348	14210	1
8351	13182	1
8352	8870	1
8353	8870	1
8354	2002	1
8354	5013	1
8354	13693	1
8354	14380	1
8354	14397	1
8354	14612	1
8354	15516	1
8355	2002	1
8355	5013	1
8355	13693	1
8355	14380	1
8355	14397	1
8355	14612	1
8355	15516	1
8356	1491	1
8356	11037	1
8356	16701	1
8357	1491	1
8357	11037	1
8357	16701	1
8359	173	1
8360	16290	1
8361	16290	1
8362	17477	1
8363	17477	1
8365	6093	1
8366	8936	1
8367	8936	1
8368	1890	1
8369	1890	1
8370	1990	1
8371	1990	1
8372	15196	1
8373	15196	1
8374	12904	1
8374	13224	1
8375	12904	1
8375	13224	1
8377	13826	1
8378	2038	1
8378	13558	1
8379	2038	1
8379	13558	1
8381	2683	1
8382	3970	1
8383	3970	1
8386	2715	1
8387	2715	1
8389	574	1
8389	1661	1
8390	8851	1
8391	8851	1
8392	9738	1
8393	9738	1
8395	3385	1
8396	16786	1
8397	16786	1
8400	15374	1
8401	15374	1
8404	5262	1
8404	6011	1
8405	5262	1
8405	6011	1
8406	8343	1
8406	17336	1
8409	777	1
8409	3767	1
8409	15140	1
8410	9308	1
8411	9308	1
8414	1295	1
8415	1295	1
8416	17271	1
8418	587	1
8418	1263	1
8418	1382	1
8418	3461	1
8418	3877	1
8418	4922	1
8418	5497	1
8418	5535	1
8418	5933	1
8418	6101	1
8418	6645	1
8418	7845	1
8418	10284	1
8418	10828	1
8418	11617	1
8418	13649	1
8418	15478	1
8418	16446	1
8418	17658	1
8418	17659	1
8418	17714	1
8419	587	1
8419	1263	1
8419	1382	1
8419	3461	1
8419	3877	1
8419	4922	1
8419	5497	1
8419	5535	1
8419	5933	1
8419	6101	1
8419	6645	1
8419	7845	1
8419	10284	1
8419	10828	1
8419	11617	1
8419	13649	1
8419	15478	1
8419	16446	1
8419	17658	1
8419	17659	1
8419	17714	1
8420	6808	1
8420	9646	1
8421	6808	1
8421	9646	1
8423	2139	1
8425	4443	1
8425	4643	1
8426	12979	1
8427	12979	1
8428	3764	1
8429	3764	1
8430	7662	1
8430	11847	1
8430	14294	1
8431	7662	1
8431	11847	1
8431	14294	1
8432	13840	1
8433	13840	1
8435	4095	1
8436	3023	1
8436	7594	1
8437	3023	1
8437	7594	1
8438	4236	1
8438	13191	1
8439	4236	1
8439	13191	1
8440	8359	1
8441	8359	1
8442	13038	1
8443	13038	1
8444	3873	1
8445	3873	1
8446	2274	1
8447	2274	1
8449	201	1
8449	3393	1
8450	14448	1
8451	14448	1
8452	6625	1
8453	6625	1
8455	17575	1
8456	5208	1
8456	9663	1
8456	15171	1
8457	5208	1
8457	9663	1
8457	15171	1
8459	11030	1
8460	10979	1
8461	10979	1
8462	5257	1
8463	5257	1
8464	11868	1
8465	11868	1
8466	2754	1
8466	17136	1
8467	2754	1
8467	17136	1
8468	17840	1
8469	17840	1
8470	6635	1
8470	10276	1
8472	9087	1
8472	9543	1
8473	9087	1
8473	9543	1
8474	9948	1
8475	9948	1
8476	13510	1
8477	13510	1
8478	8248	1
8478	16977	1
8479	8248	1
8479	16977	1
8480	10437	1
8480	12981	1
8480	17628	1
8482	4147	1
8483	4147	1
8484	3700	1
8485	3700	1
8486	10191	1
8487	10191	1
8488	17496	1
8489	17496	1
8490	11034	1
8490	17043	1
8490	17408	1
8492	1838	1
8493	1838	1
8494	3050	1
8494	13121	1
8495	3050	1
8495	13121	1
8496	3674	1
8496	6460	1
8498	953	1
8498	11177	1
8498	11894	1
8499	953	1
8499	11177	1
8499	11894	1
8500	432	1
8501	432	1
8503	15555	1
8506	4814	1
8506	13466	1
8507	4814	1
8507	13466	1
8508	9582	1
8508	12759	1
8508	15748	1
8509	9582	1
8509	12759	1
8509	15748	1
8510	1019	1
8511	1019	1
8513	12883	1
8514	6497	1
8515	6497	1
8516	2102	1
8517	2102	1
8518	944	1
8519	944	1
8520	6121	1
8521	6121	1
8523	2824	1
8524	15852	1
8525	15852	1
8528	2933	1
8528	3997	1
8528	4202	1
8528	5325	1
8528	8048	1
8528	8591	1
8528	10539	1
8528	11501	1
8529	2933	1
8529	3997	1
8529	4202	1
8529	5325	1
8529	8048	1
8529	8591	1
8529	10539	1
8529	11501	1
8530	3299	1
8531	3299	1
8532	4970	1
8532	10018	1
8532	15653	1
8535	11917	1
8536	5420	1
8536	9811	1
8537	5420	1
8537	9811	1
8538	8557	1
8538	15125	1
8539	8557	1
8539	15125	1
8540	1112	1
8540	6846	1
8540	7499	1
8540	9857	1
8540	10196	1
8540	15635	1
8541	1112	1
8541	6846	1
8541	7499	1
8541	9857	1
8541	10196	1
8541	15635	1
8542	11542	1
8543	11542	1
8545	10872	1
8547	5484	1
8548	5384	1
8549	5384	1
8550	1813	1
8551	1813	1
8552	2502	1
8554	1111	1
8554	12947	1
8555	1111	1
8555	12947	1
8557	1177	1
8557	15685	1
8558	1201	1
8558	2727	1
8558	17164	1
8559	1201	1
8559	2727	1
8559	17164	1
8560	7858	1
8561	7858	1
8563	14350	1
8564	8939	1
8566	5218	1
8566	6156	1
8567	5218	1
8567	6156	1
8568	1448	1
8568	2007	1
8568	4249	1
8568	5452	1
8568	16110	1
8568	16766	1
8569	1448	1
8569	2007	1
8569	4249	1
8569	5452	1
8569	16110	1
8569	16766	1
8570	10125	1
8571	10125	1
8572	1621	1
8572	1723	1
8572	11113	1
8572	11798	1
8572	12558	1
8572	14667	1
8573	1621	1
8573	1723	1
8573	11113	1
8573	11798	1
8573	12558	1
8573	14667	1
8576	5074	1
8577	5074	1
8578	2528	1
8579	2528	1
8581	4362	1
8581	13524	1
8582	15568	1
8583	15568	1
8584	16621	1
8585	16621	1
8586	12985	1
8587	12985	1
8588	1722	1
8589	1722	1
8590	8450	1
8591	8450	1
8593	109	1
8593	15172	1
8594	300	1
8594	7796	1
8594	10179	1
8594	13286	1
8594	16521	1
8594	16697	1
8595	300	1
8595	7796	1
8595	10179	1
8595	13286	1
8595	16521	1
8595	16697	1
8596	1463	1
8596	3469	1
8596	17846	1
8597	1463	1
8597	3469	1
8597	17846	1
8598	11522	1
8599	11522	1
8600	11072	1
8601	11072	1
8602	2386	1
8602	16118	1
8603	2386	1
8603	16118	1
8604	9272	1
8605	9272	1
8607	4173	1
8608	11919	1
8609	11919	1
8611	169	1
8611	4603	1
8613	3695	1
8613	13257	1
8613	14164	1
8613	15239	1
8614	11707	1
8615	11707	1
8616	15213	1
8617	15213	1
8618	8560	1
8620	3413	1
8620	4458	1
8620	9388	1
8620	14082	1
8622	6791	1
8622	7044	1
8622	8897	1
8622	15356	1
8622	17273	1
8623	6791	1
8623	7044	1
8623	8897	1
8623	15356	1
8623	17273	1
8624	1584	1
8624	1852	1
8624	7661	1
8624	11520	1
8624	15243	1
8625	1584	1
8625	1852	1
8625	7661	1
8625	11520	1
8625	15243	1
8627	3803	1
8630	4469	1
8631	4469	1
8633	1327	1
8633	12505	1
8634	2657	1
8635	2657	1
8636	6657	1
8636	15823	1
8637	6657	1
8637	15823	1
8639	3442	1
8640	7130	1
8640	9627	1
8641	7130	1
8641	9627	1
8642	4869	1
8643	4869	1
8644	12769	1
8646	8149	1
8646	8462	1
8647	8149	1
8647	8462	1
8648	661	1
8648	9601	1
8648	12934	1
8648	14970	1
8650	16875	1
8652	16949	1
8653	16949	1
8654	3407	1
8654	4380	1
8655	3407	1
8655	4380	1
8656	9980	1
8658	9545	1
8659	9545	1
8660	11621	1
8660	14220	1
8661	11621	1
8661	14220	1
8663	4659	1
8664	4977	1
8665	4977	1
8666	8976	1
8667	8976	1
8669	4389	1
8670	4115	1
8671	4115	1
8672	14406	1
8672	14909	1
8673	14406	1
8673	14909	1
8674	14802	1
8675	14802	1
8676	2246	1
8678	16524	1
8679	16524	1
8680	11516	1
8680	17036	1
8681	11516	1
8681	17036	1
8683	5564	1
8684	13018	1
8685	13018	1
8686	7513	1
8686	8575	1
8687	7513	1
8687	8575	1
8689	17943	1
8690	9933	1
8690	10082	1
8691	9933	1
8691	10082	1
8692	10133	1
8693	10133	1
8695	605	1
8695	1043	1
8695	1548	1
8695	2178	1
8695	2688	1
8695	4172	1
8695	4928	1
8695	5398	1
8695	5655	1
8695	7120	1
8695	8968	1
8695	9461	1
8695	10770	1
8695	11216	1
8695	13464	1
8695	13501	1
8695	14268	1
8695	14704	1
8695	15212	1
8695	16187	1
8695	16991	1
8695	17342	1
8695	17612	1
8695	17745	1
8696	13530	1
8697	13530	1
8698	12195	1
8699	12195	1
8701	2404	1
8701	3736	1
8701	6847	1
8701	10597	1
8701	12277	1
8701	16401	1
8701	16915	1
8702	14493	1
8703	14493	1
8704	17376	1
8705	17376	1
8706	14411	1
8707	14411	1
8708	310	1
8708	5332	1
8709	310	1
8709	5332	1
8712	15205	1
8716	2665	1
8716	9071	1
8718	14717	1
8720	6010	1
8720	15349	1
8720	16844	1
8721	6010	1
8721	15349	1
8721	16844	1
8722	12338	1
8723	12338	1
8724	2869	1
8724	8693	1
8725	2869	1
8725	8693	1
8726	9583	1
8727	9583	1
8728	1750	1
8728	15384	1
8729	1750	1
8729	15384	1
8730	15764	1
8731	15764	1
8733	251	1
8733	5076	1
8734	3146	1
8734	5571	1
8735	3146	1
8735	5571	1
8736	9869	1
8736	14052	1
8737	9869	1
8737	14052	1
8738	4123	1
8740	11814	1
8741	11814	1
8742	5546	1
8742	5577	1
8744	1862	1
8744	5014	1
8745	1862	1
8745	5014	1
8747	8141	1
8748	7573	1
8748	9175	1
8748	15329	1
8748	15864	1
8749	7573	1
8749	9175	1
8749	15329	1
8749	15864	1
8751	3914	1
8752	15791	1
8753	15791	1
8754	16636	1
8755	16636	1
8756	15804	1
8757	15804	1
8758	15322	1
8759	15322	1
8761	4776	1
8762	2086	1
8762	2710	1
8762	4343	1
8762	5974	1
8762	9141	1
8762	13232	1
8763	2086	1
8763	2710	1
8763	4343	1
8763	5974	1
8763	9141	1
8763	13232	1
8764	9782	1
8766	8118	1
8767	8118	1
8768	2818	1
8768	6161	1
8771	639	1
8772	10344	1
8774	1569	1
8775	1569	1
8777	16712	1
8779	14468	1
8780	9456	1
8780	18102	1
8782	16914	1
8783	16914	1
8784	5730	1
8785	5730	1
8786	11649	1
8786	17843	1
8787	11649	1
8787	17843	1
8789	9662	1
8790	280	1
8790	6695	1
8791	280	1
8791	6695	1
8792	8969	1
8792	11735	1
8793	8969	1
8793	11735	1
8794	6391	1
8795	6391	1
8797	844	1
8797	9956	1
8798	10663	1
8800	8292	1
8800	16669	1
8801	8292	1
8801	16669	1
8802	6039	1
8803	6039	1
8804	3324	1
8804	9626	1
8806	15439	1
8807	15439	1
8808	3215	1
8808	11803	1
8810	14107	1
8811	14107	1
8812	10349	1
8813	10349	1
8815	17204	1
8816	14056	1
8816	18124	1
8817	14056	1
8817	18124	1
8818	12816	1
8819	12816	1
8820	13660	1
8820	16491	1
8821	13660	1
8821	16491	1
8823	2330	1
8823	3952	1
8823	5301	1
8823	16027	1
8825	10725	1
8826	848	1
8827	848	1
8828	9264	1
8828	12593	1
8828	15674	1
8830	8928	1
8833	8446	1
8834	14816	1
8835	14816	1
8836	742	1
8836	4178	1
8836	7174	1
8836	11249	1
8836	11493	1
8837	742	1
8837	4178	1
8837	7174	1
8837	11249	1
8837	11493	1
8838	1517	1
8839	1517	1
8840	966	1
8840	1493	1
8841	966	1
8841	1493	1
8842	4019	1
8842	8070	1
8842	15014	1
8843	4019	1
8843	8070	1
8843	15014	1
8844	4642	1
8845	4642	1
8846	8993	1
8846	11313	1
8846	16782	1
8847	8993	1
8847	11313	1
8847	16782	1
8848	17227	1
8849	17227	1
8850	387	1
8850	4616	1
8850	5128	1
8851	387	1
8851	4616	1
8851	5128	1
8852	2124	1
8852	8378	1
8852	14478	1
8852	16583	1
8853	2124	1
8853	8378	1
8853	14478	1
8853	16583	1
8856	10008	1
8857	10008	1
8858	396	1
8858	6525	1
8859	396	1
8859	6525	1
8860	13400	1
8860	14820	1
8861	13400	1
8861	14820	1
8863	2842	1
8863	7932	1
8864	8803	1
8865	8803	1
8866	5574	1
8866	12638	1
8867	5574	1
8867	12638	1
8869	4225	1
8870	3102	1
8871	3102	1
8872	15503	1
8873	15503	1
8875	17337	1
8876	10843	1
8877	10843	1
8878	12950	1
8879	12950	1
8880	640	1
8880	1159	1
8880	4654	1
8880	7531	1
8881	640	1
8881	1159	1
8881	4654	1
8881	7531	1
8882	3141	1
8883	3141	1
8884	685	1
8885	685	1
8886	4238	1
8886	4579	1
8887	4238	1
8887	4579	1
8888	5331	1
8888	5566	1
8889	5331	1
8889	5566	1
8890	5550	1
8891	5550	1
8893	17114	1
8895	1719	1
8896	2556	1
8896	5843	1
8896	6928	1
8896	10984	1
8896	11622	1
8896	15052	1
8896	15386	1
8896	15534	1
8896	15711	1
8897	2556	1
8897	5843	1
8897	6928	1
8897	10984	1
8897	11622	1
8897	15052	1
8897	15386	1
8897	15534	1
8897	15711	1
8898	3817	1
8899	3817	1
8900	3931	1
8901	3931	1
8902	6029	1
8903	6029	1
8904	197	1
8904	9768	1
8906	535	1
8906	2409	1
8906	17088	1
8907	535	1
8907	2409	1
8907	17088	1
8908	15873	1
8909	15873	1
8910	13706	1
8911	13706	1
8914	16026	1
8914	16980	1
8914	17063	1
8915	16026	1
8915	16980	1
8915	17063	1
8916	7706	1
8917	7706	1
8918	16265	1
8920	16685	1
8921	16685	1
8922	1488	1
8923	1488	1
8924	14440	1
8925	14440	1
8926	11361	1
8927	11361	1
8928	6887	1
8930	9311	1
8931	9311	1
8932	8931	1
8932	14234	1
8934	4817	1
8935	4817	1
8938	10218	1
8939	10218	1
8940	1684	1
8940	6453	1
8941	1684	1
8941	6453	1
8942	3595	1
8943	3595	1
8944	7986	1
8945	7986	1
8946	17875	1
8947	17875	1
8949	8212	1
8950	13914	1
8951	13914	1
8952	12736	1
8953	12736	1
8955	6726	1
8956	4149	1
8957	4149	1
8958	7442	1
8959	7442	1
8960	12801	1
8961	12801	1
8962	9079	1
8963	9079	1
8965	12389	1
8966	5542	1
8966	7781	1
8966	10830	1
8967	5542	1
8967	7781	1
8967	10830	1
8968	7449	1
8969	7449	1
8970	13397	1
8971	13397	1
8972	9974	1
8973	9974	1
8975	1373	1
8976	11265	1
8977	11265	1
8978	8449	1
8979	8449	1
8980	3715	1
8980	11185	1
8981	3715	1
8981	11185	1
8982	10527	1
8983	10527	1
8985	13920	1
8986	9078	1
8987	9078	1
8988	4063	1
8988	5086	1
8990	4484	1
8992	4035	1
8994	13915	1
8994	16042	1
8995	13915	1
8995	16042	1
8996	5691	1
8997	5691	1
9000	4778	1
9001	4778	1
9002	14482	1
9003	14482	1
9004	9576	1
9005	9576	1
9006	8241	1
9007	8241	1
9008	15418	1
9009	15418	1
9010	9167	1
9012	8251	1
9013	8251	1
9014	14051	1
9015	14051	1
9016	2097	1
9016	6578	1
9019	2967	1
9020	5168	1
9021	5168	1
9022	14089	1
9023	14089	1
9025	6560	1
9027	3394	1
9028	999	1
9028	1101	1
9028	6084	1
9028	6113	1
9028	8784	1
9028	10220	1
9028	13155	1
9028	17870	1
9029	999	1
9029	1101	1
9029	6084	1
9029	6113	1
9029	8784	1
9029	10220	1
9029	13155	1
9029	17870	1
9030	4647	1
9031	4647	1
9032	15726	1
9033	15726	1
9035	1390	1
9036	6111	1
9037	6111	1
9038	291	1
9038	3625	1
9038	5525	1
9038	6100	1
9038	8415	1
9038	10141	1
9038	12222	1
9038	12893	1
9039	291	1
9039	3625	1
9039	5525	1
9039	6100	1
9039	8415	1
9039	10141	1
9039	12222	1
9039	12893	1
9041	3049	1
9041	4208	1
9041	8061	1
9041	13835	1
9042	10646	1
9044	15737	1
9044	16414	1
9044	17541	1
9045	15737	1
9045	16414	1
9045	17541	1
9046	4441	1
9046	17492	1
9047	4441	1
9047	17492	1
9048	10308	1
9048	16978	1
9049	10308	1
9049	16978	1
9050	6943	1
9051	6943	1
9052	3761	1
9053	3761	1
9054	12797	1
9055	12797	1
9056	14031	1
9056	15480	1
9057	14031	1
9057	15480	1
9058	653	1
9059	653	1
9060	3584	1
9061	3584	1
9062	885	1
9062	2108	1
9064	7478	1
9065	7478	1
9066	7160	1
9067	7160	1
9068	14296	1
9069	14296	1
9071	3635	1
9071	6552	1
9071	9396	1
9072	2628	1
9073	2628	1
9074	3163	1
9075	3163	1
9076	10282	1
9077	10282	1
9078	991	1
9078	12194	1
9079	991	1
9079	12194	1
9080	8028	1
9080	9279	1
9081	8028	1
9081	9279	1
9082	11004	1
9083	11004	1
9084	9252	1
9087	13542	1
9088	766	1
9088	1998	1
9088	11642	1
9089	766	1
9089	1998	1
9089	11642	1
9090	1605	1
9092	5267	1
9092	12247	1
9093	5267	1
9093	12247	1
9095	13925	1
9096	16749	1
9096	16872	1
9097	16749	1
9097	16872	1
9098	17842	1
9099	17842	1
9100	2020	1
9101	2020	1
9102	15038	1
9103	15038	1
9104	5996	1
9105	5996	1
9107	12076	1
9108	2494	1
9108	5355	1
9108	14638	1
9108	15774	1
9108	17664	1
9109	2494	1
9109	5355	1
9109	14638	1
9109	15774	1
9109	17664	1
9110	9342	1
9111	9342	1
9113	4650	1
9114	13637	1
9115	13637	1
9117	11603	1
9118	8826	1
9120	7588	1
9122	5814	1
9124	4111	1
9124	6004	1
9124	6335	1
9124	6598	1
9124	7036	1
9124	10561	1
9125	4111	1
9125	6004	1
9125	6335	1
9125	6598	1
9125	7036	1
9125	10561	1
9126	2807	1
9128	5627	1
9129	5627	1
9132	13202	1
9133	13202	1
9134	8740	1
9134	9420	1
9135	8740	1
9135	9420	1
9136	8382	1
9136	9122	1
9136	9593	1
9137	8382	1
9137	9122	1
9137	9593	1
9138	17489	1
9139	17489	1
9140	14873	1
9141	14873	1
9142	14040	1
9143	14040	1
9144	445	1
9145	445	1
9147	6016	1
9148	17992	1
9149	17992	1
9150	7519	1
9150	16479	1
9152	4857	1
9154	1221	1
9154	15379	1
9155	1221	1
9155	15379	1
9156	5030	1
9156	7599	1
9157	5030	1
9157	7599	1
9159	4813	1
9159	7362	1
9159	7475	1
9159	8463	1
9160	559	1
9160	2736	1
9161	559	1
9161	2736	1
9162	8320	1
9163	8320	1
9164	2561	1
9165	2561	1
9166	3707	1
9166	5912	1
9166	12154	1
9167	3707	1
9167	5912	1
9167	12154	1
9170	8182	1
9171	8182	1
9172	4682	1
9173	4682	1
9174	7248	1
9174	7701	1
9175	7248	1
9175	7701	1
9176	8129	1
9177	8129	1
9178	17328	1
9180	10478	1
9181	10478	1
9182	3097	1
9182	11577	1
9182	11968	1
9183	3097	1
9183	11577	1
9183	11968	1
9184	7677	1
9184	9327	1
9185	7677	1
9185	9327	1
9186	3870	1
9186	14501	1
9187	3870	1
9187	14501	1
9188	13969	1
9189	13969	1
9190	8351	1
9191	8351	1
9192	3297	1
9192	6249	1
9192	9501	1
9192	14593	1
9193	3297	1
9193	6249	1
9193	9501	1
9193	14593	1
9194	292	1
9195	292	1
9196	11616	1
9197	11616	1
9198	15532	1
9198	17938	1
9199	15532	1
9199	17938	1
9200	862	1
9202	4925	1
9202	16784	1
9203	4925	1
9203	16784	1
9204	14910	1
9205	14910	1
9206	3534	1
9206	15027	1
9207	3534	1
9207	15027	1
9208	9537	1
9209	9537	1
9210	7727	1
9210	15053	1
9211	7727	1
9211	15053	1
9212	3288	1
9213	3288	1
9214	2426	1
9214	4220	1
9215	2426	1
9215	4220	1
9216	10703	1
9217	10703	1
9219	11283	1
9220	17595	1
9221	17595	1
9222	14091	1
9223	14091	1
9224	16873	1
9225	16873	1
9226	2015	1
9227	2015	1
9229	5282	1
9231	3788	1
9232	21	1
9233	21	1
9234	13527	1
9235	13527	1
9237	2285	1
9237	4980	1
9238	4263	1
9238	7038	1
9238	10500	1
9240	12337	1
9241	12337	1
9242	2733	1
9245	6283	1
9246	8261	1
9246	14553	1
9247	8261	1
9247	14553	1
9248	13379	1
9249	13379	1
9250	2540	1
9250	6338	1
9250	6467	1
9250	6697	1
9250	11248	1
9250	15982	1
9250	16485	1
9250	16709	1
9251	2540	1
9251	6338	1
9251	6467	1
9251	6697	1
9251	11248	1
9251	15982	1
9251	16485	1
9251	16709	1
9252	9434	1
9254	9363	1
9255	9363	1
9256	12177	1
9256	15530	1
9257	12177	1
9257	15530	1
9258	17770	1
9259	17770	1
9260	838	1
9261	838	1
9262	15521	1
9263	15521	1
9265	779	1
9265	3575	1
9265	10353	1
9266	6974	1
9267	6974	1
9268	2291	1
9268	12685	1
9270	16734	1
9271	16734	1
9274	5607	1
9276	11017	1
9277	11017	1
9279	910	1
9280	14562	1
9280	15659	1
9282	2337	1
9282	3346	1
9282	15912	1
9283	2337	1
9283	3346	1
9283	15912	1
9284	6047	1
9284	14301	1
9286	7591	1
9287	7591	1
9288	4662	1
9289	4662	1
9291	13521	1
9292	5808	1
9292	9810	1
9292	13442	1
9292	17464	1
9293	5808	1
9293	9810	1
9293	13442	1
9293	17464	1
9294	499	1
9294	8099	1
9294	12899	1
9295	499	1
9295	8099	1
9295	12899	1
9298	2227	1
9299	2227	1
9300	2167	1
9302	9881	1
9303	9881	1
9304	5241	1
9304	8658	1
9304	10028	1
9305	5241	1
9305	8658	1
9305	10028	1
9306	4507	1
9307	4507	1
9309	7231	1
9310	1526	1
9310	2877	1
9310	4477	1
9310	9042	1
9311	1526	1
9311	2877	1
9311	4477	1
9311	9042	1
9312	12007	1
9313	12007	1
9314	15497	1
9314	16393	1
9315	15497	1
9315	16393	1
9316	10373	1
9316	12371	1
9318	8787	1
9319	8787	1
9320	16457	1
9321	16457	1
9322	1392	1
9322	2817	1
9323	1392	1
9323	2817	1
9324	12115	1
9325	12115	1
9326	2081	1
9326	6333	1
9327	2081	1
9327	6333	1
9328	4628	1
9328	8115	1
9328	9728	1
9328	10964	1
9328	13119	1
9330	2632	1
9331	2632	1
9332	4541	1
9333	4541	1
9334	17483	1
9335	17483	1
9336	1420	1
9338	7410	1
9338	8067	1
9339	7410	1
9339	8067	1
9340	2382	1
9342	9163	1
9343	9163	1
9344	15817	1
9345	15817	1
9346	4663	1
9347	4663	1
9348	14570	1
9349	14570	1
9350	3660	1
9351	3660	1
9352	7545	1
9353	7545	1
9354	5708	1
9355	5708	1
9356	15986	1
9357	15986	1
9358	11012	1
9359	11012	1
9360	4284	1
9362	3758	1
9362	12917	1
9363	3758	1
9363	12917	1
9364	13962	1
9365	13962	1
9366	7528	1
9367	7528	1
9368	17189	1
9369	17189	1
9370	7113	1
9372	4672	1
9373	4672	1
9374	5776	1
9374	8761	1
9375	5776	1
9375	8761	1
9376	2609	1
9376	3273	1
9376	6261	1
9376	8046	1
9376	9665	1
9376	12994	1
9376	15682	1
9377	2609	1
9377	3273	1
9377	6261	1
9377	8046	1
9377	9665	1
9377	12994	1
9377	15682	1
9378	1935	1
9379	1935	1
9380	7760	1
9380	13323	1
9381	7760	1
9381	13323	1
9382	7457	1
9383	7457	1
9384	6049	1
9385	6049	1
9386	17002	1
9387	17002	1
9388	1653	1
9389	1653	1
9390	136	1
9390	2681	1
9390	7587	1
9390	13667	1
9390	13680	1
9390	15942	1
9391	136	1
9391	2681	1
9391	7587	1
9391	13667	1
9391	13680	1
9391	15942	1
9392	8824	1
9393	8824	1
9394	3466	1
9394	12546	1
9395	3466	1
9395	12546	1
9396	9215	1
9399	5606	1
9400	13923	1
9401	13923	1
9402	15706	1
9402	16466	1
9403	15706	1
9403	16466	1
9405	8069	1
9405	13336	1
9406	212	1
9406	7301	1
9406	8603	1
9406	14146	1
9406	14830	1
9406	15567	1
9407	212	1
9407	7301	1
9407	8603	1
9407	14146	1
9407	14830	1
9407	15567	1
9408	12071	1
9410	15773	1
9412	968	1
9413	968	1
9414	2893	1
9415	2893	1
9416	2662	1
9416	3701	1
9417	2662	1
9417	3701	1
9418	14313	1
9419	14313	1
9420	6329	1
9421	6329	1
9423	14905	1
9424	17137	1
9426	8938	1
9427	8938	1
9428	11858	1
9428	13874	1
9428	15229	1
9429	11858	1
9429	13874	1
9429	15229	1
9430	6227	1
9431	6227	1
9432	4413	1
9432	17682	1
9433	4413	1
9433	17682	1
9435	9292	1
9436	17168	1
9438	10497	1
9439	10497	1
9440	6221	1
9441	6221	1
9443	13225	1
9446	14796	1
9447	14796	1
9448	2355	1
9448	9721	1
9449	2355	1
9449	9721	1
9450	17607	1
9451	17607	1
9453	7153	1
9454	2527	1
9455	2527	1
9456	5102	1
9458	357	1
9458	11994	1
9459	357	1
9459	11994	1
9461	10754	1
9462	3149	1
9465	6665	1
9466	1048	1
9466	15340	1
9467	1048	1
9467	15340	1
9468	11416	1
9468	15562	1
9469	11416	1
9469	15562	1
9470	895	1
9471	895	1
9472	9261	1
9473	9261	1
9474	6139	1
9474	8153	1
9474	8951	1
9474	12434	1
9475	6139	1
9475	8153	1
9475	8951	1
9475	12434	1
9476	16155	1
9477	16155	1
9478	5234	1
9479	5234	1
9480	16145	1
9481	16145	1
9482	1229	1
9483	1229	1
9484	1578	1
9485	1578	1
9486	9943	1
9487	9943	1
9488	524	1
9488	2183	1
9488	5380	1
9488	5527	1
9488	5647	1
9488	6213	1
9488	8691	1
9488	9524	1
9488	17944	1
9489	524	1
9489	2183	1
9489	5380	1
9489	5527	1
9489	5647	1
9489	6213	1
9489	8691	1
9489	9524	1
9489	17944	1
9490	493	1
9491	493	1
9492	9197	1
9493	9197	1
9494	2798	1
9495	2798	1
9497	5464	1
9497	10154	1
9499	7972	1
9500	4609	1
9500	4906	1
9500	5413	1
9500	7086	1
9500	7409	1
9500	16613	1
9500	16617	1
9501	4609	1
9501	4906	1
9501	5413	1
9501	7086	1
9501	7409	1
9501	16613	1
9501	16617	1
9502	2949	1
9502	9503	1
9502	12132	1
9502	13474	1
9502	15974	1
9502	17525	1
9503	2949	1
9503	9503	1
9503	12132	1
9503	13474	1
9503	15974	1
9503	17525	1
9504	9067	1
9505	9067	1
9506	2854	1
9506	17335	1
9507	2854	1
9507	17335	1
9508	2444	1
9510	14230	1
9511	14230	1
9512	8002	1
9512	9803	1
9512	10827	1
9512	11974	1
9512	14357	1
9513	8002	1
9513	9803	1
9513	10827	1
9513	11974	1
9513	14357	1
9514	12072	1
9515	12072	1
9517	960	1
9517	4861	1
9518	5539	1
9519	5539	1
9521	15496	1
9522	4900	1
9523	4900	1
9524	13861	1
9525	13861	1
9526	189	1
9527	189	1
9528	16960	1
9529	16960	1
9530	12571	1
9531	12571	1
9533	1842	1
9533	5139	1
9534	13267	1
9536	1979	1
9536	5559	1
9536	11415	1
9538	2189	1
9538	2242	1
9538	8007	1
9538	17670	1
9539	2189	1
9539	2242	1
9539	8007	1
9539	17670	1
9540	8091	1
9541	8091	1
9542	14513	1
9543	14513	1
9544	16303	1
9545	16303	1
9546	988	1
9546	1967	1
9547	988	1
9547	1967	1
9548	4399	1
9550	15246	1
9551	15246	1
9552	5487	1
9553	5487	1
9555	7006	1
9556	4414	1
9556	16510	1
9557	4414	1
9557	16510	1
9558	7777	1
9560	4674	1
9560	6554	1
9561	4674	1
9561	6554	1
9562	8977	1
9562	13299	1
9562	15001	1
9564	17203	1
9565	17203	1
9566	14678	1
9567	14678	1
9569	6224	1
9569	8020	1
9569	11016	1
9569	14315	1
9569	14464	1
9569	15435	1
9569	16871	1
9569	17852	1
9571	2452	1
9571	4444	1
9571	5547	1
9571	14484	1
9571	15395	1
9573	7605	1
9576	13269	1
9577	13269	1
9578	13143	1
9578	13535	1
9579	13143	1
9579	13535	1
9580	11761	1
9580	14610	1
9581	11761	1
9581	14610	1
9582	2732	1
9582	17158	1
9583	2732	1
9583	17158	1
9585	9432	1
9586	6489	1
9586	17006	1
9587	6489	1
9587	17006	1
9588	11086	1
9590	3386	1
9592	1815	1
9593	1815	1
9594	4347	1
9594	4912	1
9596	3230	1
9596	11130	1
9596	11231	1
9596	15787	1
9596	17135	1
9597	3230	1
9597	11130	1
9597	11231	1
9597	15787	1
9597	17135	1
9598	12088	1
9599	12088	1
9600	4711	1
9602	2046	1
9602	9020	1
9602	13188	1
9603	2046	1
9603	9020	1
9603	13188	1
9604	8687	1
9604	8768	1
9605	8687	1
9605	8768	1
9606	3535	1
9606	5147	1
9606	13328	1
9606	15758	1
9608	6600	1
9608	17244	1
9609	6600	1
9609	17244	1
9610	12091	1
9610	13546	1
9613	13118	1
9615	14351	1
9617	6185	1
9617	9667	1
9618	5124	1
9618	16519	1
9619	5124	1
9619	16519	1
9620	7298	1
9621	7298	1
9622	8804	1
9623	8804	1
9624	3105	1
9625	3105	1
9626	17968	1
9627	17968	1
9628	15276	1
9630	6743	1
9631	6743	1
9632	9374	1
9634	16646	1
9635	16646	1
9636	16073	1
9637	16073	1
9638	7873	1
9640	5797	1
9641	5797	1
9642	12191	1
9643	12191	1
9644	17048	1
9645	17048	1
9646	6763	1
9647	6763	1
9648	13195	1
9649	13195	1
9650	13562	1
9651	13562	1
9653	11764	1
9654	17327	1
9655	17327	1
9656	15440	1
9657	15440	1
9658	9711	1
9660	8240	1
9660	16886	1
9661	8240	1
9661	16886	1
9662	13414	1
9662	16711	1
9663	13414	1
9663	16711	1
9664	12547	1
9665	12547	1
9667	16794	1
9668	9218	1
9669	9218	1
9670	8342	1
9670	17378	1
9670	17624	1
9671	8342	1
9671	17378	1
9671	17624	1
9672	4503	1
9673	4503	1
9674	10662	1
9675	10662	1
9676	6132	1
9678	10930	1
9679	10930	1
9680	7627	1
9681	7627	1
9683	14583	1
9683	16281	1
9684	9974	1
9685	9974	1
9686	3858	1
9687	3858	1
9688	16751	1
9689	16751	1
9690	16319	1
9692	17300	1
9695	13013	1
9696	14602	1
9697	14602	1
9698	3681	1
9699	3681	1
9701	4225	1
9702	1752	1
9703	1752	1
9704	11129	1
9705	11129	1
9706	8006	1
9707	8006	1
9708	13565	1
9710	8401	1
9711	8401	1
9712	16282	1
9713	16282	1
9714	14867	1
9715	14867	1
9716	15602	1
9717	15602	1
9718	4566	1
9718	6602	1
9719	4566	1
9719	6602	1
9720	10346	1
9723	5551	1
9724	7010	1
9725	7010	1
9727	9692	1
9727	9809	1
9729	3245	1
9730	11288	1
9732	210	1
9732	15701	1
9733	210	1
9733	15701	1
9734	7271	1
9735	7271	1
9736	16287	1
9737	16287	1
9738	6177	1
9738	13232	1
9739	6177	1
9739	13232	1
9740	9343	1
9741	9343	1
9743	2266	1
9744	17514	1
9745	17514	1
9746	14359	1
9747	14359	1
9748	2254	1
9749	2254	1
9751	184	1
9752	9388	1
9754	15156	1
9755	15156	1
9756	10170	1
9758	12930	1
9759	12930	1
9760	4222	1
9761	4222	1
9763	2864	1
9763	14883	1
9764	18041	1
9765	18041	1
9766	13337	1
9767	13337	1
9768	3981	1
9770	17224	1
9771	17224	1
9772	708	1
9773	708	1
9774	13494	1
9776	6257	1
9777	6257	1
9778	7494	1
9780	14758	1
9781	14758	1
9782	760	1
9783	760	1
9784	1228	1
9785	1228	1
9786	14677	1
9787	14677	1
9788	17782	1
9789	17782	1
9790	2437	1
9790	8188	1
9791	2437	1
9791	8188	1
9793	2353	1
9795	3333	1
9796	10844	1
9797	10844	1
9798	13727	1
9799	13727	1
9800	5175	1
9803	1208	1
9804	6894	1
9805	6894	1
9806	11568	1
9806	13878	1
9807	11568	1
9807	13878	1
9808	12156	1
9808	14719	1
9809	12156	1
9809	14719	1
9810	8184	1
9811	8184	1
9812	12335	1
9813	12335	1
9814	1029	1
9815	1029	1
9816	15680	1
9817	15680	1
9818	14333	1
9819	14333	1
9821	13814	1
9822	75	1
9823	75	1
9824	3318	1
9825	3318	1
9826	1424	1
9827	1424	1
9828	5209	1
9829	5209	1
9830	1050	1
9831	1050	1
9832	9099	1
9833	9099	1
9834	17738	1
9838	5130	1
9838	5885	1
9839	5130	1
9839	5885	1
9840	3986	1
9841	3986	1
9843	1824	1
9844	5380	1
9845	5380	1
9846	6294	1
9847	6294	1
9848	3142	1
9849	3142	1
9851	2603	1
9852	13099	1
9853	13099	1
9855	168	1
9857	8457	1
9858	13623	1
9859	13623	1
9862	2443	1
9862	18163	1
9864	4007	1
9866	462	1
9867	462	1
9868	998	1
9870	2428	1
9870	10315	1
9871	2428	1
9871	10315	1
9872	14595	1
9874	12806	1
9875	12806	1
9876	13925	1
9878	14818	1
9882	15181	1
9883	15181	1
9884	4509	1
9885	4509	1
9886	17386	1
9887	17386	1
9888	1395	1
9889	1395	1
9891	14840	1
9891	16747	1
9891	17486	1
9892	8365	1
9893	8365	1
9894	8796	1
9895	8796	1
9896	10588	1
9901	11191	1
9902	6443	1
9903	6443	1
9904	4165	1
9906	15145	1
9907	15145	1
9908	6969	1
9910	5200	1
9911	5200	1
9912	5553	1
9913	5553	1
9914	1705	1
9917	15985	1
9919	13930	1
9920	15381	1
9921	15381	1
9922	7855	1
9923	7855	1
9924	4465	1
9925	4465	1
9926	6310	1
9927	6310	1
9928	15968	1
9929	15968	1
9930	13874	1
9931	13874	1
9932	11077	1
9934	15821	1
9935	15821	1
9937	10371	1
9938	8285	1
9939	8285	1
9940	11310	1
9943	505	1
9944	17898	1
9945	17898	1
9946	9856	1
9947	9856	1
9948	11412	1
9950	1039	1
9951	1039	1
9952	11015	1
9953	11015	1
9954	5936	1
9955	5936	1
9956	9305	1
9957	9305	1
9959	9480	1
9960	12456	1
9961	12456	1
9962	12457	1
9963	12457	1
9964	5806	1
9965	5806	1
9966	12262	1
9967	12262	1
9968	10956	1
9969	10956	1
9970	4844	1
9972	4764	1
9973	4764	1
9974	1290	1
9975	1290	1
9976	9039	1
9977	9039	1
9978	1698	1
9979	1698	1
9980	383	1
9981	383	1
9982	12217	1
9983	12217	1
9984	877	1
9985	877	1
9986	17033	1
9987	17033	1
9988	4461	1
9990	13089	1
9992	12384	1
9993	12384	1
9994	3392	1
9995	3392	1
9996	12447	1
9997	12447	1
9998	16422	1
10004	9438	1
10006	7226	1
10007	7226	1
10008	6062	1
10009	6062	1
10011	3447	1
10012	132	1
10014	13321	1
10015	13321	1
10016	18099	1
10018	10313	1
10019	10313	1
10020	4128	1
10020	16463	1
10021	4128	1
10021	16463	1
10022	3627	1
10024	782	1
10024	5841	1
10025	782	1
10025	5841	1
10026	7365	1
10027	7365	1
10028	11961	1
10029	11961	1
10030	15455	1
10032	1924	1
10033	1924	1
10034	1159	1
10035	1159	1
10036	2648	1
10036	14193	1
10037	2648	1
10037	14193	1
10039	10002	1
10040	14464	1
10041	14464	1
10042	10338	1
10043	10338	1
10044	14971	1
10045	14971	1
10046	16522	1
10047	16522	1
10050	17989	1
10051	17989	1
10053	2829	1
10054	13591	1
10055	13591	1
10058	8269	1
10059	8269	1
10060	11610	1
10061	11610	1
10062	7938	1
10064	7723	1
10065	7723	1
10066	7698	1
10067	7698	1
10068	7817	1
10069	7817	1
10070	6214	1
10071	6214	1
10073	64	1
10074	8635	1
10075	8635	1
10076	17920	1
10077	17920	1
10078	1468	1
10079	1468	1
10080	8087	1
10081	8087	1
10083	3620	1
10084	11389	1
10085	11389	1
10086	2783	1
10087	2783	1
10088	5652	1
10090	3443	1
10090	13158	1
10091	3443	1
10091	13158	1
10092	13959	1
10094	13706	1
10095	13706	1
10096	1713	1
10096	6253	1
10097	1713	1
10097	6253	1
10098	7302	1
10099	7302	1
10101	14042	1
10104	11548	1
10105	11548	1
10107	14259	1
10108	420	1
10109	420	1
10110	6622	1
10111	6622	1
10112	446	1
10113	446	1
10114	352	1
10118	979	1
10119	979	1
10120	8408	1
10121	8408	1
10123	6188	1
10124	6748	1
10125	6748	1
10126	2050	1
10128	9803	1
10129	9803	1
10131	10450	1
10132	207	1
10133	207	1
10134	13304	1
10135	13304	1
10136	11624	1
10138	807	1
10140	16816	1
10142	1442	1
10144	1653	1
10145	1653	1
10146	14755	1
10147	14755	1
10148	10173	1
10149	10173	1
10150	8720	1
10151	8720	1
10152	9611	1
10152	17024	1
10153	9611	1
10153	17024	1
10154	1038	1
10155	1038	1
10156	2857	1
10158	3312	1
10159	3312	1
10160	7486	1
10161	7486	1
10163	17568	1
10164	10701	1
10165	10701	1
10166	10856	1
10167	10856	1
10168	11486	1
10168	13810	1
10169	11486	1
10169	13810	1
10170	14794	1
10172	14174	1
10173	14174	1
10174	833	1
10174	5823	1
10176	7184	1
10177	7184	1
10178	7444	1
10179	7444	1
10183	12677	1
10186	2155	1
10189	10518	1
10192	10484	1
10193	10484	1
10194	869	1
10195	869	1
10196	13366	1
10197	13366	1
10198	8205	1
10199	8205	1
10200	3160	1
10201	3160	1
10202	12669	1
10204	16723	1
10205	16723	1
10206	434	1
10207	434	1
10208	4247	1
10209	4247	1
10210	1874	1
10212	2340	1
10213	2340	1
10214	12685	1
10215	12685	1
10216	851	1
10217	851	1
10218	1138	1
10219	1138	1
10222	16502	1
10223	16502	1
10224	2223	1
10225	2223	1
10226	5411	1
10226	6444	1
10227	5411	1
10227	6444	1
10228	16197	1
10229	16197	1
10230	11857	1
10231	11857	1
10232	15606	1
10233	15606	1
10234	1286	1
10235	1286	1
10238	17516	1
10239	17516	1
10240	16132	1
10240	18148	1
10241	16132	1
10241	18148	1
10242	5798	1
10243	5798	1
10244	4055	1
10246	9507	1
10247	9507	1
10248	6334	1
10249	6334	1
10250	12086	1
10251	12086	1
10252	15128	1
10253	15128	1
10254	2129	1
10255	2129	1
10257	1322	1
10259	4635	1
10260	1109	1
10261	1109	1
10262	4903	1
10263	4903	1
10264	1881	1
10266	3712	1
10266	14907	1
10267	3712	1
10267	14907	1
10268	676	1
10269	676	1
10271	9706	1
10273	15992	1
10274	11429	1
10275	11429	1
10277	9931	1
10278	3331	1
10279	3331	1
10281	11233	1
10281	16474	1
10283	5624	1
10285	1153	1
10286	10563	1
10288	1750	1
10289	1750	1
10290	9641	1
10292	4959	1
10294	151	1
10295	151	1
10296	16561	1
10297	16561	1
10298	1019	1
10299	1019	1
10301	17609	1
10302	10408	1
10302	17365	1
10303	10408	1
10303	17365	1
10304	11937	1
10309	12080	1
10310	12548	1
10314	16884	1
10315	16884	1
10318	16983	1
10321	4833	1
10324	5807	1
10325	5807	1
10326	9125	1
10327	9125	1
10329	1819	1
10330	10272	1
10331	10272	1
10332	9177	1
10333	9177	1
10334	4	1
10335	4	1
10336	8913	1
10336	15876	1
10337	8913	1
10337	15876	1
10338	8713	1
10339	8713	1
10340	1200	1
10340	11164	1
10341	1200	1
10341	11164	1
10342	12975	1
10343	12975	1
10344	11993	1
10345	11993	1
10346	7455	1
10348	14532	1
10349	14532	1
10350	5332	1
10351	5332	1
10352	6795	1
10353	6795	1
10354	7376	1
10356	8206	1
10356	15946	1
10357	8206	1
10357	15946	1
10358	6009	1
10359	6009	1
10360	3521	1
10361	3521	1
10362	10152	1
10363	10152	1
10364	16742	1
10365	16742	1
10367	6198	1
10369	11373	1
10370	13306	1
10371	13306	1
10372	2561	1
10373	2561	1
10374	2208	1
10375	2208	1
10376	7308	1
10376	7891	1
10377	7308	1
10377	7891	1
10378	1661	1
10379	1661	1
10380	7971	1
10381	7971	1
10383	263	1
10384	1526	1
10385	1526	1
10386	12285	1
10388	1170	1
10390	10853	1
10391	10853	1
10392	16695	1
10393	16695	1
10395	3604	1
10396	18151	1
10397	18151	1
10398	13798	1
10399	13798	1
10401	5371	1
10403	8131	1
10405	517	1
10406	15426	1
10407	15426	1
10408	6807	1
10409	6807	1
10410	11796	1
10411	11796	1
10412	3668	1
10413	3668	1
10414	7681	1
10415	7681	1
10416	1072	1
10418	12115	1
10419	12115	1
10420	17811	1
10422	17669	1
10423	17669	1
10424	17825	1
10425	17825	1
10427	17847	1
10428	1815	1
10429	1815	1
10430	14420	1
10431	14420	1
10432	13315	1
10435	11190	1
10436	4090	1
10437	4090	1
10438	11943	1
10439	11943	1
10441	11732	1
10442	12721	1
10443	12721	1
10444	7529	1
10445	7529	1
10446	17620	1
10448	13760	1
10450	14996	1
10451	14996	1
10454	4625	1
10455	4625	1
10457	6537	1
10458	12524	1
10459	12524	1
10460	15456	1
10461	15456	1
10462	10858	1
10463	10858	1
10464	2105	1
10464	6173	1
10464	18084	1
10465	2105	1
10465	6173	1
10465	18084	1
10466	13103	1
10467	13103	1
10468	2750	1
10469	2750	1
10470	7984	1
10471	7984	1
10473	4140	1
10474	12763	1
10475	12763	1
10476	17632	1
10477	17632	1
10479	1946	1
10479	8631	1
10480	11281	1
10481	11281	1
10482	6744	1
10484	16485	1
10485	16485	1
10487	776	1
10488	12046	1
10489	12046	1
10491	5024	1
10492	11236	1
10493	11236	1
10494	12065	1
10495	12065	1
10496	13182	1
10496	14918	1
10497	13182	1
10497	14918	1
10499	14551	1
10501	8469	1
10502	13882	1
10503	13882	1
10504	7462	1
10506	12920	1
10507	12920	1
10508	14963	1
10509	14963	1
10510	8010	1
10511	8010	1
10513	12319	1
10515	3225	1
10516	6766	1
10517	6766	1
10518	10840	1
10519	10840	1
10520	12002	1
10521	12002	1
10522	5859	1
10523	5859	1
10524	9990	1
10524	18155	1
10525	9990	1
10525	18155	1
10526	18024	1
10528	8908	1
10529	8908	1
10530	12155	1
10531	12155	1
10532	2921	1
10533	2921	1
10534	6966	1
10535	6966	1
10536	9842	1
10537	9842	1
10538	16006	1
10539	16006	1
10541	13985	1
10542	10250	1
10543	10250	1
10544	2861	1
10545	2861	1
10546	5116	1
10547	5116	1
10550	13272	1
10551	13272	1
10552	17641	1
10555	8064	1
10556	2440	1
10559	1712	1
10560	17271	1
10561	17271	1
10563	17121	1
10565	15730	1
10567	1017	1
10569	6040	1
10570	7787	1
10571	7787	1
10574	11244	1
10575	11244	1
10576	15374	1
10577	15374	1
10578	772	1
10579	772	1
10580	10060	1
10581	10060	1
10583	11333	1
10584	3210	1
10585	3210	1
10586	14189	1
10587	14189	1
10588	11116	1
10589	11116	1
10590	14605	1
10591	14605	1
10592	4141	1
10593	4141	1
10595	3761	1
10597	17087	1
10598	5413	1
10601	16237	1
10603	4768	1
10605	18062	1
10607	8751	1
10610	12429	1
10611	12429	1
10612	12011	1
10613	12011	1
10614	16853	1
10615	16853	1
10616	6230	1
10618	16933	1
10619	16933	1
10620	1105	1
10622	1611	1
10623	1611	1
10624	6806	1
10624	10845	1
10625	6806	1
10625	10845	1
10626	18156	1
10628	17267	1
10629	17267	1
10630	608	1
10630	819	1
10630	1622	1
10633	7388	1
10634	180	1
10636	17838	1
10637	17838	1
10638	4191	1
10639	4191	1
10641	10274	1
10642	15917	1
10643	15917	1
10644	16431	1
10645	16431	1
10648	12357	1
10649	12357	1
10652	3745	1
10653	3745	1
10654	6882	1
10656	7778	1
10657	7778	1
10658	3013	1
10659	3013	1
10661	11936	1
10662	14164	1
10663	14164	1
10664	2313	1
10665	2313	1
10666	16526	1
10667	16526	1
10669	9237	1
10671	7951	1
10672	6143	1
10673	6143	1
10676	12233	1
10677	12233	1
10678	4270	1
10679	4270	1
10680	7708	1
10682	1369	1
10684	763	1
10684	11604	1
10686	16539	1
10687	16539	1
10688	6992	1
10689	6992	1
10690	15883	1
10691	15883	1
10692	7525	1
10694	5374	1
10695	5374	1
10696	18070	1
10698	12038	1
10699	12038	1
10700	5094	1
10701	5094	1
10702	13390	1
10703	13390	1
10705	10171	1
10709	10201	1
10710	196	1
10711	196	1
10712	9796	1
10713	9796	1
10714	5053	1
10715	5053	1
10716	1718	1
10717	1718	1
10718	6615	1
10719	6615	1
10722	12807	1
10723	12807	1
10724	4093	1
10725	4093	1
10726	288	1
10727	288	1
10728	17017	1
10729	17017	1
10730	15830	1
10731	15830	1
10734	3614	1
10735	3614	1
10739	13175	1
10740	9221	1
10741	9221	1
10744	7848	1
10745	7848	1
10746	17202	1
10747	17202	1
10748	10641	1
10749	10641	1
10751	2421	1
10752	13334	1
10753	13334	1
10754	12609	1
10755	12609	1
10756	16210	1
10757	16210	1
10758	8308	1
10759	8308	1
10760	4569	1
10762	1136	1
10764	8037	1
10765	8037	1
10766	8092	1
10767	8092	1
10768	12551	1
10770	7143	1
10773	1185	1
10774	12831	1
10775	12831	1
10776	17035	1
10777	17035	1
10779	10237	1
10780	6557	1
10781	6557	1
10782	9219	1
10784	8824	1
10785	8824	1
10786	12872	1
10788	9554	1
10790	2663	1
10790	8260	1
10791	2663	1
10791	8260	1
10793	2992	1
10794	5229	1
10795	5229	1
10796	11279	1
10797	11279	1
10798	17475	1
10799	17475	1
10800	14906	1
10802	4148	1
10803	4148	1
10804	17569	1
10805	17569	1
10807	10476	1
10808	13625	1
10809	13625	1
10811	13289	1
10812	8136	1
10813	8136	1
10814	9715	1
10815	9715	1
10816	1177	1
10817	1177	1
10818	13312	1
10819	13312	1
10820	2183	1
10821	2183	1
10822	12590	1
10823	12590	1
10825	732	1
10826	4431	1
10829	8670	1
10830	11059	1
10831	11059	1
10832	10996	1
10833	10996	1
10834	16178	1
10836	7986	1
10836	13153	1
10839	17698	1
10841	9344	1
10841	11673	1
10842	11908	1
10844	2562	1
10845	2562	1
10846	6164	1
10847	6164	1
10850	12953	1
10852	13166	1
10853	13166	1
10854	1685	1
10854	17196	1
10855	1685	1
10855	17196	1
10856	14889	1
10857	14889	1
10858	11134	1
10859	11134	1
10860	7844	1
10861	7844	1
10862	9544	1
10863	9544	1
10864	9806	1
10866	17089	1
10867	17089	1
10868	10486	1
10869	10486	1
10871	7066	1
10873	11572	1
10874	14048	1
10876	12720	1
10879	6008	1
10880	13018	1
10881	13018	1
10882	189	1
10882	5377	1
10883	189	1
10883	5377	1
10884	7224	1
10885	7224	1
10886	3490	1
10887	3490	1
10888	10242	1
10889	10242	1
10890	634	1
10891	634	1
10892	7632	1
10893	7632	1
10894	2584	1
10896	13189	1
10897	13189	1
10899	2	1
10900	7883	1
10902	8745	1
10903	8745	1
10904	12059	1
10905	12059	1
10906	8738	1
10907	8738	1
10908	327	1
10909	327	1
10910	6790	1
10911	6790	1
10912	6533	1
10914	18141	1
10915	18141	1
10916	15072	1
10917	15072	1
10919	12382	1
10920	4170	1
10921	4170	1
10922	15317	1
10923	15317	1
10925	5363	1
10926	3441	1
10927	3441	1
10928	5215	1
10929	5215	1
10930	16554	1
10932	8870	1
10933	8870	1
10935	9254	1
10936	16686	1
10937	16686	1
10938	11799	1
10939	11799	1
10940	12325	1
10941	12325	1
10943	3560	1
10944	3717	1
10946	6297	1
10948	17849	1
10949	17849	1
10950	282	1
10951	282	1
10952	4858	1
10953	4858	1
10954	4428	1
10955	4428	1
10956	11384	1
10957	11384	1
10958	1307	1
10959	1307	1
10960	1670	1
10960	17977	1
10961	1670	1
10961	17977	1
10962	6017	1
10963	6017	1
10964	433	1
10964	10622	1
10964	15303	1
10965	433	1
10965	10622	1
10965	15303	1
10967	7324	1
10968	8317	1
10969	8317	1
10970	13314	1
10971	13314	1
10972	17398	1
10973	17398	1
10975	9293	1
10976	2796	1
10977	2796	1
10978	2813	1
10979	2813	1
10980	8945	1
10983	3716	1
10984	4010	1
10985	4010	1
10986	16047	1
10988	9704	1
10989	9704	1
10990	11223	1
10991	11223	1
10992	17702	1
10993	17702	1
10994	1121	1
10994	1631	1
10995	1121	1
10995	1631	1
10996	4718	1
10997	4718	1
10998	6777	1
10999	6777	1
11001	5833	1
11001	11697	1
11002	8011	1
11003	8011	1
11004	2714	1
11005	2714	1
11006	2609	1
11007	2609	1
11008	2066	1
11009	2066	1
11010	6707	1
11011	6707	1
11013	11696	1
11014	18010	1
11015	18010	1
11016	1325	1
11017	1325	1
11018	16681	1
11019	16681	1
11020	7659	1
11021	7659	1
11022	8041	1
11023	8041	1
11026	10904	1
11028	10437	1
11030	6207	1
11031	6207	1
11032	5314	1
11033	5314	1
11034	8510	1
11036	8207	1
11037	8207	1
11038	16072	1
11039	16072	1
11040	5627	1
11041	5627	1
11043	1681	1
11044	6648	1
11045	6648	1
11046	11107	1
11047	11107	1
11048	9121	1
11049	9121	1
11050	5335	1
11052	3323	1
11054	1834	1
11055	1834	1
11056	9117	1
11057	9117	1
11059	6650	1
11061	13041	1
11062	9713	1
11063	9713	1
11064	13027	1
11065	13027	1
11067	4329	1
11068	9054	1
11069	9054	1
11072	190	1
11073	190	1
11074	7276	1
11075	7276	1
11076	2375	1
11077	2375	1
11078	8925	1
11079	8925	1
11080	18132	1
11081	18132	1
11082	12620	1
11083	12620	1
11084	16219	1
11086	11438	1
11086	14371	1
11086	15327	1
11087	11438	1
11087	14371	1
11087	15327	1
11088	11975	1
11089	11975	1
11090	15310	1
11091	15310	1
11092	11710	1
11094	4701	1
11095	4701	1
11096	7463	1
11097	7463	1
11098	13119	1
11100	14821	1
11102	6670	1
11103	6670	1
11104	11181	1
11105	11181	1
11106	10007	1
11107	10007	1
11108	17206	1
11109	17206	1
11110	17627	1
11111	17627	1
11112	11683	1
11114	8960	1
11115	8960	1
11117	8611	1
11118	780	1
11119	780	1
11121	2302	1
11122	9914	1
11124	7929	1
11125	7929	1
11126	17239	1
11127	17239	1
11128	6891	1
11129	6891	1
11130	7163	1
11131	7163	1
11133	3850	1
11134	13517	1
11135	13517	1
11136	10260	1
11137	10260	1
11138	1051	1
11139	1051	1
11140	7296	1
11142	5570	1
11143	5570	1
11144	2634	1
11145	2634	1
11146	6629	1
11147	6629	1
11148	6680	1
11150	12653	1
11151	12653	1
11152	9481	1
11153	9481	1
11154	507	1
11155	507	1
11156	15834	1
11157	15834	1
11158	6004	1
11159	6004	1
11160	1922	1
11161	1922	1
11162	11971	1
11163	11971	1
11164	6391	1
11166	15277	1
11167	15277	1
11169	3782	1
11170	3972	1
11171	3972	1
11172	17600	1
11173	17600	1
11174	15379	1
11175	15379	1
11177	8189	1
11178	10541	1
11178	11901	1
11179	10541	1
11179	11901	1
11181	4805	1
11181	14644	1
11183	12334	1
11183	13208	1
11185	9826	1
11186	4989	1
11187	4989	1
11188	7286	1
11189	7286	1
11190	3407	1
11191	3407	1
11192	22	1
11193	22	1
11194	8268	1
11195	8268	1
11197	16604	1
11201	6416	1
11202	3070	1
11203	3070	1
11204	11050	1
11206	6703	1
11207	6703	1
11208	17799	1
11210	4752	1
11211	4752	1
11212	4391	1
11213	4391	1
11214	615	1
11215	615	1
11216	5171	1
11217	5171	1
11218	133	1
11219	133	1
11220	255	1
11221	255	1
11223	14741	1
11224	8362	1
11225	8362	1
11226	16761	1
11227	16761	1
11228	767	1
11229	767	1
11230	1843	1
11231	1843	1
11232	6031	1
11234	10861	1
11235	10861	1
11236	16022	1
11237	16022	1
11238	6919	1
11239	6919	1
11240	10268	1
11241	10268	1
11242	16697	1
11243	16697	1
11244	12830	1
11245	12830	1
11246	6535	1
11247	6535	1
11248	10882	1
11249	10882	1
11250	6605	1
11251	6605	1
11252	8213	1
11253	8213	1
11255	8576	1
11256	6972	1
11258	14810	1
11259	14810	1
11260	17034	1
11262	16223	1
11263	16223	1
11265	5809	1
11267	6415	1
11268	15300	1
11269	15300	1
11271	4564	1
11272	12237	1
11273	12237	1
11274	2557	1
11274	4767	1
11280	7647	1
11281	7647	1
11282	4949	1
11283	4949	1
11285	14093	1
11285	15754	1
11287	10495	1
11288	3894	1
11288	4666	1
11289	3894	1
11289	4666	1
11290	14149	1
11291	14149	1
11292	284	1
11298	1181	1
11299	1181	1
11300	17080	1
11301	17080	1
11302	1652	1
11303	1652	1
11304	3955	1
11305	3955	1
11306	12141	1
11307	12141	1
11308	1371	1
11309	1371	1
11310	8819	1
11312	13465	1
11314	2639	1
11317	17000	1
11318	11504	1
11319	11504	1
11320	10760	1
11322	5178	1
11322	6093	1
11322	8957	1
11327	3642	1
11329	4595	1
11330	7452	1
11331	7452	1
11332	2495	1
11333	2495	1
11336	2469	1
11337	2469	1
11338	16759	1
11339	16759	1
11340	802	1
11341	802	1
11342	6404	1
11343	6404	1
11344	11483	1
11345	11483	1
11347	160	1
11350	564	1
11351	564	1
11352	1930	1
11353	1930	1
11356	3168	1
11357	3168	1
11358	4695	1
11360	11095	1
11361	11095	1
11362	828	1
11363	828	1
11364	5320	1
11365	5320	1
11367	13425	1
11368	16724	1
11369	16724	1
11370	5442	1
11371	5442	1
11372	2255	1
11373	2255	1
11374	2658	1
11375	2658	1
11376	1475	1
11378	12253	1
11379	12253	1
11380	5079	1
11382	10880	1
11383	10880	1
11384	14306	1
11385	14306	1
11386	12534	1
11387	12534	1
11389	6420	1
11390	4438	1
11391	4438	1
11392	17700	1
11394	2725	1
11395	2725	1
11396	5495	1
11397	5495	1
11398	7396	1
11399	7396	1
11400	11969	1
11401	11969	1
11403	15978	1
11404	1576	1
11404	16126	1
11405	1576	1
11405	16126	1
11407	14968	1
11408	11668	1
11409	11668	1
11410	438	1
11411	438	1
11413	9286	1
11414	6158	1
11414	6507	1
11417	9588	1
11417	13204	1
11418	6718	1
11420	13489	1
11421	13489	1
11423	8658	1
11424	7134	1
11425	7134	1
11427	9758	1
11428	10999	1
11428	14911	1
11429	10999	1
11429	14911	1
11430	12482	1
11431	12482	1
11432	11344	1
11433	11344	1
11434	15746	1
11435	15746	1
11437	9264	1
11438	111	1
11439	111	1
11440	8156	1
11441	8156	1
11442	4832	1
11443	4832	1
11445	12418	1
11447	3766	1
11448	683	1
11449	683	1
11450	363	1
11450	7344	1
11451	363	1
11451	7344	1
11454	357	1
11457	8447	1
11458	11047	1
11459	11047	1
11462	11246	1
11463	11246	1
11467	15123	1
11468	16848	1
11470	14248	1
11471	14248	1
11472	12151	1
11474	16221	1
11475	16221	1
11476	10097	1
11476	12048	1
11478	12438	1
11479	12438	1
11480	13949	1
11482	13728	1
11483	13728	1
11484	13529	1
11485	13529	1
11486	4447	1
11487	4447	1
11489	2081	1
11490	5412	1
11491	5412	1
11492	15450	1
11493	15450	1
11494	9890	1
11495	9890	1
11496	10031	1
11497	10031	1
11498	5147	1
11499	5147	1
11501	2384	1
11502	17265	1
11503	17265	1
11504	4684	1
11505	4684	1
11507	1634	1
11508	5532	1
11509	5532	1
11510	3556	1
11511	3556	1
11512	3536	1
11513	3536	1
11514	15588	1
11515	15588	1
11517	1083	1
11518	16903	1
11519	16903	1
11520	1191	1
11521	1191	1
11522	12349	1
11524	727	1
11525	727	1
11526	17392	1
11527	17392	1
11529	7799	1
11530	1676	1
11531	1676	1
11532	11997	1
11533	11997	1
11534	12521	1
11535	12521	1
11536	2685	1
11537	2685	1
11538	10784	1
11539	10784	1
11541	2946	1
11542	9453	1
11543	9453	1
11544	12460	1
11545	12460	1
11546	1488	1
11548	8795	1
11548	16954	1
11550	17557	1
11552	6505	1
11554	7281	1
11555	7281	1
11556	13754	1
11557	13754	1
11558	6653	1
11560	2620	1
11562	12942	1
11563	12942	1
11564	1206	1
11565	1206	1
11567	5131	1
11568	14305	1
11570	6353	1
11571	6353	1
11574	1794	1
11575	1794	1
11576	8068	1
11577	8068	1
11578	8380	1
11579	8380	1
11581	8289	1
11583	12648	1
11584	11182	1
11585	11182	1
11588	8399	1
11592	17860	1
11593	17860	1
11594	9852	1
11595	9852	1
11596	15360	1
11597	15360	1
11598	2348	1
11598	12257	1
11599	2348	1
11599	12257	1
11600	17542	1
11602	1260	1
11603	1260	1
11604	9375	1
11605	9375	1
11607	13588	1
11608	16375	1
11610	9430	1
11611	9430	1
11612	15112	1
11615	13792	1
11616	16493	1
11617	16493	1
11618	11509	1
11620	8421	1
11621	8421	1
11622	4282	1
11623	4282	1
11624	18083	1
11625	18083	1
11626	11469	1
11628	5109	1
11629	5109	1
11634	15493	1
11635	15493	1
11636	8784	1
11637	8784	1
11639	12451	1
11640	16830	1
11641	16830	1
11642	6933	1
11643	6933	1
11645	13096	1
11647	16873	1
11648	16568	1
11649	16568	1
11650	6552	1
11651	6552	1
11652	16550	1
11653	16550	1
11654	17914	1
11655	17914	1
11656	10883	1
11657	10883	1
11658	6108	1
11659	6108	1
11660	11477	1
11661	11477	1
11662	6745	1
11664	8614	1
11666	7087	1
11667	7087	1
11668	2522	1
11669	2522	1
11670	1902	1
11671	1902	1
11672	12100	1
11674	2975	1
11677	10638	1
11678	2846	1
11679	2846	1
11680	5105	1
11681	5105	1
11682	15359	1
11683	15359	1
11684	12987	1
11686	12204	1
11687	12204	1
11688	14714	1
11689	14714	1
11690	8008	1
11691	8008	1
11693	7459	1
11694	8029	1
11695	8029	1
11696	8923	1
11697	8923	1
11698	11222	1
11700	11802	1
11701	11802	1
11702	2754	1
11703	2754	1
11704	6543	1
11707	7150	1
11707	9812	1
11708	1132	1
11708	8128	1
11709	1132	1
11709	8128	1
11711	3885	1
11712	15662	1
11713	15662	1
11714	4518	1
11715	4518	1
11716	5069	1
11717	5069	1
11718	8788	1
11719	8788	1
11720	14903	1
11720	17028	1
11721	14903	1
11721	17028	1
11722	10370	1
11723	10370	1
11725	9970	1
11726	14862	1
11727	14862	1
11728	591	1
11730	16953	1
11732	197	1
11733	197	1
11735	1920	1
11735	10878	1
11736	5778	1
11737	5778	1
11738	17120	1
11739	17120	1
11740	12924	1
11741	12924	1
11742	8449	1
11743	8449	1
11744	11538	1
11745	11538	1
11746	12028	1
11747	12028	1
11750	6411	1
11751	6411	1
11752	12122	1
11753	12122	1
11755	12821	1
11756	16106	1
11757	16106	1
11758	10259	1
11759	10259	1
11760	2079	1
11761	2079	1
11762	11043	1
11763	11043	1
11764	6724	1
11765	6724	1
11766	7500	1
11767	7500	1
11768	4397	1
11770	13212	1
11771	13212	1
11772	3126	1
11773	3126	1
11774	13275	1
11775	13275	1
11776	4352	1
11777	4352	1
11779	5160	1
11780	6280	1
11783	16540	1
11784	1321	1
11785	1321	1
11787	5010	1
11789	10478	1
11790	7264	1
11791	7264	1
11792	14432	1
11793	14432	1
11794	9419	1
11795	9419	1
11796	17417	1
11797	17417	1
11798	3263	1
11799	3263	1
11800	10160	1
11801	10160	1
11804	17998	1
11805	17998	1
11806	2890	1
11807	2890	1
11809	11955	1
11810	8223	1
11811	8223	1
11812	12226	1
11813	12226	1
11814	11765	1
11815	11765	1
11816	13447	1
11817	13447	1
11818	11268	1
11818	11482	1
11819	11268	1
11819	11482	1
11820	10620	1
11821	10620	1
11822	12645	1
11823	12645	1
11824	13610	1
11827	17389	1
11828	16696	1
11829	16696	1
11830	7964	1
11831	7964	1
11833	10651	1
11834	9241	1
11835	9241	1
11837	648	1
11838	5353	1
11839	5353	1
11843	684	1
11843	11034	1
11844	15502	1
11845	15502	1
11846	2289	1
11847	2289	1
11848	6045	1
11848	6902	1
11850	4347	1
11851	4347	1
11852	9552	1
11852	10931	1
11853	9552	1
11853	10931	1
11854	4407	1
11856	17828	1
11857	17828	1
11858	14405	1
11859	14405	1
11860	3513	1
11861	3513	1
11862	10041	1
11864	4687	1
11865	4687	1
11866	10801	1
11867	10801	1
11868	4117	1
11870	17851	1
11871	17851	1
11872	15874	1
11875	9436	1
11876	469	1
11878	6764	1
11879	6764	1
11880	1088	1
11881	1088	1
11882	4621	1
11884	13647	1
11885	13647	1
11886	4626	1
11887	4626	1
11888	9875	1
11889	9875	1
11891	9155	1
11892	10212	1
11893	10212	1
11895	5355	1
11896	4479	1
11896	16769	1
11898	12935	1
11899	12935	1
11900	3393	1
11902	11596	1
11903	11596	1
11904	13391	1
11905	13391	1
11906	518	1
11907	518	1
11908	884	1
11909	884	1
11910	17351	1
11911	17351	1
11912	6858	1
11913	6858	1
11914	3172	1
11915	3172	1
11916	5947	1
11918	1197	1
11919	1197	1
11921	2606	1
11922	12838	1
11923	12838	1
11924	11843	1
11926	11178	1
11927	11178	1
11928	9382	1
11929	9382	1
11930	9168	1
11932	5292	1
11933	5292	1
11934	10699	1
11934	12761	1
11934	14985	1
11938	7739	1
11939	7739	1
11940	15645	1
11941	15645	1
11943	3599	1
11944	5884	1
11945	5884	1
11946	16315	1
11947	16315	1
11948	10181	1
11951	4506	1
11952	4021	1
11953	4021	1
11954	14035	1
11956	5944	1
11957	5944	1
11958	11663	1
11959	11663	1
11960	14513	1
11963	13478	1
11965	16942	1
11966	4285	1
11967	4285	1
11968	11939	1
11969	11939	1
11971	16590	1
11972	15592	1
11973	15592	1
11974	3469	1
11975	3469	1
11976	2607	1
11978	7728	1
11979	7728	1
11980	10080	1
11981	10080	1
11982	3672	1
11983	3672	1
11984	2451	1
11986	11464	1
11987	11464	1
11989	13763	1
11990	17554	1
11991	17554	1
11992	11963	1
11993	11963	1
11994	709	1
11995	709	1
11996	10865	1
11997	10865	1
11998	14604	1
11999	14604	1
12000	12957	1
12001	12957	1
12002	4297	1
12003	4297	1
12004	16426	1
12005	16426	1
12006	9563	1
12007	9563	1
12008	2112	1
12009	2112	1
12010	16089	1
12011	16089	1
12012	16820	1
12014	8709	1
12015	8709	1
12017	9732	1
12018	16684	1
12019	16684	1
12020	12886	1
12023	8744	1
12023	12124	1
12024	14562	1
12025	14562	1
12026	9494	1
12027	9494	1
12028	3150	1
12029	3150	1
12030	7900	1
12031	7900	1
12032	145	1
12033	145	1
12034	12303	1
12035	12303	1
12036	5284	1
12037	5284	1
12038	10151	1
12040	4376	1
12041	4376	1
12042	15565	1
12043	15565	1
12044	10871	1
12045	10871	1
12046	9091	1
12047	9091	1
12048	1689	1
12049	1689	1
12050	150	1
12051	150	1
12052	14516	1
12055	7610	1
12056	10111	1
12057	10111	1
12059	2920	1
12060	6264	1
12061	6264	1
12062	11395	1
12063	11395	1
12064	1025	1
12065	1025	1
12066	3494	1
12067	3494	1
12068	17457	1
12069	17457	1
12070	571	1
12071	571	1
12073	13829	1
12074	9693	1
12075	9693	1
12076	11776	1
12077	11776	1
12078	6975	1
12079	6975	1
12080	7275	1
12081	7275	1
12083	5595	1
12083	6061	1
12084	11239	1
12086	1408	1
12089	13386	1
12090	16720	1
12091	16720	1
12092	17894	1
12094	13847	1
12095	13847	1
12096	15751	1
12097	15751	1
12099	5472	1
12100	10905	1
12101	10905	1
12102	10096	1
12103	10096	1
12104	11545	1
12105	11545	1
12107	16389	1
12108	5920	1
12109	5920	1
12110	11460	1
12111	11460	1
12112	3701	1
12114	11024	1
12115	11024	1
12116	18120	1
12117	18120	1
12119	14364	1
12120	840	1
12121	840	1
12122	12857	1
12124	5682	1
12127	4979	1
12128	7035	1
12128	11897	1
12129	7035	1
12129	11897	1
12130	16584	1
12131	16584	1
12133	4677	1
12134	12986	1
12135	12986	1
12136	12594	1
12138	15694	1
12140	17563	1
12142	14824	1
12145	7075	1
12146	17685	1
12147	17685	1
12149	11627	1
12150	12498	1
12151	12498	1
12152	7033	1
12153	7033	1
12154	855	1
12155	855	1
12156	12592	1
12157	12592	1
12158	13572	1
12159	13572	1
12160	15132	1
12161	15132	1
12162	861	1
12163	861	1
12164	10522	1
12165	10522	1
12166	14249	1
12167	14249	1
12168	13309	1
12170	5511	1
12171	5511	1
12172	8985	1
12173	8985	1
12175	8151	1
12177	892	1
12178	12470	1
12179	12470	1
12180	9046	1
12181	9046	1
12182	13196	1
12183	13196	1
12184	16567	1
12185	16567	1
12186	6357	1
12187	6357	1
12188	12875	1
12189	12875	1
12191	2298	1
12193	7446	1
12194	15575	1
12195	15575	1
12196	13037	1
12200	1825	1
12201	1825	1
12203	11444	1
12204	14965	1
12205	14965	1
12206	17896	1
12207	17896	1
12208	7470	1
12209	7470	1
12210	16246	1
12211	16246	1
12212	3397	1
12214	417	1
12215	417	1
12216	12010	1
12217	12010	1
12219	6974	1
12220	17478	1
12221	17478	1
12222	8557	1
12223	8557	1
12224	13704	1
12225	13704	1
12226	279	1
12227	279	1
12228	15525	1
12229	15525	1
12230	5604	1
12231	5604	1
12233	9111	1
12234	15434	1
12235	15434	1
12236	5894	1
12237	5894	1
12238	13628	1
12239	13628	1
12240	16565	1
12241	16565	1
12242	541	1
12242	16116	1
12243	541	1
12243	16116	1
12244	9047	1
12245	9047	1
12246	9457	1
12247	9457	1
12248	10687	1
12249	10687	1
12250	16683	1
12251	16683	1
12252	2670	1
12253	2670	1
12254	9627	1
12255	9627	1
12256	17842	1
12258	2059	1
12260	8030	1
12261	8030	1
12262	9712	1
12263	9712	1
12264	6931	1
12265	6931	1
12266	17919	1
12267	17919	1
12268	10343	1
12269	10343	1
12271	15083	1
12272	16034	1
12273	16034	1
12275	1351	1
12277	4942	1
12279	2820	1
12280	5387	1
12281	5387	1
12282	2137	1
12283	2137	1
12284	16694	1
12285	16694	1
12286	11580	1
12287	11580	1
12288	1827	1
12290	124	1
12291	124	1
12292	13825	1
12293	13825	1
12294	13824	1
12295	13824	1
12296	16605	1
12299	18045	1
12300	6233	1
12301	6233	1
12302	12622	1
12303	12622	1
12306	2650	1
12307	2650	1
12308	10774	1
12309	10774	1
12310	2834	1
12310	7547	1
12311	2834	1
12311	7547	1
12312	5579	1
12313	5579	1
12314	2982	1
12315	2982	1
12316	16806	1
12317	16806	1
12318	9376	1
12319	9376	1
12320	6623	1
12321	6623	1
12322	16608	1
12323	16608	1
12325	2146	1
12326	2915	1
12328	8311	1
12329	8311	1
12330	3179	1
12331	3179	1
12332	15890	1
12335	17897	1
12336	17971	1
12337	17971	1
12338	3382	1
12339	3382	1
12340	11527	1
12341	11527	1
12342	16865	1
12343	16865	1
12344	4951	1
12345	4951	1
12346	6899	1
12347	6899	1
12348	10850	1
12349	10850	1
12350	11685	1
12351	11685	1
12353	1271	1
12354	13072	1
12355	13072	1
12356	8593	1
12356	9851	1
12356	12223	1
12357	8593	1
12357	9851	1
12357	12223	1
12358	11481	1
12360	13542	1
12361	13542	1
12362	2104	1
12363	2104	1
12364	16713	1
12365	16713	1
12366	15254	1
12367	15254	1
12368	4374	1
12369	4374	1
12370	5276	1
12371	5276	1
12372	136	1
12373	136	1
12374	7287	1
12375	7287	1
12376	14487	1
12377	14487	1
12379	13402	1
12380	14072	1
12381	14072	1
12382	3244	1
12383	3244	1
12385	8777	1
12387	15640	1
12388	11525	1
12390	10006	1
12391	10006	1
12392	17983	1
12393	17983	1
12394	12487	1
12396	7145	1
12396	12165	1
12398	7897	1
12400	11820	1
12401	11820	1
12402	8437	1
12403	8437	1
12404	15167	1
12406	16913	1
12407	16913	1
12408	1324	1
12410	13285	1
12412	2030	1
12413	2030	1
12414	1297	1
12414	15491	1
12415	1297	1
12415	15491	1
12416	5850	1
12418	8288	1
12420	8933	1
12421	8933	1
12422	11348	1
12423	11348	1
12424	6343	1
12425	6343	1
12426	14798	1
12427	14798	1
12428	11255	1
12430	16120	1
12431	16120	1
12434	8667	1
12436	16511	1
12437	16511	1
12438	5294	1
12440	12905	1
12441	12905	1
12442	11416	1
12446	17170	1
12447	17170	1
12450	5958	1
12450	13168	1
12451	5958	1
12451	13168	1
12452	6051	1
12452	16251	1
12453	6051	1
12453	16251	1
12456	14618	1
12459	8714	1
12460	512	1
12460	12865	1
12462	2152	1
12462	11801	1
12463	2152	1
12463	11801	1
12464	3670	1
12465	3670	1
12466	13537	1
12467	13537	1
12468	368	1
12469	368	1
12471	1697	1
12472	16446	1
12473	16446	1
12475	1142	1
12476	12665	1
12478	3580	1
12479	3580	1
12480	2271	1
12481	2271	1
12482	13713	1
12483	13713	1
12484	17830	1
12485	17830	1
12486	16598	1
12487	16598	1
12489	7666	1
12490	8309	1
12491	8309	1
12492	3015	1
12494	17528	1
12495	17528	1
12496	6136	1
12497	6136	1
12498	8585	1
12499	8585	1
12500	9287	1
12501	9287	1
12503	9630	1
12504	10720	1
12505	10720	1
12506	1483	1
12507	1483	1
12508	7725	1
12509	7725	1
12512	8127	1
12512	15528	1
12513	8127	1
12513	15528	1
12514	7437	1
12518	6487	1
12519	6487	1
12520	868	1
12521	868	1
12523	10479	1
12524	7313	1
12525	7313	1
12526	84	1
12528	10505	1
12529	10505	1
12530	76	1
12532	10799	1
12534	14670	1
12536	9466	1
12537	9466	1
12538	17155	1
12539	17155	1
12542	12	1
12544	3738	1
12544	4972	1
12545	3738	1
12545	4972	1
12547	2075	1
12548	11158	1
12549	11158	1
12551	7892	1
12552	663	1
12553	663	1
12554	9566	1
12555	9566	1
12556	7633	1
12558	7259	1
12561	5719	1
12562	10351	1
12563	10351	1
12564	7791	1
12565	7791	1
12566	1013	1
12567	1013	1
12568	16499	1
12569	16499	1
12570	7413	1
12572	13726	1
12575	3686	1
12575	14223	1
12576	10095	1
12577	10095	1
12578	9114	1
12579	9114	1
12580	4868	1
12581	4868	1
12582	4452	1
12583	4452	1
12586	5866	1
12587	5866	1
12588	1980	1
12589	1980	1
12590	6355	1
12591	6355	1
12592	7048	1
12593	7048	1
12594	17546	1
12595	17546	1
12596	16355	1
12597	16355	1
12598	2084	1
12599	2084	1
12600	9087	1
12601	9087	1
12602	6508	1
12604	9819	1
12606	7092	1
12607	7092	1
12608	14166	1
12609	14166	1
12610	8238	1
12611	8238	1
12612	17544	1
12613	17544	1
12614	13274	1
12615	13274	1
12616	13504	1
12617	13504	1
12618	370	1
12619	370	1
12620	7671	1
12621	7671	1
12622	402	1
12623	402	1
12624	5657	1
12624	16504	1
12625	5657	1
12625	16504	1
12626	10436	1
12627	10436	1
12628	5440	1
12629	5440	1
12630	9394	1
12631	9394	1
12633	5577	1
12634	519	1
12635	519	1
12636	15657	1
12637	15657	1
12638	11592	1
12641	17339	1
12642	17277	1
12643	17277	1
12644	3216	1
12645	3216	1
12646	10314	1
12647	10314	1
12648	876	1
12649	876	1
12650	14759	1
12651	14759	1
12652	7832	1
12653	7832	1
12655	5986	1
12656	6621	1
12657	6621	1
12659	12936	1
12660	18138	1
12661	18138	1
12662	9220	1
12663	9220	1
12665	11154	1
12666	5703	1
12667	5703	1
12668	7813	1
12669	7813	1
12670	4053	1
12671	4053	1
12672	15857	1
12673	15857	1
12674	17223	1
12676	11184	1
12677	11184	1
12678	16950	1
12679	16950	1
12680	8616	1
12681	8616	1
12682	17420	1
12683	17420	1
12684	2150	1
12685	2150	1
12686	9558	1
12687	9558	1
12688	4853	1
12689	4853	1
12690	9683	1
12691	9683	1
12692	7537	1
12693	7537	1
12694	247	1
12695	247	1
12696	1995	1
12697	1995	1
12698	4941	1
12699	4941	1
12700	1744	1
12701	1744	1
12702	6417	1
12703	6417	1
12704	5835	1
12705	5835	1
12707	4870	1
12708	14058	1
12709	14058	1
12710	407	1
12711	407	1
12712	11501	1
12713	11501	1
12714	13203	1
12715	13203	1
12716	17176	1
12718	14501	1
12719	14501	1
12721	16317	1
12722	3631	1
12723	3631	1
12724	8817	1
12726	16893	1
12727	16893	1
12728	9653	1
12729	9653	1
12730	15076	1
12731	15076	1
12732	12144	1
12733	12144	1
12734	7352	1
12734	14118	1
12735	7352	1
12735	14118	1
12736	7707	1
12737	7707	1
12738	17294	1
12739	17294	1
12741	4248	1
12742	3984	1
12743	3984	1
12744	1559	1
12744	1798	1
12745	1559	1
12745	1798	1
12746	7555	1
12747	7555	1
12748	4463	1
12749	4463	1
12750	5189	1
12752	1556	1
12753	1556	1
12754	5399	1
12755	5399	1
12756	134	1
12757	134	1
12758	8528	1
12759	8528	1
12760	2064	1
12760	10639	1
12761	2064	1
12761	10639	1
12762	10596	1
12763	10596	1
12766	10578	1
12767	10578	1
12768	13233	1
12771	11371	1
12772	8758	1
12772	14743	1
12773	8758	1
12773	14743	1
12775	10382	1
12776	1654	1
12777	1654	1
12778	3643	1
12779	3643	1
12780	991	1
12781	991	1
12782	3367	1
12784	11263	1
12785	11263	1
12786	4515	1
12787	4515	1
12788	6146	1
12789	6146	1
12790	6842	1
12791	6842	1
12793	5757	1
12794	13758	1
12795	13758	1
12796	7585	1
12796	12679	1
12797	7585	1
12797	12679	1
12798	13686	1
12799	13686	1
12801	11574	1
12803	8899	1
12805	740	1
12807	13086	1
12808	3431	1
12808	11634	1
12808	14964	1
12809	3431	1
12809	11634	1
12809	14964	1
12810	9103	1
12811	9103	1
12814	9127	1
12815	9127	1
12816	3123	1
12817	3123	1
12818	11859	1
12819	11859	1
12820	10118	1
12821	10118	1
12822	6320	1
12825	5085	1
12825	7316	1
12826	8653	1
12827	8653	1
12830	1230	1
12831	1230	1
12833	2869	1
12835	9535	1
12836	8862	1
12839	14499	1
12840	9536	1
12841	9536	1
12845	3498	1
12846	1876	1
12849	3644	1
12850	14890	1
12851	14890	1
12852	7299	1
12853	7299	1
12854	2492	1
12855	2492	1
12856	7121	1
12857	7121	1
12858	530	1
12859	530	1
12860	7479	1
12861	7479	1
12862	10791	1
12863	10791	1
12864	15659	1
12865	15659	1
12866	1596	1
12867	1596	1
12868	17354	1
12869	17354	1
12870	5218	1
12871	5218	1
12872	5288	1
12873	5288	1
12874	14606	1
12875	14606	1
12877	5842	1
12878	796	1
12879	796	1
12880	10759	1
12881	10759	1
12882	6510	1
12884	8649	1
12885	8649	1
12886	15150	1
12887	15150	1
12888	240	1
12891	6012	1
12892	18038	1
12893	18038	1
12894	12512	1
12895	12512	1
12896	7089	1
12898	4657	1
12899	4657	1
12900	11980	1
12901	11980	1
12902	6709	1
12904	2951	1
12905	2951	1
12906	4998	1
12907	4998	1
12908	8028	1
12909	8028	1
12910	8703	1
12911	8703	1
12913	6920	1
12914	15543	1
12915	15543	1
12919	14283	1
12921	8560	1
12922	13067	1
12923	13067	1
12924	12478	1
12925	12478	1
12926	4187	1
12928	15066	1
12929	15066	1
12930	17807	1
12932	13923	1
12933	13923	1
12934	6714	1
12934	14310	1
12935	6714	1
12935	14310	1
12936	14841	1
12937	14841	1
12938	3058	1
12939	3058	1
12940	1800	1
12941	1800	1
12942	11413	1
12943	11413	1
12944	1662	1
12945	1662	1
12947	5911	1
12950	8971	1
12951	8971	1
12955	17164	1
12956	5743	1
12957	5743	1
12958	2217	1
12958	2747	1
12959	2217	1
12959	2747	1
12960	15432	1
12962	7959	1
12962	15902	1
12963	7959	1
12963	15902	1
12964	16273	1
12967	8603	1
12968	10926	1
12969	10926	1
12970	7210	1
12971	7210	1
12974	9176	1
12975	9176	1
12976	9574	1
12977	9574	1
12978	7415	1
12979	7415	1
12980	1957	1
12981	1957	1
12982	14756	1
12983	14756	1
12984	3073	1
12985	3073	1
12986	14669	1
12987	14669	1
12988	8120	1
12989	8120	1
12990	8376	1
12991	8376	1
12993	12939	1
12994	6195	1
12994	14624	1
12995	6195	1
12995	14624	1
12996	6800	1
12997	6800	1
12998	4387	1
12999	4387	1
13000	11214	1
13000	17988	1
13001	11214	1
13001	17988	1
13002	12077	1
13003	12077	1
13004	16533	1
13005	16533	1
13007	1860	1
13008	2776	1
13010	1052	1
13011	1052	1
13012	2309	1
13014	6772	1
13015	6772	1
13016	3747	1
13017	3747	1
13018	1334	1
13018	4218	1
13018	6373	1
13018	16220	1
13019	1334	1
13019	4218	1
13019	6373	1
13019	16220	1
13020	13043	1
13021	13043	1
13023	10785	1
13024	9387	1
13025	9387	1
13028	17101	1
13029	17101	1
13030	8109	1
13031	8109	1
13032	6917	1
13033	6917	1
13034	12845	1
13035	12845	1
13036	14109	1
13037	14109	1
13038	3039	1
13041	4561	1
13042	17800	1
13043	17800	1
13044	11320	1
13045	11320	1
13046	9859	1
13047	9859	1
13050	10773	1
13051	10773	1
13052	12183	1
13054	7758	1
13055	7758	1
13057	10925	1
13058	16254	1
13059	16254	1
13060	12808	1
13061	12808	1
13062	6775	1
13063	6775	1
13064	1231	1
13065	1231	1
13066	11148	1
13067	11148	1
13069	2219	1
13070	13524	1
13071	13524	1
13073	6542	1
13074	2095	1
13075	2095	1
13076	6048	1
13077	6048	1
13078	6464	1
13079	6464	1
13081	7802	1
13082	10809	1
13085	18130	1
13086	15501	1
13087	15501	1
13088	9451	1
13089	9451	1
13090	16427	1
13091	16427	1
13092	345	1
13093	345	1
13095	10788	1
13096	15950	1
13096	17282	1
13096	17443	1
13097	15950	1
13097	17282	1
13097	17443	1
13099	5006	1
13100	4736	1
13101	4736	1
13102	9379	1
13103	9379	1
13104	15139	1
13107	9021	1
13109	6395	1
13109	14684	1
13110	546	1
13112	17518	1
13113	17518	1
13116	9283	1
13117	9283	1
13118	2594	1
13121	1376	1
13122	6371	1
13123	6371	1
13124	5338	1
13125	5338	1
13126	3097	1
13127	3097	1
13128	11687	1
13129	11687	1
13130	10354	1
13131	10354	1
13132	8093	1
13133	8093	1
13134	15989	1
13135	15989	1
13137	7617	1
13138	5725	1
13140	9169	1
13141	9169	1
13142	8833	1
13143	8833	1
13144	14837	1
13145	14837	1
13147	4733	1
13148	1274	1
13149	1274	1
13151	12633	1
13152	7157	1
13152	8314	1
13152	10316	1
13155	12170	1
13156	8624	1
13157	8624	1
13158	13668	1
13159	13668	1
13160	15856	1
13161	15856	1
13162	4674	1
13164	5937	1
13165	5937	1
13166	15351	1
13167	15351	1
13168	14745	1
13170	17588	1
13172	10667	1
13173	10667	1
13175	7000	1
13176	1390	1
13177	1390	1
13178	2591	1
13179	2591	1
13181	6954	1
13183	13044	1
13183	13540	1
13184	8800	1
13185	8800	1
13186	11605	1
13187	11605	1
13188	13854	1
13189	13854	1
13190	5058	1
13191	5058	1
13193	9565	1
13194	7998	1
13195	7998	1
13196	5124	1
13197	5124	1
13198	12119	1
13199	12119	1
13200	8551	1
13201	8551	1
13202	11391	1
13203	11391	1
13204	13791	1
13205	13791	1
13206	10139	1
13207	10139	1
13208	4882	1
13209	4882	1
13210	2815	1
13211	2815	1
13212	13015	1
13213	13015	1
13214	5678	1
13215	5678	1
13216	7504	1
13217	7504	1
13218	6157	1
13219	6157	1
13220	2420	1
13221	2420	1
13222	15080	1
13223	15080	1
13225	2031	1
13226	12173	1
13227	12173	1
13228	4937	1
13229	4937	1
13230	5313	1
13231	5313	1
13232	10616	1
13233	10616	1
13234	15442	1
13235	15442	1
13236	6544	1
13237	6544	1
13238	8485	1
13239	8485	1
13240	40	1
13241	40	1
13242	12680	1
13243	12680	1
13244	6859	1
13245	6859	1
13246	13984	1
13247	13984	1
13248	5788	1
13251	13483	1
13252	16917	1
13254	15306	1
13255	15306	1
13257	5348	1
13258	17319	1
13259	17319	1
13260	13761	1
13262	13091	1
13263	13091	1
13264	15703	1
13267	14511	1
13268	15322	1
13269	15322	1
13270	1024	1
13271	1024	1
13272	3569	1
13273	3569	1
13274	8887	1
13275	8887	1
13276	4298	1
13278	6209	1
13280	16746	1
13281	16746	1
13282	2378	1
13283	2378	1
13284	8737	1
13285	8737	1
13287	3896	1
13287	6342	1
13288	14874	1
13289	14874	1
13290	16826	1
13291	16826	1
13293	3966	1
13294	10669	1
13295	10669	1
13296	1147	1
13297	1147	1
13298	9048	1
13299	9048	1
13300	14997	1
13302	6907	1
13303	6907	1
13304	10301	1
13306	14418	1
13307	14418	1
13309	5	1
13310	10680	1
13311	10680	1
13312	6600	1
13313	6600	1
13314	4896	1
13315	4896	1
13316	11270	1
13317	11270	1
13318	13160	1
13319	13160	1
13320	6252	1
13321	6252	1
13322	4675	1
13323	4675	1
13324	16480	1
13325	16480	1
13326	9015	1
13327	9015	1
13328	14370	1
13330	2229	1
13332	8455	1
13333	8455	1
13334	4351	1
13335	4351	1
13336	13404	1
13337	13404	1
13338	844	1
13339	844	1
13342	7373	1
13343	7373	1
13344	7401	1
13345	7401	1
13346	4221	1
13347	4221	1
13348	5548	1
13349	5548	1
13350	17560	1
13351	17560	1
13352	17474	1
13353	17474	1
13354	1595	1
13355	1595	1
13357	10730	1
13358	7911	1
13359	7911	1
13360	87	1
13360	297	1
13361	87	1
13361	297	1
13362	3889	1
13363	3889	1
13365	13231	1
13366	4468	1
13367	4468	1
13368	6285	1
13369	6285	1
13370	4294	1
13371	4294	1
13372	4585	1
13372	5543	1
13373	4585	1
13373	5543	1
13374	14704	1
13375	14704	1
13376	3911	1
13377	3911	1
13378	5307	1
13379	5307	1
13380	10725	1
13382	9825	1
13383	9825	1
13384	2385	1
13385	2385	1
13386	17645	1
13388	9603	1
13389	9603	1
13391	12988	1
13393	10384	1
13397	6491	1
13398	8798	1
13399	8798	1
13400	11571	1
13401	11571	1
13402	8558	1
13403	8558	1
13404	16209	1
13405	16209	1
13407	6581	1
13409	15230	1
13410	15260	1
13411	15260	1
13412	11866	1
13413	11866	1
13415	6056	1
13417	9183	1
13418	12938	1
13419	12938	1
13420	5277	1
13421	5277	1
13422	2586	1
13423	2586	1
13424	7329	1
13425	7329	1
13428	9366	1
13429	9366	1
13430	10207	1
13432	2741	1
13432	10228	1
13433	2741	1
13433	10228	1
13435	12568	1
13436	4712	1
13437	4712	1
13439	16509	1
13441	1348	1
13442	4245	1
13443	4245	1
13444	14730	1
13445	14730	1
13446	9539	1
13447	9539	1
13448	4876	1
13449	4876	1
13451	10163	1
13453	13689	1
13454	11323	1
13455	11323	1
13456	4886	1
13458	3907	1
13459	3907	1
13460	11316	1
13460	14936	1
13461	11316	1
13461	14936	1
13462	9158	1
13463	9158	1
13465	15437	1
13466	14647	1
13466	17694	1
13467	14647	1
13467	17694	1
13468	10426	1
13469	10426	1
13473	2621	1
13475	11101	1
13476	1493	1
13477	1493	1
13478	15165	1
13479	15165	1
13480	14121	1
13482	17527	1
13484	4015	1
13485	4015	1
13486	8911	1
13487	8911	1
13488	17691	1
13489	17691	1
13490	645	1
13490	17218	1
13491	645	1
13491	17218	1
13493	14111	1
13494	4073	1
13495	4073	1
13497	668	1
13499	7213	1
13500	1846	1
13501	1846	1
13502	14839	1
13502	15561	1
13503	14839	1
13503	15561	1
13504	7654	1
13505	7654	1
13507	3934	1
13507	10307	1
13507	13678	1
13509	16148	1
13510	5450	1
13510	8924	1
13511	5450	1
13511	8924	1
13512	2974	1
13512	8729	1
13513	2974	1
13513	8729	1
13514	9101	1
13515	9101	1
13516	15789	1
13517	15789	1
13518	17188	1
13519	17188	1
13520	9007	1
13521	9007	1
13522	5056	1
13523	5056	1
13526	10663	1
13527	10663	1
13528	7701	1
13530	2753	1
13532	6463	1
13533	6463	1
13534	15536	1
13535	15536	1
13536	13022	1
13537	13022	1
13538	5696	1
13540	10637	1
13542	13976	1
13543	13976	1
13544	14285	1
13545	14285	1
13546	2338	1
13547	2338	1
13548	4915	1
13549	4915	1
13550	12214	1
13551	12214	1
13552	12516	1
13553	12516	1
13554	12505	1
13555	12505	1
13556	3146	1
13557	3146	1
13558	8775	1
13560	1852	1
13562	4609	1
13563	4609	1
13564	1163	1
13564	4928	1
13565	1163	1
13565	4928	1
13566	4984	1
13566	17759	1
13567	4984	1
13567	17759	1
13569	4881	1
13571	5581	1
13572	12591	1
13573	12591	1
13574	16519	1
13575	16519	1
13576	9097	1
13577	9097	1
13580	7072	1
13581	7072	1
13582	12215	1
13583	12215	1
13586	9667	1
13587	9667	1
13588	9754	1
13589	9754	1
13590	3763	1
13591	3763	1
13592	11707	1
13593	11707	1
13594	5337	1
13594	15494	1
13595	5337	1
13595	15494	1
13596	15082	1
13597	15082	1
13599	4821	1
13602	18118	1
13602	18128	1
13604	17108	1
13605	17108	1
13606	6423	1
13608	1735	1
13610	1812	1
13610	5876	1
13610	14055	1
13611	1812	1
13611	5876	1
13611	14055	1
13612	6753	1
13613	6753	1
13615	7520	1
13616	9249	1
13617	9249	1
13619	3295	1
13620	6759	1
13621	6759	1
13623	510	1
13624	1584	1
13625	1584	1
13627	12499	1
13627	13619	1
13628	11734	1
13629	11734	1
13630	2726	1
13631	2726	1
13632	694	1
13633	694	1
13634	8967	1
13635	8967	1
13636	3474	1
13638	1763	1
13638	9316	1
13639	1763	1
13639	9316	1
13640	10833	1
13642	843	1
13643	843	1
13645	11809	1
13646	6593	1
13646	13531	1
13647	6593	1
13647	13531	1
13648	17044	1
13649	17044	1
13650	8725	1
13652	7498	1
13654	5183	1
13655	5183	1
13656	2194	1
13656	12009	1
13657	2194	1
13657	12009	1
13658	9268	1
13659	9268	1
13660	8465	1
13662	2657	1
13663	2657	1
13664	11295	1
13665	11295	1
13666	501	1
13667	501	1
13669	7208	1
13670	10830	1
13671	10830	1
13672	6588	1
13672	7124	1
13672	9468	1
13672	11109	1
13673	6588	1
13673	7124	1
13673	9468	1
13673	11109	1
13674	16170	1
13676	738	1
13676	2818	1
13678	8304	1
13678	17790	1
13679	8304	1
13679	17790	1
13680	1864	1
13681	1864	1
13682	18168	1
13683	18168	1
13684	1447	1
13685	1447	1
13686	6117	1
13688	10942	1
13689	10942	1
13690	14992	1
13691	14992	1
13693	18085	1
13694	6473	1
13694	12491	1
13695	6473	1
13695	12491	1
13697	7171	1
13698	8261	1
13699	8261	1
13700	4630	1
13701	4630	1
13702	4522	1
13703	4522	1
13704	4448	1
13705	4448	1
13707	16617	1
13709	1343	1
13710	10803	1
13711	10803	1
13713	10100	1
13714	14505	1
13717	8844	1
13720	17029	1
13721	17029	1
13722	4508	1
13723	4508	1
13724	1865	1
13725	1865	1
13726	11364	1
13727	11364	1
13728	10330	1
13729	10330	1
13730	10690	1
13732	12396	1
13734	13198	1
13735	13198	1
13736	3305	1
13737	3305	1
13738	17978	1
13739	17978	1
13741	2826	1
13742	3247	1
13743	3247	1
13744	17268	1
13746	14955	1
13748	12530	1
13749	12530	1
13751	12866	1
13752	5875	1
13753	5875	1
13754	11392	1
13755	11392	1
13756	3081	1
13757	3081	1
13759	11230	1
13760	15135	1
13761	15135	1
13762	562	1
13763	562	1
13765	14010	1
13767	7934	1
13768	6783	1
13769	6783	1
13771	5222	1
13771	5282	1
13772	4493	1
13773	4493	1
13774	2087	1
13775	2087	1
13776	10913	1
13777	10913	1
13778	18067	1
13779	18067	1
13780	9273	1
13781	9273	1
13782	9364	1
13783	9364	1
13786	17243	1
13788	5836	1
13789	5836	1
13790	14029	1
13791	14029	1
13793	14131	1
13794	7074	1
13795	7074	1
13796	5484	1
13798	8735	1
13799	8735	1
13800	6063	1
13802	6617	1
13804	13108	1
13806	16630	1
13807	16630	1
13808	8826	1
13809	8826	1
13810	8461	1
13811	8461	1
13812	13330	1
13814	9463	1
13815	9463	1
13816	7309	1
13816	8937	1
13816	11952	1
13817	7309	1
13817	8937	1
13817	11952	1
13818	11423	1
13819	11423	1
13822	10202	1
13824	10647	1
13825	10647	1
13826	702	1
13827	702	1
13828	12758	1
13829	12758	1
13831	1587	1
13833	12724	1
13834	4579	1
13835	4579	1
13836	3132	1
13837	3132	1
13838	1719	1
13839	1719	1
13841	17750	1
13842	6109	1
13845	1041	1
13846	15598	1
13847	15598	1
13850	17156	1
13851	17156	1
13853	10666	1
13854	2735	1
13855	2735	1
13856	3018	1
13857	3018	1
13859	7146	1
13860	1520	1
13861	1520	1
13862	5133	1
13862	7392	1
13863	5133	1
13863	7392	1
13864	11587	1
13865	11587	1
13867	8695	1
13868	8167	1
13870	6896	1
13871	6896	1
13873	16861	1
13874	7480	1
13875	7480	1
13876	10792	1
13877	10792	1
13878	9764	1
13879	9764	1
13881	12558	1
13885	17065	1
13886	4154	1
13887	4154	1
13888	7628	1
13889	7628	1
13890	4458	1
13893	1788	1
13894	14447	1
13895	14447	1
13896	65	1
13896	1562	1
13897	65	1
13897	1562	1
13899	10406	1
13900	2784	1
13900	3651	1
13900	7201	1
13901	2784	1
13901	3651	1
13901	7201	1
13903	1889	1
13905	7793	1
13906	5322	1
13908	7186	1
13909	7186	1
13910	305	1
13911	305	1
13913	6594	1
13914	14510	1
13916	6939	1
13919	4913	1
13921	16172	1
13922	12543	1
13923	12543	1
13925	2308	1
13927	1916	1
13928	11595	1
13929	11595	1
13930	5134	1
13931	5134	1
13932	167	1
13933	167	1
13934	8478	1
13935	8478	1
13936	4793	1
13937	4793	1
13938	8876	1
13939	8876	1
13940	6023	1
13942	9361	1
13942	13842	1
13943	9361	1
13943	13842	1
13944	12994	1
13945	12994	1
13946	1381	1
13947	1381	1
13948	6999	1
13949	6999	1
13951	7510	1
13952	2119	1
13954	2902	1
13955	2902	1
13956	5995	1
13957	5995	1
13958	10460	1
13959	10460	1
13961	3890	1
13962	13703	1
13964	13846	1
13966	4661	1
13967	4661	1
13969	5887	1
13970	7013	1
13971	7013	1
13972	4852	1
13972	14683	1
13973	4852	1
13973	14683	1
13974	7912	1
13975	7912	1
13976	4060	1
13978	4239	1
13979	4239	1
13980	832	1
13981	832	1
13982	13368	1
13984	8892	1
13985	8892	1
13986	153	1
13987	153	1
13988	6839	1
13988	7385	1
13989	6839	1
13989	7385	1
13990	4012	1
13992	8827	1
13993	8827	1
13994	5432	1
13996	9684	1
13997	9684	1
13998	6480	1
13999	6480	1
14001	16274	1
14002	8946	1
14003	8946	1
14004	16945	1
14005	16945	1
14006	12142	1
14007	12142	1
14008	13696	1
14009	13696	1
14010	11612	1
14011	11612	1
14012	7102	1
14013	7102	1
14014	10012	1
14016	16727	1
14017	16727	1
14019	12855	1
14020	1043	1
14020	7002	1
14021	1043	1
14021	7002	1
14024	5816	1
14025	5816	1
14028	13201	1
14029	13201	1
14030	1070	1
14031	1070	1
14032	3099	1
14034	2115	1
14035	2115	1
14036	11738	1
14037	11738	1
14038	7185	1
14039	7185	1
14040	2683	1
14042	3052	1
14043	3052	1
14044	5781	1
14045	5781	1
14046	799	1
14046	1277	1
14047	799	1
14047	1277	1
14049	14445	1
14050	2418	1
14052	863	1
14052	17349	1
14053	863	1
14053	17349	1
14054	3054	1
14055	3054	1
14056	8741	1
14057	8741	1
14058	2071	1
14059	2071	1
14061	1306	1
14063	7550	1
14064	2721	1
14065	2721	1
14066	14531	1
14067	14531	1
14068	5361	1
14069	5361	1
14070	13585	1
14072	5891	1
14073	5891	1
14074	11534	1
14076	10199	1
14077	10199	1
14078	1386	1
14079	1386	1
14080	10975	1
14081	10975	1
14083	13642	1
14084	13664	1
14085	13664	1
14086	10146	1
14087	10146	1
14088	7759	1
14089	7759	1
14090	17278	1
14091	17278	1
14092	5249	1
14093	5249	1
14094	15380	1
14096	10977	1
14097	10977	1
14098	5976	1
14099	5976	1
14100	6979	1
14101	6979	1
14102	9766	1
14103	9766	1
14104	6356	1
14105	6356	1
14106	12067	1
14108	1227	1
14108	12834	1
14109	1227	1
14109	12834	1
14110	10209	1
14111	10209	1
14112	12540	1
14113	12540	1
14115	13436	1
14116	4190	1
14117	4190	1
14121	4410	1
14122	10243	1
14124	4360	1
14126	9515	1
14129	4610	1
14131	10445	1
14133	4453	1
14134	6375	1
14135	6375	1
14136	15404	1
14137	15404	1
14138	4777	1
14139	4777	1
14140	11868	1
14141	11868	1
14142	2072	1
14143	2072	1
14145	14091	1
14146	5973	1
14147	5973	1
14148	16523	1
14149	16523	1
14150	5787	1
14151	5787	1
14152	13709	1
14153	13709	1
14154	16705	1
14155	16705	1
14156	398	1
14157	398	1
14158	15924	1
14161	13516	1
14162	4531	1
14163	4531	1
14164	16387	1
14166	14406	1
14167	14406	1
14168	3606	1
14170	15873	1
14171	15873	1
14173	7328	1
14174	12023	1
14175	12023	1
14176	1218	1
14179	7597	1
14180	11508	1
14181	11508	1
14182	946	1
14183	946	1
14184	1032	1
14185	1032	1
14187	16566	1
14188	1780	1
14189	1780	1
14190	4785	1
14190	11573	1
14191	4785	1
14191	11573	1
14193	1195	1
14195	6453	1
14196	15616	1
14197	15616	1
14198	10976	1
14199	10976	1
14200	12495	1
14201	12495	1
14202	12995	1
14203	12995	1
14204	8021	1
14206	2373	1
14206	16076	1
14207	2373	1
14207	16076	1
14208	5834	1
14209	5834	1
14210	18087	1
14211	18087	1
14212	11749	1
14214	16889	1
14215	16889	1
14216	4856	1
14217	4856	1
14218	4118	1
14219	4118	1
14221	5505	1
14221	8677	1
14222	17415	1
14223	17415	1
14225	6082	1
14227	3326	1
14228	12769	1
14228	16239	1
14229	12769	1
14229	16239	1
14230	16866	1
14231	16866	1
14232	17381	1
14234	18055	1
14235	18055	1
14236	4955	1
14237	4955	1
14238	9816	1
14241	12574	1
14242	710	1
14243	710	1
14244	15776	1
14245	15776	1
14246	12369	1
14247	12369	1
14249	494	1
14250	6369	1
14252	16492	1
14253	16492	1
14254	14451	1
14258	14952	1
14259	14952	1
14261	14050	1
14262	15192	1
14263	15192	1
14264	6819	1
14266	8165	1
14267	8165	1
14268	9559	1
14268	14081	1
14268	17573	1
14269	9559	1
14269	14081	1
14269	17573	1
14270	17021	1
14271	17021	1
14272	2833	1
14273	2833	1
14274	12740	1
14276	11450	1
14278	2848	1
14280	1249	1
14283	3794	1
14285	13567	1
14286	4961	1
14287	4961	1
14288	13769	1
14289	13769	1
14290	13458	1
14291	13458	1
14292	13549	1
14293	13549	1
14294	5961	1
14296	12840	1
14297	12840	1
14298	423	1
14298	4576	1
14299	423	1
14299	4576	1
14300	17725	1
14302	15473	1
14303	15473	1
14304	3533	1
14305	3533	1
14306	12586	1
14308	7460	1
14309	7460	1
14310	4127	1
14311	4127	1
14312	11836	1
14314	10416	1
14315	10416	1
14316	3374	1
14317	3374	1
14318	9416	1
14319	9416	1
14321	9043	1
14321	11377	1
14322	15109	1
14323	15109	1
14324	10312	1
14325	10312	1
14326	13932	1
14327	13932	1
14328	17712	1
14329	17712	1
14330	13626	1
14332	11991	1
14332	15126	1
14333	11991	1
14333	15126	1
14334	16358	1
14335	16358	1
14336	11613	1
14337	11613	1
14338	4256	1
14339	4256	1
14340	293	1
14342	17640	1
14343	17640	1
14344	9029	1
14345	9029	1
14346	6539	1
14347	6539	1
14348	17336	1
14349	17336	1
14350	1426	1
14351	1426	1
14352	7156	1
14354	7859	1
14354	12373	1
14355	7859	1
14355	12373	1
14356	498	1
14357	498	1
14358	9140	1
14359	9140	1
14360	1222	1
14362	10775	1
14363	10775	1
14364	8655	1
14365	8655	1
14366	9019	1
14367	9019	1
14368	798	1
14369	798	1
14371	17853	1
14372	914	1
14373	914	1
14374	13908	1
14375	13908	1
14378	9727	1
14381	9952	1
14382	11001	1
14383	11001	1
14384	3339	1
14386	959	1
14387	959	1
14388	13471	1
14390	5853	1
14391	5853	1
14392	17831	1
14393	17831	1
14395	12511	1
14396	350	1
14397	350	1
14398	9016	1
14399	9016	1
14400	896	1
14401	896	1
14402	17587	1
14403	17587	1
14404	17105	1
14405	17105	1
14406	771	1
14407	771	1
14409	6339	1
14410	3769	1
14411	3769	1
14412	12906	1
14413	12906	1
14414	17904	1
14415	17904	1
14416	10223	1
14417	10223	1
14418	939	1
14418	11726	1
14419	939	1
14419	11726	1
14420	17082	1
14421	17082	1
14422	9765	1
14423	9765	1
14424	8468	1
14425	8468	1
14426	10995	1
14427	10995	1
14429	13629	1
14430	17508	1
14433	16261	1
14434	6054	1
14436	15509	1
14438	9949	1
14440	768	1
14442	4912	1
14443	4912	1
14444	7955	1
14445	7955	1
14446	1807	1
14447	1807	1
14448	16253	1
14449	16253	1
14450	15344	1
14451	15344	1
14452	422	1
14453	422	1
14454	5717	1
14456	10366	1
14457	10366	1
14459	13802	1
14460	1441	1
14462	9521	1
14463	9521	1
14464	6291	1
14465	6291	1
14466	13432	1
14467	13432	1
14468	11700	1
14469	11700	1
14470	12195	1
14471	12195	1
14472	15452	1
14473	15452	1
14474	15166	1
14475	15166	1
14476	17688	1
14478	2221	1
14479	2221	1
14480	10291	1
14480	11797	1
14481	10291	1
14481	11797	1
14482	5433	1
14483	5433	1
14484	1917	1
14485	1917	1
14486	13190	1
14487	13190	1
14488	4598	1
14491	17740	1
14494	9318	1
14495	9318	1
14496	14073	1
14498	5756	1
14499	5756	1
14500	6519	1
14501	6519	1
14502	320	1
14503	320	1
14506	13328	1
14507	13328	1
14508	3557	1
14509	3557	1
14510	6451	1
14511	6451	1
14512	14622	1
14513	14622	1
14514	9680	1
14515	9680	1
14517	17547	1
14518	6671	1
14521	28	1
14522	8976	1
14525	3112	1
14526	9080	1
14527	9080	1
14528	13151	1
14529	13151	1
14530	4985	1
14530	11711	1
14530	17160	1
14531	4985	1
14531	11711	1
14531	17160	1
14532	11359	1
14533	11359	1
14534	8640	1
14535	8640	1
14536	6970	1
14536	10533	1
14537	6970	1
14537	10533	1
14538	12178	1
14539	12178	1
14540	12687	1
14541	12687	1
14542	6298	1
14544	17562	1
14546	13076	1
14547	13076	1
14550	3110	1
14551	3110	1
14552	9252	1
14553	9252	1
14554	5351	1
14554	13150	1
14555	5351	1
14555	13150	1
14557	4799	1
14558	9742	1
14559	9742	1
14560	2077	1
14562	5001	1
14563	5001	1
14564	13667	1
14565	13667	1
14568	7740	1
14568	8562	1
14569	7740	1
14569	8562	1
14570	15208	1
14571	15208	1
14572	16833	1
14573	16833	1
14574	1176	1
14575	1176	1
14576	5670	1
14577	5670	1
14578	10393	1
14580	14004	1
14581	14004	1
14582	1385	1
14583	1385	1
14585	3391	1
14588	14437	1
14589	14437	1
14590	595	1
14591	595	1
14592	3855	1
14592	14736	1
14593	3855	1
14593	14736	1
14595	14943	1
14596	12000	1
14598	9441	1
14599	9441	1
14601	17037	1
14602	4934	1
14604	10145	1
14605	10145	1
14607	9450	1
14608	17409	1
14609	17409	1
14611	9278	1
14612	1854	1
14613	1854	1
14615	12996	1
14616	10869	1
14616	17307	1
14617	10869	1
14617	17307	1
14618	15302	1
14620	6609	1
14622	125	1
14622	4330	1
14623	125	1
14623	4330	1
14624	4686	1
14625	4686	1
14626	9093	1
14627	9093	1
14628	6262	1
14629	6262	1
14631	1380	1
14632	7052	1
14633	7052	1
14634	14478	1
14635	14478	1
14637	8552	1
14639	14777	1
14641	6651	1
14642	14765	1
14643	14765	1
14644	11881	1
14645	11881	1
14646	9317	1
14647	9317	1
14648	16302	1
14649	16302	1
14650	17692	1
14651	17692	1
14652	3899	1
14652	14156	1
14652	16562	1
14653	3899	1
14653	14156	1
14653	16562	1
14654	4316	1
14654	8177	1
14654	13974	1
14655	4316	1
14655	8177	1
14655	13974	1
14656	7509	1
14657	7509	1
14659	10535	1
14660	9077	1
14661	9077	1
14662	9478	1
14663	9478	1
14664	14679	1
14665	14679	1
14667	12903	1
14668	1463	1
14669	1463	1
14671	7838	1
14672	11744	1
14674	13548	1
14675	13548	1
14676	13764	1
14678	11368	1
14679	11368	1
14680	14879	1
14681	14879	1
14683	44	1
14684	5047	1
14685	5047	1
14686	1632	1
14687	1632	1
14688	8690	1
14689	8690	1
14690	1958	1
14691	1958	1
14692	9008	1
14693	9008	1
14694	16629	1
14695	16629	1
14696	6273	1
14697	6273	1
14698	7639	1
14698	18098	1
14699	7639	1
14699	18098	1
14700	13261	1
14701	13261	1
14702	15869	1
14704	3532	1
14705	3532	1
14708	1256	1
14709	1256	1
14710	5953	1
14711	5953	1
14712	7270	1
14713	7270	1
14714	13396	1
14716	10226	1
14716	15451	1
14717	10226	1
14717	15451	1
14719	4159	1
14720	15014	1
14721	15014	1
14722	2922	1
14722	10612	1
14724	3691	1
14725	3691	1
14726	9920	1
14727	9920	1
14729	1207	1
14730	8042	1
14731	8042	1
14732	12203	1
14733	12203	1
14734	8463	1
14735	8463	1
14737	12085	1
14738	5025	1
14738	17878	1
14739	5025	1
14739	17878	1
14740	1747	1
14742	5695	1
14743	5695	1
14744	15639	1
14746	9618	1
14747	9618	1
14748	8491	1
14750	12686	1
14751	12686	1
14752	17644	1
14753	17644	1
14755	12432	1
14755	13820	1
14757	15750	1
14758	5138	1
14759	5138	1
14760	8526	1
14761	8526	1
14762	2552	1
14763	2552	1
14764	14161	1
14765	14161	1
14766	597	1
14768	6964	1
14769	6964	1
14771	2868	1
14772	6268	1
14773	6268	1
14774	13885	1
14775	13885	1
14776	17252	1
14777	17252	1
14778	16324	1
14780	16384	1
14781	16384	1
14782	15846	1
14783	15846	1
14784	12251	1
14788	8534	1
14791	17767	1
14792	10026	1
14793	10026	1
14794	3310	1
14796	7144	1
14797	7144	1
14798	3192	1
14801	7513	1
14802	2456	1
14804	1410	1
14805	1410	1
14806	8815	1
14807	8815	1
14809	16626	1
14810	4495	1
14811	4495	1
14812	12707	1
14813	12707	1
14814	17090	1
14815	17090	1
14816	4692	1
14817	4692	1
14819	2527	1
14819	7181	1
14820	2943	1
14821	2943	1
14822	10122	1
14823	10122	1
14824	16262	1
14825	16262	1
14826	9500	1
14827	9500	1
14828	11487	1
14829	11487	1
14830	9503	1
14831	9503	1
14832	14200	1
14833	14200	1
14834	11818	1
14834	15210	1
14836	10311	1
14837	10311	1
14838	9959	1
14839	9959	1
14840	3349	1
14841	3349	1
14843	14627	1
14844	12795	1
14845	12795	1
14846	14373	1
14847	14373	1
14849	4281	1
14850	1711	1
14850	8783	1
14850	16077	1
14851	1711	1
14851	8783	1
14851	16077	1
14852	16486	1
14853	16486	1
14854	10264	1
14855	10264	1
14856	4472	1
14857	4472	1
14858	9130	1
14859	9130	1
14860	8524	1
14862	6499	1
14863	6499	1
14864	7797	1
14867	8081	1
14868	9769	1
14869	9769	1
14870	651	1
14871	651	1
14872	3674	1
14873	3674	1
14874	3577	1
14875	3577	1
14876	11072	1
14877	11072	1
14879	25	1
14880	12267	1
14881	12267	1
14882	5530	1
14882	10420	1
14883	5530	1
14883	10420	1
14884	17220	1
14886	7068	1
14886	17709	1
14887	7068	1
14887	17709	1
14888	3496	1
14889	3496	1
14890	8273	1
14890	10824	1
14891	8273	1
14891	10824	1
14893	1245	1
14894	12127	1
14894	13996	1
14895	12127	1
14895	13996	1
14896	4851	1
14897	4851	1
14898	10731	1
14899	10731	1
14901	9235	1
14901	18005	1
14902	7734	1
14904	4013	1
14905	4013	1
14906	15160	1
14908	4451	1
14909	4451	1
14910	12484	1
14911	12484	1
14913	1158	1
14915	13090	1
14917	14535	1
14918	3066	1
14919	3066	1
14920	2959	1
14922	15682	1
14923	15682	1
14924	2281	1
14926	10750	1
14927	10750	1
14928	5107	1
14929	5107	1
14930	12064	1
14931	12064	1
14932	14345	1
14934	4240	1
14935	4240	1
14936	16258	1
14937	16258	1
14938	14292	1
14940	14374	1
14941	14374	1
14943	13655	1
14944	15796	1
14945	15796	1
14946	14080	1
14947	14080	1
14948	11591	1
14949	11591	1
14951	2720	1
14952	4866	1
14953	4866	1
14954	1982	1
14955	1982	1
14956	6383	1
14957	6383	1
14958	6756	1
14960	6006	1
14961	6006	1
14962	1062	1
14963	1062	1
14964	15113	1
14965	15113	1
14967	12290	1
14968	13773	1
14970	585	1
14970	3588	1
14972	15587	1
14974	4922	1
14975	4922	1
14976	2700	1
14977	2700	1
14979	15564	1
14980	3965	1
14981	3965	1
14982	11768	1
14983	11768	1
14984	8596	1
14985	8596	1
14986	9944	1
14986	17330	1
14987	9944	1
14987	17330	1
14988	4003	1
14990	14096	1
14991	14096	1
14992	1835	1
14993	1835	1
14994	3128	1
14995	3128	1
14996	12869	1
14997	12869	1
14998	10112	1
14999	10112	1
15000	373	1
15001	373	1
15003	16405	1
15004	15239	1
15005	15239	1
15006	9413	1
15007	9413	1
15009	14863	1
15010	16595	1
15011	16595	1
15012	8080	1
15013	8080	1
15015	2453	1
15016	13684	1
15017	13684	1
15019	17674	1
15020	6908	1
15021	6908	1
15023	10813	1
15024	7119	1
15025	7119	1
15027	8987	1
15028	7371	1
15029	7371	1
15031	7161	1
15032	16510	1
15033	16510	1
15034	2036	1
15035	2036	1
15037	463	1
15037	958	1
15038	10376	1
15039	10376	1
15040	1700	1
15041	1700	1
15042	8107	1
15043	8107	1
15044	11347	1
15045	11347	1
15046	1535	1
15047	1535	1
15049	8049	1
15050	14186	1
15051	14186	1
15052	11622	1
15054	4976	1
15055	4976	1
15056	2767	1
15057	2767	1
15058	10216	1
15059	10216	1
15060	9675	1
15061	9675	1
15062	11293	1
15063	11293	1
15064	2343	1
15065	2343	1
15066	7786	1
15068	5863	1
15069	5863	1
15070	5316	1
15071	5316	1
15073	1428	1
15074	18136	1
15076	3133	1
15078	3358	1
15078	9913	1
15079	3358	1
15079	9913	1
15080	7767	1
15081	7767	1
15083	10692	1
15084	2534	1
15085	2534	1
15086	12696	1
15088	9079	1
15089	9079	1
15090	14089	1
15092	11455	1
15094	13749	1
15097	13690	1
15098	14105	1
15099	14105	1
15100	15187	1
15101	15187	1
15102	1478	1
15103	1478	1
15104	11284	1
15105	11284	1
15106	17397	1
15107	17397	1
15108	14401	1
15109	14401	1
15110	15931	1
15111	15931	1
15112	7622	1
15113	7622	1
15115	5471	1
15117	2267	1
15118	7727	1
15119	7727	1
15120	7506	1
15121	7506	1
15122	13852	1
15123	13852	1
15124	7652	1
15125	7652	1
15127	1593	1
15129	4680	1
15129	5669	1
15130	12730	1
15131	12730	1
15133	15320	1
15135	10104	1
15136	10712	1
15139	3386	1
15140	13571	1
15141	13571	1
15142	14817	1
15143	14817	1
15144	12315	1
15145	12315	1
15146	5207	1
15147	5207	1
15148	5597	1
15149	5597	1
15150	5258	1
15152	1657	1
15153	1657	1
15154	10835	1
15155	10835	1
15156	2423	1
15158	9739	1
15159	9739	1
15160	16062	1
15161	16062	1
15162	12771	1
15163	12771	1
15164	7816	1
15165	7816	1
15166	351	1
15167	351	1
15168	6734	1
15170	4361	1
15171	4361	1
15174	2548	1
15175	2548	1
15176	17134	1
15177	17134	1
15178	3238	1
15179	3238	1
15181	2094	1
15183	6944	1
15184	17130	1
15186	4800	1
15187	4800	1
15188	504	1
15189	504	1
15190	16369	1
15191	16369	1
15192	12646	1
15192	14290	1
15193	12646	1
15193	14290	1
15194	15059	1
15195	15059	1
15196	508	1
15197	508	1
15198	17813	1
15199	17813	1
15200	14659	1
15201	14659	1
15202	73	1
15203	73	1
15204	5865	1
15205	5865	1
15206	7265	1
15207	7265	1
15208	11757	1
15209	11757	1
15210	15465	1
15211	15465	1
15212	6388	1
15212	7608	1
15213	6388	1
15213	7608	1
15214	12842	1
15215	12842	1
15216	9496	1
15218	13308	1
15219	13308	1
15220	1624	1
15221	1624	1
15222	8054	1
15224	11124	1
15225	11124	1
15226	9993	1
15228	11555	1
15229	11555	1
15230	13219	1
15231	13219	1
15232	17210	1
15235	8249	1
15236	3106	1
15237	3106	1
15238	1871	1
15239	1871	1
15240	4982	1
15241	4982	1
15242	2583	1
15243	2583	1
15244	12695	1
15245	12695	1
15247	154	1
15248	5831	1
15250	15726	1
15251	15726	1
15252	9449	1
15253	9449	1
15254	2850	1
15254	3371	1
15254	8031	1
15256	11676	1
15257	11676	1
15258	8542	1
15259	8542	1
15261	6663	1
15262	341	1
15263	341	1
15265	1118	1
15267	4794	1
15269	5768	1
15270	492	1
15271	492	1
15272	1734	1
15273	1734	1
15274	6592	1
15275	6592	1
15276	15044	1
15277	15044	1
15278	10553	1
15279	10553	1
15280	9392	1
15284	9961	1
15284	13945	1
15287	797	1
15290	5236	1
15290	5460	1
15291	5236	1
15291	5460	1
15292	8306	1
15293	8306	1
15294	14330	1
15295	14330	1
15297	2863	1
15299	16304	1
15300	8487	1
15302	12598	1
15303	12598	1
15304	10547	1
15306	4238	1
15307	4238	1
15308	2668	1
15309	2668	1
15310	12134	1
15312	13748	1
15313	13748	1
15314	1708	1
15315	1708	1
15316	15859	1
15317	15859	1
15318	9420	1
15320	219	1
15321	219	1
15322	15007	1
15324	14547	1
15325	14547	1
15326	6723	1
15327	6723	1
15328	9857	1
15329	9857	1
15330	2601	1
15331	2601	1
15332	1659	1
15333	1659	1
15334	12426	1
15335	12426	1
15337	12132	1
15338	17862	1
15340	11659	1
15341	11659	1
15342	6930	1
15343	6930	1
15344	5241	1
15346	13901	1
15348	7925	1
15349	7925	1
15350	13559	1
15353	13411	1
15354	8774	1
15355	8774	1
15356	1219	1
15358	598	1
15359	598	1
15361	17619	1
15363	11099	1
15364	14614	1
15366	4415	1
15367	4415	1
15368	9575	1
15368	16529	1
15370	11777	1
15372	14088	1
15373	14088	1
15374	2171	1
15375	2171	1
15376	9504	1
15377	9504	1
15379	1964	1
15380	902	1
15381	902	1
15382	3178	1
15384	5694	1
15386	6159	1
15387	6159	1
15388	3843	1
15388	10077	1
15389	3843	1
15389	10077	1
15390	16097	1
15391	16097	1
15392	16544	1
15394	8373	1
15395	8373	1
15396	2402	1
15397	2402	1
15398	15866	1
15400	920	1
15401	920	1
15402	12090	1
15403	12090	1
15404	15305	1
15405	15305	1
15406	15892	1
15408	3148	1
15409	3148	1
15410	3990	1
15411	3990	1
15412	9245	1
15413	9245	1
15414	15519	1
15415	15519	1
15416	12377	1
15419	12053	1
15420	8810	1
15421	8810	1
15422	15240	1
15423	15240	1
15424	3549	1
15425	3549	1
15426	8143	1
15427	8143	1
15428	15747	1
15430	12455	1
15432	6338	1
15433	6338	1
15434	6430	1
15435	6430	1
15436	10029	1
15436	11311	1
15437	10029	1
15437	11311	1
15440	9771	1
15441	9771	1
15443	12582	1
15444	787	1
15446	4613	1
15448	9439	1
15450	12901	1
15452	11717	1
15453	11717	1
15454	5537	1
15455	5537	1
15456	16402	1
15457	16402	1
15458	16925	1
15459	16925	1
15461	1603	1
15462	5794	1
15463	5794	1
15465	11770	1
15466	3319	1
15467	3319	1
15469	13685	1
15470	2799	1
15473	11648	1
15474	16487	1
15476	4571	1
15477	4571	1
15478	2934	1
15479	2934	1
15480	2196	1
15482	14556	1
15483	14556	1
15484	15678	1
15485	15678	1
15486	5693	1
15487	5693	1
15488	16111	1
15489	16111	1
15490	12493	1
15491	12493	1
15492	14994	1
15493	14994	1
15494	14203	1
15495	14203	1
15496	721	1
15497	721	1
15498	3962	1
15500	17416	1
15501	17416	1
15502	4737	1
15504	10120	1
15505	10120	1
15506	17199	1
15508	3127	1
15509	3127	1
15512	11013	1
15513	11013	1
15514	12989	1
15515	12989	1
15517	14807	1
15518	12268	1
15519	12268	1
15521	7831	1
15522	12295	1
15523	12295	1
15525	9433	1
15526	7674	1
15527	7674	1
15528	1703	1
15529	1703	1
15530	3067	1
15531	3067	1
15533	1084	1
15534	1502	1
15535	1502	1
15536	11602	1
15539	9734	1
15540	9154	1
15541	9154	1
15543	9572	1
15544	493	1
15545	493	1
15546	17510	1
15548	7389	1
15549	7389	1
15551	9263	1
15552	216	1
15553	216	1
15554	17480	1
15556	5521	1
15557	5521	1
15558	1510	1
15559	1510	1
15560	13310	1
15560	15061	1
15561	13310	1
15561	15061	1
15562	5181	1
15563	5181	1
15564	3886	1
15565	3886	1
15568	14472	1
15569	14472	1
15570	5212	1
15571	5212	1
15572	4587	1
15575	1589	1
15578	6778	1
15580	16918	1
15581	16918	1
15583	14168	1
15584	17666	1
15585	17666	1
15586	12569	1
15587	12569	1
15590	15373	1
15591	15373	1
15592	7637	1
15593	7637	1
15595	3806	1
15596	12606	1
15597	12606	1
15598	3673	1
15599	3673	1
15600	5136	1
15601	5136	1
15602	1513	1
15603	1513	1
15605	8083	1
15606	2487	1
15607	2487	1
15608	1074	1
15608	11177	1
15610	15446	1
15611	15446	1
15612	8749	1
15613	8749	1
15614	17566	1
15615	17566	1
15616	10190	1
15617	10190	1
15618	394	1
15619	394	1
15620	6468	1
15622	2092	1
15623	2092	1
15624	3752	1
15625	3752	1
15626	12555	1
15627	12555	1
15630	12225	1
15631	12225	1
15632	13229	1
15633	13229	1
15634	13532	1
15635	13532	1
15636	7944	1
15637	7944	1
15638	1581	1
15639	1581	1
15640	7790	1
15641	7790	1
15642	13028	1
15643	13028	1
15644	10950	1
15645	10950	1
15646	3802	1
15647	3802	1
15649	4634	1
15650	7605	1
15651	7605	1
15652	6323	1
15653	6323	1
15654	128	1
15654	3385	1
15654	3825	1
15655	128	1
15655	3385	1
15655	3825	1
15656	4305	1
15657	4305	1
15658	3714	1
15659	3714	1
15660	4774	1
15661	4774	1
15662	7726	1
15663	7726	1
15664	1799	1
15666	15412	1
15667	15412	1
15668	7615	1
15669	7615	1
15670	15419	1
15671	15419	1
15672	968	1
15672	5396	1
15673	968	1
15673	5396	1
15675	17432	1
15676	12714	1
15678	2979	1
15679	2979	1
15680	16965	1
15681	16965	1
15682	4757	1
15684	15389	1
15687	4082	1
15689	2425	1
15689	5188	1
15690	10364	1
15691	10364	1
15692	1087	1
15692	13643	1
15693	1087	1
15693	13643	1
15694	1641	1
15696	53	1
15697	53	1
15698	2852	1
15699	2852	1
15700	1906	1
15701	1906	1
15703	14984	1
15704	9181	1
15705	9181	1
15707	4308	1
15708	10075	1
15709	10075	1
15710	9073	1
15711	9073	1
15712	1156	1
15713	1156	1
15714	7141	1
15715	7141	1
15716	13001	1
15716	16434	1
15717	13001	1
15717	16434	1
15718	8233	1
15719	8233	1
15720	5144	1
15721	5144	1
15722	6289	1
15723	6289	1
15724	8305	1
15725	8305	1
15727	17969	1
15728	8548	1
15729	8548	1
15731	8568	1
15732	13939	1
15733	13939	1
15735	15749	1
15736	6500	1
15737	6500	1
15738	6471	1
15739	6471	1
15740	5864	1
15742	4577	1
15743	4577	1
15745	17039	1
15746	1882	1
15747	1882	1
15749	8467	1
15750	2439	1
15750	10571	1
15751	2439	1
15751	10571	1
15752	15630	1
15753	15630	1
15754	8958	1
15755	8958	1
15756	8048	1
15757	8048	1
15758	7025	1
15760	13997	1
15761	13997	1
15762	15163	1
15764	1570	1
15766	967	1
15767	967	1
15768	10098	1
15769	10098	1
15770	5013	1
15771	5013	1
15773	4315	1
15774	10870	1
15774	17981	1
15775	10870	1
15775	17981	1
15777	1425	1
15779	5760	1
15781	1292	1
15782	3919	1
15784	5234	1
15785	5234	1
15786	43	1
15787	43	1
15789	17168	1
15790	16664	1
15791	16664	1
15792	10985	1
15794	6014	1
15795	6014	1
15796	17275	1
15797	17275	1
15798	14960	1
15799	14960	1
15800	1650	1
15802	2780	1
15803	2780	1
15804	6362	1
15805	6362	1
15807	344	1
15808	15775	1
15809	15775	1
15810	17939	1
15812	11910	1
15813	11910	1
15814	2675	1
15815	2675	1
15816	9855	1
15817	9855	1
15818	11972	1
15820	13521	1
15821	13521	1
15822	11372	1
15823	11372	1
15825	5843	1
15826	12794	1
15827	12794	1
15828	14439	1
15829	14439	1
15830	3721	1
15831	3721	1
15832	1267	1
15833	1267	1
15836	4372	1
15839	7670	1
15840	7789	1
15841	7789	1
15842	17428	1
15843	17428	1
15844	13508	1
15846	4615	1
15847	4615	1
15848	4873	1
15849	4873	1
15850	336	1
15852	2751	1
15853	2751	1
15855	1490	1
15856	18033	1
15857	18033	1
15858	10480	1
15859	10480	1
15860	10256	1
15862	3796	1
15863	3796	1
15864	633	1
15865	633	1
15866	11082	1
15866	12490	1
15867	11082	1
15867	12490	1
15868	7277	1
15870	9950	1
15872	6712	1
15873	6712	1
15874	16863	1
15875	16863	1
15876	7043	1
15877	7043	1
15878	7129	1
15879	7129	1
15881	16808	1
15882	8340	1
15883	8340	1
15884	13449	1
15885	13449	1
15887	8855	1
15888	12542	1
15889	12542	1
15890	10369	1
15891	10369	1
15892	11493	1
15894	9584	1
15895	9584	1
15896	12811	1
15897	12811	1
15898	7980	1
15900	17086	1
15901	17086	1
15902	13348	1
15904	18162	1
15904	18165	1
15905	18162	1
15905	18165	1
15906	15977	1
15907	15977	1
15909	6679	1
15910	9405	1
15911	9405	1
15912	17488	1
15913	17488	1
15916	4848	1
15917	4848	1
15918	17436	1
15919	17436	1
15920	12752	1
15921	12752	1
15923	12533	1
15924	17315	1
15925	17315	1
15926	3183	1
15927	3183	1
15928	6119	1
15929	6119	1
15930	2391	1
15930	17458	1
15931	2391	1
15931	17458	1
15932	872	1
15933	872	1
15934	9465	1
15935	9465	1
15936	14077	1
15937	14077	1
15938	11582	1
15941	1667	1
15942	8964	1
15943	8964	1
15944	15879	1
15946	10583	1
15947	10583	1
15949	4864	1
15950	277	1
15951	277	1
15952	14235	1
15953	14235	1
15954	4662	1
15954	16719	1
15957	15744	1
15958	3832	1
15960	2738	1
15961	2738	1
15962	14441	1
15964	15085	1
15965	15085	1
15966	2873	1
15967	2873	1
15970	8396	1
15971	8396	1
15972	6024	1
15973	6024	1
15974	4084	1
15976	2899	1
15979	7942	1
15980	6279	1
15982	3204	1
15982	14518	1
15984	965	1
15986	2914	1
15987	2914	1
15988	4704	1
15989	4704	1
15990	5424	1
15993	1145	1
15993	8704	1
15994	9570	1
15995	9570	1
15997	6390	1
15998	12022	1
16000	11402	1
16001	11402	1
16005	12323	1
16006	358	1
16007	358	1
16008	11186	1
16010	17205	1
16011	17205	1
16012	11366	1
16013	11366	1
16014	17732	1
16015	17732	1
16016	17533	1
16017	17533	1
16018	2627	1
16019	2627	1
16020	583	1
16021	583	1
16022	5972	1
16023	5972	1
16024	6162	1
16025	6162	1
16026	12489	1
16027	12489	1
16029	418	1
16030	226	1
16031	226	1
16032	5605	1
16035	10593	1
16035	16142	1
16037	725	1
16038	17406	1
16040	12553	1
16041	12553	1
16042	8221	1
16044	15000	1
16045	15000	1
16046	12616	1
16047	12616	1
16048	603	1
16049	603	1
16050	15804	1
16051	15804	1
16052	10306	1
16053	10306	1
16054	4302	1
16055	4302	1
16056	16635	1
16057	16635	1
16058	11302	1
16059	11302	1
16060	15231	1
16061	15231	1
16062	15089	1
16063	15089	1
16064	6322	1
16065	6322	1
16066	10481	1
16067	10481	1
16069	1850	1
16070	4017	1
16071	4017	1
16072	14954	1
16074	10786	1
16075	10786	1
16076	3166	1
16077	3166	1
16078	129	1
16079	129	1
16080	15975	1
16082	3449	1
16083	3449	1
16084	11251	1
16085	11251	1
16086	6515	1
16087	6515	1
16088	14177	1
16089	14177	1
16090	12751	1
16091	12751	1
16093	3584	1
16095	13815	1
16096	12690	1
16097	12690	1
16099	11452	1
16100	5999	1
16100	7694	1
16101	5999	1
16101	7694	1
16102	13994	1
16103	13994	1
16104	4409	1
16106	13902	1
16107	13902	1
16109	4286	1
16111	7042	1
16112	4099	1
16113	4099	1
16115	8284	1
16116	15610	1
16119	4810	1
16121	7822	1
16122	10932	1
16123	10932	1
16124	16127	1
16125	16127	1
16128	2973	1
16129	2973	1
16130	1669	1
16130	2426	1
16131	1669	1
16131	2426	1
16132	14097	1
16133	14097	1
16134	17346	1
16137	14762	1
16138	17616	1
16139	17616	1
16140	6150	1
16141	6150	1
16143	2410	1
16144	339	1
16144	5997	1
16145	339	1
16145	5997	1
16146	4325	1
16147	4325	1
16148	11258	1
16149	11258	1
16150	17298	1
16151	17298	1
16152	1047	1
16153	1047	1
16154	8479	1
16155	8479	1
16157	12904	1
16158	11465	1
16159	11465	1
16160	18026	1
16162	12517	1
16163	12517	1
16164	12700	1
16165	12700	1
16166	15799	1
16167	15799	1
16168	11994	1
16169	11994	1
16170	13731	1
16171	13731	1
16172	16164	1
16173	16164	1
16174	364	1
16175	364	1
16176	17281	1
16177	17281	1
16178	15700	1
16179	15700	1
16181	9476	1
16182	10252	1
16183	10252	1
16184	866	1
16185	866	1
16186	16243	1
16187	16243	1
16188	5493	1
16189	5493	1
16190	10920	1
16192	976	1
16193	976	1
16195	6865	1
16196	5439	1
16197	5439	1
16198	7642	1
16199	7642	1
16200	7031	1
16203	5352	1
16203	9471	1
16204	2013	1
16205	2013	1
16207	14953	1
16210	6243	1
16211	6243	1
16212	17743	1
16213	17743	1
16214	12245	1
16215	12245	1
16216	17653	1
16217	17653	1
16218	7071	1
16219	7071	1
16220	6556	1
16221	6556	1
16222	14396	1
16223	14396	1
16224	2032	1
16225	2032	1
16226	9074	1
16228	1551	1
16229	1551	1
16231	16640	1
16232	2360	1
16233	2360	1
16235	15742	1
16237	8699	1
16238	8358	1
16239	8358	1
16241	206	1
16242	13975	1
16244	5214	1
16245	5214	1
16246	6282	1
16247	6282	1
16248	7645	1
16249	7645	1
16250	8102	1
16251	8102	1
16252	818	1
16253	818	1
16254	5223	1
16255	5223	1
16256	5892	1
16257	5892	1
16258	7391	1
16259	7391	1
16260	7214	1
16261	7214	1
16262	687	1
16263	687	1
16264	3821	1
16265	3821	1
16266	15234	1
16267	15234	1
16268	6871	1
16269	6871	1
16270	9187	1
16272	1822	1
16274	4970	1
16275	4970	1
16276	5955	1
16277	5955	1
16278	1291	1
16278	12870	1
16278	16470	1
16279	1291	1
16279	12870	1
16279	16470	1
16280	8664	1
16281	8664	1
16282	15115	1
16284	14555	1
16287	11419	1
16288	8517	1
16289	8517	1
16290	17837	1
16291	17837	1
16292	2144	1
16294	16408	1
16295	16408	1
16296	3007	1
16297	3007	1
16298	9292	1
16299	9292	1
16300	5344	1
16301	5344	1
16302	9892	1
16302	12910	1
16303	9892	1
16303	12910	1
16304	5611	1
16305	5611	1
16306	1279	1
16309	9845	1
16310	2068	1
16312	3897	1
16313	3897	1
16315	17180	1
16317	2300	1
16317	9229	1
16318	9921	1
16319	9921	1
16320	14581	1
16321	14581	1
16322	12222	1
16324	10965	1
16325	10965	1
16326	18106	1
16327	18106	1
16328	5580	1
16329	5580	1
16330	8242	1
16331	8242	1
16332	15807	1
16333	15807	1
16334	16130	1
16336	17660	1
16338	4287	1
16339	4287	1
16340	8843	1
16341	8843	1
16342	5465	1
16343	5465	1
16344	3256	1
16344	4462	1
16345	3256	1
16345	4462	1
16346	17193	1
16347	17193	1
16348	14346	1
16349	14346	1
16350	5247	1
16351	5247	1
16352	16552	1
16354	5772	1
16355	5772	1
16356	267	1
16357	267	1
16358	5989	1
16360	4097	1
16361	4097	1
16362	4166	1
16364	7621	1
16366	4257	1
16367	4257	1
16368	12627	1
16370	6075	1
16371	6075	1
16372	11334	1
16373	11334	1
16374	14617	1
16375	14617	1
16376	16104	1
16377	16104	1
16378	9945	1
16381	14040	1
16382	3389	1
16383	3389	1
16384	13520	1
16385	13520	1
16386	15961	1
16387	15961	1
16389	12599	1
16390	14154	1
16391	14154	1
16392	9412	1
16393	9412	1
16394	15909	1
16395	15909	1
16396	15948	1
16397	15948	1
16398	16946	1
16400	6740	1
16403	3479	1
16404	3206	1
16405	3206	1
16406	14631	1
16407	14631	1
16408	4460	1
16409	4460	1
16410	17106	1
16411	17106	1
16412	2760	1
16412	3181	1
16414	16837	1
16415	16837	1
16416	4242	1
16417	4242	1
16418	15271	1
16419	15271	1
16420	8111	1
16422	543	1
16423	543	1
16424	12102	1
16425	12102	1
16426	6735	1
16428	16442	1
16430	3633	1
16432	1508	1
16433	1508	1
16434	16563	1
16435	16563	1
16436	16676	1
16437	16676	1
16439	1696	1
16440	11112	1
16441	11112	1
16442	15035	1
16443	15035	1
16445	13241	1
16447	1759	1
16448	13061	1
16449	13061	1
16450	10430	1
16451	10430	1
16452	2503	1
16453	2503	1
16455	617	1
16456	4923	1
16457	4923	1
16459	17159	1
16462	15919	1
16463	15919	1
16464	13065	1
16465	13065	1
16466	2433	1
16468	9532	1
16469	9532	1
16470	4660	1
16471	4660	1
16472	17944	1
16473	17944	1
16474	1383	1
16475	1383	1
16476	230	1
16477	230	1
16478	10646	1
16479	10646	1
16480	8809	1
16481	8809	1
16482	2344	1
16483	2344	1
16484	11611	1
16484	12536	1
16485	11611	1
16485	12536	1
16487	13063	1
16488	13500	1
16489	13500	1
16491	17758	1
16492	16203	1
16493	16203	1
16495	5415	1
16496	11530	1
16497	11530	1
16498	10727	1
16499	10727	1
16500	13947	1
16501	13947	1
16502	2131	1
16505	6016	1
16507	8477	1
16508	4432	1
16509	4432	1
16510	18013	1
16511	18013	1
16515	10879	1
16516	10455	1
16517	10455	1
16519	7512	1
16520	14488	1
16521	14488	1
16523	11491	1
16525	10738	1
16526	7216	1
16527	7216	1
16529	11053	1
16530	6066	1
16531	6066	1
16532	14169	1
16533	14169	1
16534	6304	1
16536	10275	1
16537	10275	1
16540	11950	1
16541	11950	1
16542	8142	1
16543	8142	1
16544	3655	1
16545	3655	1
16546	15907	1
16547	15907	1
16548	4830	1
16549	4830	1
16550	10349	1
16551	10349	1
16552	17584	1
16553	17584	1
16554	11317	1
16555	11317	1
16556	2662	1
16557	2662	1
16559	3239	1
16560	13147	1
16561	13147	1
16562	11845	1
16563	11845	1
16564	2165	1
16565	2165	1
16566	15585	1
16567	15585	1
16568	5724	1
16569	5724	1
16570	17097	1
16571	17097	1
16572	137	1
16574	10182	1
16575	10182	1
16576	10509	1
16577	10509	1
16578	233	1
16579	233	1
16580	15157	1
16581	15157	1
16582	291	1
16583	291	1
16584	11055	1
16586	12581	1
16588	8150	1
16589	8150	1
16590	11063	1
16591	11063	1
16593	6689	1
16594	1532	1
16595	1532	1
16599	7282	1
16600	113	1
16601	113	1
16602	17856	1
16603	17856	1
16604	16153	1
16605	16153	1
16606	3261	1
16608	2106	1
16609	2106	1
16611	16762	1
16612	1823	1
16613	1823	1
16614	13239	1
16615	13239	1
16616	13677	1
16617	13677	1
16618	16188	1
16619	16188	1
16620	16818	1
16621	16818	1
16622	1461	1
16622	10108	1
16624	15134	1
16625	15134	1
16626	1900	1
16629	14537	1
16630	4345	1
16631	4345	1
16632	15353	1
16633	15353	1
16635	1056	1
16637	10968	1
16638	4119	1
16639	4119	1
16642	2929	1
16643	2929	1
16644	17707	1
16645	17707	1
16646	14900	1
16647	14900	1
16649	17353	1
16650	8501	1
16651	8501	1
16653	9904	1
16654	1127	1
16655	1127	1
16656	11064	1
16657	11064	1
16658	13267	1
16662	10575	1
16663	10575	1
16665	6950	1
16666	1967	1
16667	1967	1
16669	17380	1
16670	5281	1
16671	5281	1
16672	8861	1
16673	8861	1
16675	17804	1
16676	3650	1
16677	3650	1
16679	11853	1
16679	17552	1
16680	17099	1
16681	17099	1
16682	3250	1
16682	10498	1
16683	3250	1
16683	10498	1
16684	4647	1
16685	4647	1
16688	11174	1
16689	11174	1
16690	9194	1
16692	12468	1
16693	12468	1
16694	14888	1
16695	14888	1
16696	13188	1
16697	13188	1
16698	9370	1
16699	9370	1
16700	2329	1
16704	6330	1
16705	6330	1
16707	3888	1
16708	16766	1
16709	16766	1
16710	12321	1
16711	12321	1
16712	9846	1
16713	9846	1
16715	2175	1
16716	897	1
16717	897	1
16718	11813	1
16719	11813	1
16720	17363	1
16721	17363	1
16722	2608	1
16723	2608	1
16726	10334	1
16728	4122	1
16729	4122	1
16731	1106	1
16732	9834	1
16733	9834	1
16734	6225	1
16735	6225	1
16738	11531	1
16739	11531	1
16740	266	1
16741	266	1
16742	11763	1
16744	2245	1
16745	2245	1
16746	11725	1
16747	11725	1
16748	10984	1
16749	10984	1
16750	8369	1
16752	17852	1
16753	17852	1
16754	3457	1
16755	3457	1
16756	7343	1
16757	7343	1
16758	13775	1
16759	13775	1
16761	16653	1
16762	8555	1
16763	8555	1
16764	11515	1
16765	11515	1
16768	14601	1
16769	14601	1
16770	6690	1
16771	6690	1
16772	17973	1
16773	17973	1
16774	12983	1
16775	12983	1
16778	6916	1
16780	17144	1
16781	17144	1
16782	8063	1
16784	575	1
16785	575	1
16789	11208	1
16790	618	1
16791	618	1
16792	4364	1
16793	4364	1
16795	1404	1
16796	16271	1
16797	16271	1
16798	7636	1
16799	7636	1
16800	10829	1
16801	10829	1
16802	2695	1
16804	7379	1
16805	7379	1
16806	1311	1
16807	1311	1
16808	11837	1
16809	11837	1
16810	16618	1
16811	16618	1
16812	10781	1
16813	10781	1
16815	11879	1
16816	9621	1
16818	15945	1
16819	15945	1
16820	431	1
16821	431	1
16822	12131	1
16823	12131	1
16827	15159	1
16828	9143	1
16829	9143	1
16830	16459	1
16831	16459	1
16832	3342	1
16833	3342	1
16834	18000	1
16835	18000	1
16836	9445	1
16839	6199	1
16841	9126	1
16842	8129	1
16844	3836	1
16845	3836	1
16846	1401	1
16848	15244	1
16849	15244	1
16852	4787	1
16853	4787	1
16854	5434	1
16855	5434	1
16856	14591	1
16857	14591	1
16859	9149	1
16860	14976	1
16861	14976	1
16863	1239	1
16864	12398	1
16865	12398	1
16866	6112	1
16867	6112	1
16868	11616	1
16869	11616	1
16871	15215	1
16872	12670	1
16873	12670	1
16874	3881	1
16875	3881	1
16876	11449	1
16877	11449	1
16879	15584	1
16880	7765	1
16881	7765	1
16882	1840	1
16883	1840	1
16884	9083	1
16886	13132	1
16887	13132	1
16888	10337	1
16889	10337	1
16890	8948	1
16891	8948	1
16892	5858	1
16893	5858	1
16894	8371	1
16895	8371	1
16896	13311	1
16897	13311	1
16898	11346	1
16900	13551	1
16901	13551	1
16902	3379	1
16903	3379	1
16904	12744	1
16905	12744	1
16907	4101	1
16909	1617	1
16910	8039	1
16912	10780	1
16912	16809	1
16913	10780	1
16913	16809	1
16914	2713	1
16915	2713	1
16916	6848	1
16916	17936	1
16921	413	1
16922	1268	1
16923	1268	1
16924	8518	1
16925	8518	1
16926	15663	1
16927	15663	1
16928	3120	1
16929	3120	1
16930	325	1
16931	325	1
16932	7921	1
16933	7921	1
16936	12344	1
16937	12344	1
16940	17532	1
16941	17532	1
16943	12232	1
16944	17182	1
16945	17182	1
16946	14702	1
16947	14702	1
16948	11131	1
16949	11131	1
16950	6377	1
16951	6377	1
16952	10415	1
16955	14147	1
16957	3398	1
16958	11362	1
16959	11362	1
16961	4900	1
16962	11962	1
16964	13645	1
16965	13645	1
16966	4892	1
16969	3480	1
16970	10328	1
16971	10328	1
16972	11008	1
16973	11008	1
16974	7153	1
16975	7153	1
16978	11716	1
16980	4559	1
16980	14125	1
16982	7675	1
16983	7675	1
16984	8323	1
16985	8323	1
16986	9637	1
16987	9637	1
16988	15329	1
16989	15329	1
16990	11139	1
16991	11139	1
16992	6737	1
16992	12419	1
16993	6737	1
16993	12419	1
16994	16297	1
16995	16297	1
16996	6850	1
16999	10711	1
17000	3487	1
17001	3487	1
17002	2449	1
17003	2449	1
17005	1564	1
17006	1082	1
17007	1082	1
17008	8874	1
17010	4993	1
17011	4993	1
17012	10375	1
17013	10375	1
17014	661	1
17015	661	1
17016	301	1
17016	8900	1
17017	301	1
17017	8900	1
17019	1258	1
17020	15292	1
17021	15292	1
17022	8764	1
17023	8764	1
17024	905	1
17025	905	1
17026	3522	1
17031	8966	1
17032	11004	1
17033	11004	1
17034	11120	1
17035	11120	1
17036	13281	1
17037	13281	1
17038	13944	1
17040	5559	1
17041	5559	1
17044	6213	1
17044	17358	1
17046	6662	1
17047	6662	1
17048	3316	1
17048	9257	1
17049	3316	1
17049	9257	1
17050	2166	1
17051	2166	1
17053	13169	1
17054	14	1
17055	14	1
17056	5808	1
17057	5808	1
17058	13971	1
17059	13971	1
17060	15202	1
17061	15202	1
17064	17427	1
17065	17427	1
17066	6227	1
17068	13008	1
17069	13008	1
17070	4539	1
17071	4539	1
17072	4279	1
17073	4279	1
17075	6502	1
17076	16546	1
17077	16546	1
17078	6797	1
17080	6361	1
17081	6361	1
17082	9726	1
17083	9726	1
17086	13563	1
17088	8559	1
17089	8559	1
17090	2653	1
17091	2653	1
17092	16668	1
17093	16668	1
17094	4638	1
17095	4638	1
17096	1089	1
17097	1089	1
17098	15583	1
17099	15583	1
17100	13487	1
17102	16156	1
17103	16156	1
17104	15288	1
17105	15288	1
17107	14689	1
17109	16211	1
17111	3010	1
17114	1061	1
17115	1061	1
17116	2592	1
17118	15348	1
17119	15348	1
17123	9708	1
17124	12411	1
17125	12411	1
17126	17637	1
17127	17637	1
17128	17957	1
17129	17957	1
17130	7172	1
17131	7172	1
17132	5783	1
17134	973	1
17135	973	1
17136	4992	1
17138	3350	1
17139	3350	1
17140	12305	1
17141	12305	1
17142	9209	1
17143	9209	1
17144	13451	1
17145	13451	1
17146	11748	1
17147	11748	1
17148	746	1
17149	746	1
17150	10174	1
17150	13546	1
17151	10174	1
17151	13546	1
17152	17502	1
17153	17502	1
17154	3043	1
17155	3043	1
17156	4263	1
17157	4263	1
17158	5072	1
17159	5072	1
17160	3974	1
17161	3974	1
17162	3223	1
17163	3223	1
17164	13376	1
17165	13376	1
17167	14502	1
17168	7116	1
17169	7116	1
17170	17114	1
17171	17114	1
17172	15795	1
17173	15795	1
17174	14470	1
17175	14470	1
17176	1612	1
17177	1612	1
17178	10468	1
17179	10468	1
17180	14932	1
17182	8986	1
17183	8986	1
17184	472	1
17185	472	1
17186	9768	1
17187	9768	1
17189	13587	1
17190	14500	1
17191	14500	1
17192	6176	1
17193	6176	1
17194	14101	1
17195	14101	1
17196	2411	1
17197	2411	1
17198	13116	1
17199	13116	1
17200	8610	1
17201	8610	1
17202	9353	1
17203	9353	1
17204	9877	1
17205	9877	1
17206	4988	1
17207	4988	1
17208	17064	1
17209	17064	1
17210	3615	1
17211	3615	1
17212	193	1
17213	193	1
17214	2140	1
17215	2140	1
17216	10802	1
17217	10802	1
17218	9282	1
17219	9282	1
17220	12976	1
17222	4840	1
17223	4840	1
17224	1027	1
17224	6517	1
17224	8385	1
17225	1027	1
17225	6517	1
17225	8385	1
17226	8767	1
17227	8767	1
17229	11804	1
17230	15011	1
17231	15011	1
17232	17247	1
17233	17247	1
17234	6688	1
17235	6688	1
17236	2408	1
17237	2408	1
17238	8523	1
17240	9472	1
17242	6399	1
17243	6399	1
17244	15255	1
17245	15255	1
17246	13170	1
17246	14375	1
17248	6419	1
17249	6419	1
17250	7569	1
17251	7569	1
17252	4602	1
17254	16312	1
17256	471	1
17257	471	1
17258	9794	1
17259	9794	1
17260	4341	1
17262	4838	1
17263	4838	1
17264	13469	1
17265	13469	1
17266	578	1
17267	578	1
17268	200	1
17269	200	1
17270	2891	1
17271	2891	1
17273	9231	1
17274	5774	1
17275	5774	1
17276	17229	1
17280	13576	1
17282	14657	1
17283	14657	1
17284	13371	1
17285	13371	1
17286	17076	1
17288	17749	1
17289	17749	1
17290	4134	1
17292	16781	1
17293	16781	1
17294	8884	1
17296	9136	1
17297	9136	1
17298	9977	1
17298	13081	1
17299	9977	1
17299	13081	1
17300	8331	1
17301	8331	1
17303	6210	1
17304	4950	1
17305	4950	1
17306	7940	1
17306	11221	1
17307	7940	1
17307	11221	1
17308	690	1
17308	10147	1
17310	4220	1
17311	4220	1
17313	8825	1
17316	4223	1
17317	4223	1
17318	10934	1
17319	10934	1
17322	5656	1
17323	5656	1
17324	5070	1
17325	5070	1
17326	5458	1
17328	3291	1
17329	3291	1
17330	4514	1
17332	16328	1
17334	652	1
17335	652	1
17336	6987	1
17337	6987	1
17338	4404	1
17340	3874	1
17341	3874	1
17342	8244	1
17343	8244	1
17345	10706	1
17348	13302	1
17349	13302	1
17352	1730	1
17354	8619	1
17355	8619	1
17356	11698	1
17357	11698	1
17358	10515	1
17360	11400	1
17361	11400	1
17362	6555	1
17363	6555	1
17364	8633	1
17365	8633	1
17366	7620	1
17367	7620	1
17368	1409	1
17369	1409	1
17371	8154	1
17372	1956	1
17375	8828	1
17376	12726	1
17378	13211	1
17379	13211	1
17380	894	1
17380	1415	1
17381	894	1
17381	1415	1
17382	17214	1
17383	17214	1
17384	5889	1
17385	5889	1
17387	9248	1
17388	906	1
17389	906	1
17391	2039	1
17393	15922	1
17393	16155	1
17394	7086	1
17395	7086	1
17396	14858	1
17398	1356	1
17399	1356	1
17400	328	1
17402	8648	1
17403	8648	1
17405	488	1
17405	2711	1
17406	14803	1
17407	14803	1
17408	10224	1
17409	10224	1
17410	1766	1
17411	1766	1
17413	9276	1
17414	3891	1
17415	3891	1
17416	11825	1
17418	886	1
17419	886	1
17421	3194	1
17422	10806	1
17423	10806	1
17425	13682	1
17426	14708	1
17428	17104	1
17433	8942	1
17437	1524	1
17438	17075	1
17440	15793	1
17442	14286	1
17443	14286	1
17444	7029	1
17445	7029	1
17446	17540	1
17447	17540	1
17448	1677	1
17450	2549	1
17452	11152	1
17453	11152	1
17455	8974	1
17456	343	1
17457	343	1
17458	16124	1
17459	16124	1
17461	7370	1
17462	17204	1
17464	6287	1
17465	6287	1
17466	4337	1
17466	16955	1
17467	4337	1
17467	16955	1
17468	3442	1
17472	1558	1
17473	1558	1
17474	14469	1
17475	14469	1
17476	3547	1
17477	3547	1
17479	17453	1
17482	14675	1
17483	14675	1
17485	542	1
17487	11180	1
17488	3157	1
17489	3157	1
17490	15944	1
17491	15944	1
17493	6088	1
17494	8492	1
17495	8492	1
17497	3220	1
17498	9321	1
17499	9321	1
17501	5231	1
17502	10414	1
17503	10414	1
17505	4249	1
17506	15280	1
17507	15280	1
17508	12868	1
17511	646	1
17512	5698	1
17513	5698	1
17514	8893	1
17515	8893	1
17516	15671	1
17517	15671	1
17518	560	1
17519	560	1
17520	4904	1
17521	4904	1
17522	11437	1
17523	11437	1
17524	48	1
17527	10678	1
17528	32	1
17529	32	1
17530	8929	1
17530	11141	1
17531	8929	1
17531	11141	1
17532	2124	1
17533	2124	1
17535	11227	1
17536	7319	1
17537	7319	1
17539	15500	1
17540	8459	1
17542	7097	1
17543	7097	1
17544	8321	1
17545	8321	1
17546	8565	1
17547	8565	1
17548	8115	1
17549	8115	1
17551	3466	1
17553	8569	1
17554	4234	1
17555	4234	1
17556	6272	1
17557	6272	1
17558	1235	1
17559	1235	1
17562	457	1
17563	457	1
17564	5544	1
17565	5544	1
17567	17471	1
17568	14140	1
17570	13969	1
17571	13969	1
17572	15973	1
17575	12873	1
17576	17041	1
17578	11106	1
17579	11106	1
17581	11170	1
17582	6121	1
17584	1496	1
17585	1496	1
17587	5359	1
17588	13020	1
17589	13020	1
17590	12772	1
17591	12772	1
17592	14228	1
17593	14228	1
17594	6695	1
17595	6695	1
17596	14385	1
17597	14385	1
17598	994	1
17599	994	1
17600	15881	1
17601	15881	1
17602	5917	1
17603	5917	1
17604	3772	1
17604	9314	1
17604	16815	1
17605	3772	1
17605	9314	1
17605	16815	1
17606	4133	1
17607	4133	1
17608	17703	1
17609	17703	1
17612	8412	1
17613	8412	1
17614	2035	1
17615	2035	1
17616	525	1
17617	525	1
17618	11551	1
17619	11551	1
17621	256	1
17622	3505	1
17622	8882	1
17623	3505	1
17623	8882	1
17624	6295	1
17627	5453	1
17628	12660	1
17629	12660	1
17630	16252	1
17631	16252	1
17632	2693	1
17632	7985	1
17633	2693	1
17633	7985	1
17634	12566	1
17635	12566	1
17636	1175	1
17637	1175	1
17638	14771	1
17640	16230	1
17641	16230	1
17644	8717	1
17645	8717	1
17646	11350	1
17647	11350	1
17648	17469	1
17649	17469	1
17650	12193	1
17651	12193	1
17652	13191	1
17653	13191	1
17656	604	1
17656	10537	1
17657	604	1
17657	10537	1
17658	6558	1
17659	6558	1
17660	11703	1
17661	11703	1
17662	12098	1
17663	12098	1
17664	13040	1
17665	13040	1
17666	11175	1
17668	9767	1
17669	9767	1
17670	7289	1
17671	7289	1
17672	6018	1
17673	6018	1
17674	8419	1
17675	8419	1
17676	2610	1
17677	2610	1
17678	12826	1
17679	12826	1
17680	12556	1
17682	4753	1
17683	4753	1
17684	17885	1
17685	17885	1
17686	12302	1
17687	12302	1
17689	18012	1
17690	17054	1
17692	16028	1
17695	36	1
17696	70	1
17697	70	1
17698	4310	1
17699	4310	1
17700	13215	1
17701	13215	1
17702	4836	1
17704	14868	1
17705	14868	1
17706	13186	1
17707	13186	1
17708	13883	1
17709	13883	1
17710	16899	1
17711	16899	1
17712	3853	1
17713	3853	1
17714	13561	1
17715	13561	1
17716	16294	1
17717	16294	1
17718	2016	1
17719	2016	1
17720	17145	1
17721	17145	1
17722	1903	1
17723	1903	1
17724	8303	1
17725	8303	1
17726	15839	1
17727	15839	1
17729	11356	1
17730	4188	1
17731	4188	1
17732	5845	1
17733	5845	1
17735	7244	1
17737	17519	1
17738	10490	1
17741	13575	1
17742	314	1
17743	314	1
17744	6675	1
17746	718	1
17748	16733	1
17749	16733	1
17750	14115	1
17751	14115	1
17752	2414	1
17753	2414	1
17754	2339	1
17755	2339	1
17756	16162	1
17757	16162	1
17758	6619	1
17759	6619	1
17760	16140	1
17761	16140	1
17763	16053	1
17766	9850	1
17767	9850	1
17768	13157	1
17769	13157	1
17771	1011	1
17772	2628	1
17772	5749	1
17774	1128	1
17776	8084	1
17777	8084	1
17778	9347	1
17779	9347	1
17780	13077	1
17781	13077	1
17782	12210	1
17783	12210	1
17784	7118	1
17785	7118	1
17788	12971	1
17789	12971	1
17790	9654	1
17791	9654	1
17794	12450	1
17795	12450	1
17797	4648	1
17798	14514	1
17799	14514	1
17800	10280	1
17801	10280	1
17803	8204	1
17804	5649	1
17805	5649	1
17808	1695	1
17809	1695	1
17811	4730	1
17812	3032	1
17813	3032	1
17814	6631	1
17815	6631	1
17817	2189	1
17818	10037	1
17819	10037	1
17820	14479	1
17821	14479	1
17823	14545	1
17825	15383	1
17827	2681	1
17828	12140	1
17828	16086	1
17829	12140	1
17829	16086	1
17830	15927	1
17831	15927	1
17832	16215	1
17833	16215	1
17834	5121	1
17835	5121	1
17837	80	1
17838	222	1
17839	222	1
17840	7014	1
17842	11167	1
17844	6942	1
17845	6942	1
17846	12767	1
17847	12767	1
17848	7046	1
17849	7046	1
17850	3921	1
17850	6128	1
17852	15417	1
17853	15417	1
17854	3930	1
17855	3930	1
17857	10796	1
17858	9230	1
17859	9230	1
17860	13622	1
17861	13622	1
17862	17070	1
17864	6576	1
17865	6576	1
17866	14553	1
17868	11656	1
17869	11656	1
17872	7021	1
17873	7021	1
17874	11606	1
17875	11606	1
17876	5194	1
17879	15893	1
17880	10432	1
17881	10432	1
17882	16376	1
17884	13600	1
17886	2742	1
17887	2742	1
17889	6755	1
17892	16963	1
17893	16963	1
17894	8863	1
17895	8863	1
17896	10262	1
17897	10262	1
17898	9057	1
17899	9057	1
17901	15372	1
17902	8787	1
17904	12061	1
17905	12061	1
17906	1753	1
17907	1753	1
17908	10523	1
17909	10523	1
17912	13577	1
17913	13577	1
17916	8258	1
17917	8258	1
17920	11237	1
17921	11237	1
17922	9829	1
17923	9829	1
17925	4540	1
17926	5870	1
17927	5870	1
17928	5099	1
17929	5099	1
17930	3476	1
17931	3476	1
17932	9517	1
17933	9517	1
17935	11068	1
17936	15918	1
17938	10814	1
17939	10814	1
17940	720	1
17941	720	1
17942	13394	1
17943	13394	1
17944	7937	1
17945	7937	1
17946	4938	1
17946	15547	1
17947	4938	1
17947	15547	1
17949	12136	1
17950	9781	1
17951	9781	1
17952	8237	1
17953	8237	1
17954	15251	1
17955	15251	1
17958	7898	1
17959	7898	1
17961	13729	1
17963	7803	1
17964	1965	1
17965	1965	1
17966	12678	1
17967	12678	1
17968	8489	1
17969	8489	1
17971	12216	1
17972	10756	1
17973	10756	1
17975	5474	1
17976	5827	1
17977	5827	1
17978	47	1
17979	47	1
17980	2919	1
17981	2919	1
17982	12708	1
17983	12708	1
17984	2407	1
17985	2407	1
17986	13873	1
17986	17990	1
17988	2371	1
17989	2371	1
17992	311	1
17994	161	1
17995	161	1
17996	6536	1
17997	6536	1
17998	4824	1
17999	4824	1
18000	9092	1
18002	6258	1
18003	6258	1
18004	6660	1
18005	6660	1
18006	1204	1
18007	1204	1
18008	14507	1
18009	14507	1
18011	13475	1
18012	13702	1
18016	1194	1
18017	1194	1
18021	6335	1
18022	245	1
18022	16855	1
18023	245	1
18023	16855	1
18024	12408	1
18025	12408	1
18026	997	1
18027	997	1
18028	3364	1
18030	4676	1
18031	4676	1
18032	573	1
18033	573	1
18034	3337	1
18035	3337	1
18036	2533	1
18037	2533	1
18038	6909	1
18039	6909	1
18040	6566	1
18041	6566	1
18042	10304	1
18044	11521	1
18045	11521	1
18046	10261	1
18049	18001	1
18050	7017	1
18051	7017	1
18052	7139	1
18053	7139	1
18055	5764	1
18056	17049	1
18057	17049	1
18058	12541	1
18059	12541	1
18060	8618	1
18061	8618	1
18062	5856	1
18063	5856	1
18065	6400	1
18066	8411	1
18066	14110	1
18068	12180	1
18069	12180	1
18070	474	1
18071	474	1
18072	10752	1
18073	10752	1
18076	3201	1
18077	3201	1
18078	15658	1
18079	15658	1
18081	4656	1
18082	2037	1
18084	17718	1
18088	10063	1
18089	10063	1
18090	11275	1
18092	10634	1
18093	10634	1
18094	6699	1
18095	6699	1
18096	13595	1
18097	13595	1
18098	800	1
18099	800	1
18100	3866	1
18100	7340	1
18100	16908	1
18103	6503	1
18104	8153	1
18105	8153	1
18106	1059	1
18107	1059	1
18108	3952	1
18109	3952	1
18110	2484	1
18112	13254	1
18113	13254	1
18114	2405	1
18115	2405	1
18117	14687	1
18118	359	1
18119	359	1
18120	6168	1
18122	18122	1
18123	18122	1
18124	9331	1
18125	9331	1
18126	11689	1
18127	11689	1
18128	5250	1
18129	5250	1
18130	2576	1
18131	2576	1
18134	3503	1
18136	17626	1
18137	17626	1
18138	582	1
18140	5572	1
18141	5572	1
18142	6997	1
18143	6997	1
18144	5488	1
18145	5488	1
18147	1655	1
18148	5664	1
18149	5664	1
18150	15350	1
18152	3893	1
18153	3893	1
18154	18079	1
18155	18079	1
18156	4489	1
18157	4489	1
18158	12774	1
18159	12774	1
18160	6761	1
18163	7630	1
18164	17162	1
18165	17162	1
18166	15245	1
18167	15245	1
18168	7257	1
18170	5861	1
18171	5861	1
18172	955	1
18172	17932	1
18173	955	1
18173	17932	1
18175	7165	1
18176	2438	1
18177	2438	1
18179	7904	1
18179	14789	1
18180	3096	1
18181	3096	1
18185	4024	1
18186	16061	1
18187	16061	1
18188	3959	1
18189	3959	1
18190	15987	1
18191	15987	1
18192	17169	1
18194	3352	1
18195	3352	1
18196	1257	1
18197	1257	1
18198	10141	1
18199	10141	1
18200	17857	1
18201	17857	1
18202	15195	1
18204	15406	1
18205	15406	1
18206	2718	1
18207	2718	1
18208	5813	1
18209	5813	1
18211	8638	1
18212	1251	1
18213	1251	1
18214	11781	1
18214	17455	1
18215	11781	1
18215	17455	1
18216	5818	1
18218	2403	1
18219	2403	1
18220	7660	1
18221	7660	1
18222	10539	1
18223	10539	1
18224	10434	1
18225	10434	1
18226	5512	1
18227	5512	1
18228	2555	1
18229	2555	1
18230	4907	1
18230	11635	1
18231	4907	1
18231	11635	1
18232	17321	1
18233	17321	1
18234	7795	1
18235	7795	1
18236	16367	1
18237	16367	1
18238	10608	1
18239	10608	1
18240	5851	1
18241	5851	1
18242	10693	1
18243	10693	1
18244	2441	1
18246	16638	1
18247	16638	1
18248	17014	1
18249	17014	1
18250	11229	1
18252	8947	1
18253	8947	1
18254	12338	1
18255	12338	1
18256	15105	1
18257	15105	1
18258	2958	1
18259	2958	1
18260	13998	1
18261	13998	1
18264	11151	1
18265	11151	1
18267	15877	1
18268	9193	1
18268	14255	1
18270	3667	1
18271	3667	1
18272	14544	1
18273	14544	1
18274	1740	1
18275	1740	1
18276	13948	1
18276	14785	1
18277	13948	1
18277	14785	1
18278	3525	1
18279	3525	1
18280	15185	1
18281	15185	1
18282	4581	1
18283	4581	1
18284	11782	1
18287	3252	1
18288	17863	1
18289	17863	1
18290	10049	1
18291	10049	1
18293	17100	1
18294	5541	1
18295	5541	1
18297	3077	1
18298	12880	1
18299	12880	1
18300	2625	1
18301	2625	1
18302	1751	1
18305	2596	1
18307	8595	1
18309	15620	1
18310	941	1
18311	941	1
18312	11066	1
18313	11066	1
18314	2835	1
18315	2835	1
18316	14666	1
18317	14666	1
18318	6563	1
18319	6563	1
18320	17833	1
18321	17833	1
18322	12068	1
18323	12068	1
18324	3976	1
18325	3976	1
18326	1120	1
18327	1120	1
18329	13424	1
18330	13836	1
18331	13836	1
18332	1844	1
18334	1246	1
18335	1246	1
18336	6534	1
18338	2372	1
18339	2372	1
18340	9923	1
18342	439	1
18344	2842	1
18344	5113	1
18344	5898	1
18345	2842	1
18345	5113	1
18345	5898	1
18346	78	1
18347	78	1
18349	13499	1
18350	10020	1
18351	10020	1
18352	1643	1
18353	1643	1
18354	7970	1
18356	5626	1
18357	5626	1
18358	8436	1
18361	13477	1
18362	9557	1
18363	9557	1
18364	10035	1
18365	10035	1
18366	2225	1
18368	6701	1
18369	6701	1
18370	12366	1
18371	12366	1
18372	803	1
18373	803	1
18374	7023	1
18375	7023	1
18376	2123	1
18378	4039	1
18379	4039	1
18381	17925	1
18383	8074	1
18385	13541	1
18386	13671	1
18387	13671	1
18388	5438	1
18391	8590	1
18392	3228	1
18393	3228	1
18394	10148	1
18395	10148	1
18396	545	1
18397	545	1
18398	18032	1
18399	18032	1
18400	8291	1
18400	18003	1
18401	8291	1
18401	18003	1
18402	870	1
18404	7841	1
18405	7841	1
18406	10295	1
18407	10295	1
18408	16728	1
18409	16728	1
18410	13347	1
18412	5216	1
18413	5216	1
18414	17979	1
18415	17979	1
18417	17697	1
18418	2127	1
18419	2127	1
18420	5185	1
18421	5185	1
18422	12471	1
18422	13352	1
18423	12471	1
18423	13352	1
18424	2630	1
18424	16537	1
18425	2630	1
18425	16537	1
18426	12236	1
18428	21	1
18429	21	1
18430	16286	1
18431	16286	1
18432	1573	1
18434	9580	1
18435	9580	1
18436	1866	1
18437	1866	1
18438	5120	1
18438	17614	1
18439	5120	1
18439	17614	1
18440	17231	1
18442	2938	1
18443	2938	1
18444	14135	1
18445	14135	1
18446	15	1
18447	15	1
18448	13403	1
18449	13403	1
18450	4061	1
18452	16902	1
18453	16902	1
18454	15364	1
18455	15364	1
18457	7526	1
18459	16763	1
18461	5688	1
18463	4890	1
18464	15558	1
18465	15558	1
18466	15008	1
18467	15008	1
18468	18142	1
18469	18142	1
18470	13808	1
18471	13808	1
18472	127	1
18473	127	1
18476	6523	1
18477	6523	1
18478	3590	1
18479	3590	1
18480	1530	1
18481	1530	1
18483	17310	1
18485	3368	1
18486	15524	1
18487	15524	1
18488	12997	1
18489	12997	1
18490	4945	1
18491	4945	1
18492	3465	1
18493	3465	1
18494	16714	1
18495	16714	1
18497	16543	1
18498	13799	1
18499	13799	1
18500	9239	1
18501	9239	1
18502	1717	1
18503	1717	1
18504	3597	1
18505	3597	1
18506	16625	1
18507	16625	1
18508	3619	1
18509	3619	1
18510	9185	1
18511	9185	1
18512	4504	1
18513	4504	1
18514	3997	1
18516	7027	1
18518	1702	1
18519	1702	1
18520	10177	1
18521	10177	1
18523	16411	1
18524	10660	1
18525	10660	1
18526	13909	1
18527	13909	1
18528	1591	1
18529	1591	1
18530	14609	1
18531	14609	1
18532	8257	1
18533	8257	1
18534	540	1
18535	540	1
18536	16612	1
18537	16612	1
18538	6347	1
18539	6347	1
18540	17980	1
18541	17980	1
18542	1592	1
18543	1592	1
18545	509	1
18546	16870	1
18548	9040	1
18549	9040	1
18551	8442	1
18552	3005	1
18553	3005	1
18554	4719	1
18555	4719	1
18556	4623	1
18557	4623	1
18558	11336	1
18559	11336	1
18560	3946	1
18561	3946	1
18562	6325	1
18563	6325	1
18564	17754	1
18566	18052	1
18567	18052	1
18568	4771	1
18570	5981	1
18570	7088	1
18572	3914	1
18572	6633	1
18573	3914	1
18573	6633	1
18574	7132	1
18576	14435	1
18577	14435	1
18581	9860	1
18582	11425	1
18583	11425	1
18584	10703	1
18586	11057	1
18587	11057	1
18588	10919	1
18589	10919	1
18590	3019	1
18591	3019	1
18592	10624	1
18593	10624	1
18594	10893	1
18596	5264	1
18598	8918	1
18599	8918	1
18600	16016	1
18601	16016	1
18603	1046	1
18604	9354	1
18605	9354	1
18606	7545	1
18607	7545	1
18609	17151	1
18610	13265	1
18611	13265	1
18612	7170	1
18614	17958	1
18615	17958	1
18616	12084	1
18618	5074	1
18619	5074	1
18620	11790	1
18621	11790	1
18623	2238	1
18624	11467	1
18626	17372	1
18627	17372	1
18629	15506	1
18630	1960	1
18631	1960	1
18633	11876	1
18634	2304	1
18635	2304	1
18637	10503	1
18638	5323	1
18639	5323	1
18641	15760	1
18642	3327	1
18643	3327	1
18644	4111	1
18645	4111	1
18646	673	1
18647	673	1
18648	14978	1
18649	14978	1
18650	5687	1
18651	5687	1
18652	15045	1
18653	15045	1
18654	15555	1
18656	6440	1
18657	6440	1
18658	11951	1
18659	11951	1
18660	6589	1
18661	6589	1
18662	11157	1
18664	3227	1
18665	3227	1
18666	2458	1
18667	2458	1
18668	2409	1
18669	2409	1
18670	17592	1
18671	17592	1
18672	8231	1
18673	8231	1
18674	14239	1
18675	14239	1
18677	10707	1
18678	450	1
18680	13101	1
18680	15352	1
18681	13101	1
18681	15352	1
18682	17433	1
18683	17433	1
18684	11783	1
18686	7378	1
18687	7378	1
18688	4497	1
18689	4497	1
18690	678	1
18690	9836	1
18693	1811	1
18694	7477	1
18695	7477	1
18696	14205	1
18697	14205	1
18698	1008	1
18701	3003	1
18702	11176	1
18703	11176	1
18705	12143	1
18707	4403	1
18708	4259	1
18709	4259	1
18710	6857	1
18712	8139	1
18713	8139	1
18714	11977	1
18716	8830	1
18717	8830	1
18718	10419	1
18720	4437	1
18720	15720	1
18721	4437	1
18721	15720	1
18723	17350	1
18724	4694	1
18725	4694	1
18726	5519	1
18727	5519	1
18728	10851	1
18730	4266	1
18732	8623	1
18733	8623	1
18735	7478	1
18736	3816	1
18737	3816	1
18739	13102	1
18741	13737	1
18742	3910	1
18743	3910	1
18744	17183	1
18746	12087	1
18747	12087	1
18748	1117	1
18749	1117	1
18751	10113	1
18752	12508	1
18753	12508	1
18754	12208	1
18755	12208	1
18756	17411	1
18757	17411	1
18758	9162	1
18759	9162	1
18760	14646	1
18762	15911	1
18763	15911	1
18765	8992	1
18765	10126	1
18766	10831	1
18767	10831	1
18768	11039	1
18769	11039	1
18770	13861	1
18771	13861	1
18772	9213	1
18773	9213	1
18776	5735	1
18777	5735	1
18778	14017	1
18779	14017	1
18781	6101	1
18782	1001	1
18782	1411	1
18783	1001	1
18783	1411	1
18786	1319	1
18787	1319	1
18789	16503	1
18790	1281	1
18791	1281	1
18793	2386	1
18793	6961	1
18794	7745	1
18795	7745	1
18796	6900	1
18797	6900	1
18798	1362	1
18800	10710	1
18802	3929	1
18803	3929	1
18804	10890	1
18805	10890	1
18806	12166	1
18807	12166	1
18808	16349	1
18810	16564	1
18812	15284	1
18813	15284	1
18815	1849	1
18816	4804	1
18817	4804	1
18818	3666	1
18819	3666	1
18820	14426	1
18821	14426	1
18823	17884	1
18824	3938	1
18825	3938	1
18826	213	1
18826	6378	1
18828	11841	1
18829	11841	1
18830	11183	1
18831	11183	1
18832	9799	1
18833	9799	1
18834	3786	1
18835	3786	1
18836	5762	1
18837	5762	1
18838	837	1
18840	3548	1
18842	13263	1
18843	13263	1
18844	1805	1
18845	1805	1
18846	3335	1
18847	3335	1
18848	2025	1
18849	2025	1
18850	1873	1
18850	2877	1
18851	1873	1
18851	2877	1
18852	14608	1
18854	246	1
18855	246	1
18857	265	1
18858	12907	1
18859	12907	1
18860	7221	1
18862	11305	1
18863	11305	1
18864	1651	1
18864	16968	1
18865	1651	1
18865	16968	1
18867	1707	1
18868	9337	1
18869	9337	1
18870	13083	1
18871	13083	1
18873	551	1
18874	16081	1
18876	10385	1
18877	10385	1
18879	3810	1
18881	3845	1
18882	529	1
18883	529	1
18884	7503	1
18887	4068	1
18888	3161	1
18889	3161	1
18890	17463	1
18891	17463	1
18893	12386	1
18894	14267	1
18895	14267	1
18897	12601	1
18898	5235	1
18899	5235	1
18900	4470	1
18901	4470	1
18902	16803	1
18903	16803	1
18904	4802	1
18905	4802	1
18906	526	1
18907	526	1
18908	701	1
18909	701	1
18910	10221	1
18911	10221	1
18912	12158	1
18913	12158	1
18914	15824	1
18915	15824	1
18917	276	1
18918	907	1
18920	15340	1
18922	2855	1
18923	2855	1
18924	8521	1
18927	16739	1
18929	15439	1
18932	11675	1
18934	10462	1
18934	14579	1
18935	10462	1
18935	14579	1
18936	6934	1
18937	6934	1
18938	7273	1
18939	7273	1
18941	10681	1
18942	13616	1
18943	13616	1
18944	3273	1
18945	3273	1
18946	3801	1
18947	3801	1
18948	5931	1
18949	5931	1
18950	9881	1
18951	9881	1
18953	9145	1
18954	7443	1
18956	11074	1
18957	11074	1
18959	3939	1
18961	4557	1
18962	4171	1
18963	4171	1
18964	17359	1
18965	17359	1
18966	224	1
18967	224	1
18968	72	1
18969	72	1
18970	16677	1
18971	16677	1
18972	17571	1
18974	11832	1
18975	11832	1
18976	12822	1
18977	12822	1
18978	5365	1
18979	5365	1
18980	4614	1
18981	4614	1
18982	13038	1
18983	13038	1
18985	19	1
18986	15006	1
18987	15006	1
18989	623	1
18989	13006	1
18990	5908	1
18991	5908	1
18992	8157	1
18993	8157	1
18994	4812	1
18995	4812	1
18996	14926	1
18997	14926	1
18998	9386	1
18999	9386	1
19002	13679	1
19003	13679	1
19005	3412	1
19006	14509	1
19007	14509	1
19008	14076	1
19009	14076	1
19010	10158	1
19011	10158	1
19012	17512	1
19014	17098	1
19016	6637	1
19017	6637	1
19018	13501	1
19019	13501	1
19021	4036	1
19022	2571	1
19023	2571	1
19026	5525	1
19027	5525	1
19028	15697	1
19030	2676	1
19031	2676	1
19032	753	1
19034	5221	1
19035	5221	1
19038	14582	1
19039	14582	1
19041	15689	1
19042	14348	1
19043	14348	1
19044	1568	1
19045	1568	1
19046	13301	1
19048	7062	1
19049	7062	1
19050	10715	1
19051	10715	1
19052	17565	1
19053	17565	1
19055	16603	1
19056	203	1
19057	203	1
19058	1167	1
19058	15226	1
19059	1167	1
19059	15226	1
19060	5677	1
19062	15791	1
19063	15791	1
19064	16	1
19065	16	1
19066	6681	1
19067	6681	1
19068	1862	1
19069	1862	1
19070	15296	1
19071	15296	1
19072	7056	1
19074	7532	1
19075	7532	1
19076	11895	1
19077	11895	1
19078	11285	1
19079	11285	1
19080	12787	1
19081	12787	1
19083	17473	1
19084	12219	1
19085	12219	1
19087	14337	1
19088	10451	1
19089	10451	1
19091	14768	1
19092	7425	1
19094	7305	1
19095	7305	1
19096	7777	1
19097	7777	1
19098	9854	1
19100	16609	1
19101	16609	1
19102	2350	1
19103	2350	1
19108	13756	1
19109	13756	1
19110	12705	1
19111	12705	1
19113	4751	1
19114	7113	1
19115	7113	1
19116	16850	1
19118	3660	1
19119	3660	1
19120	9348	1
19121	9348	1
19122	4850	1
19123	4850	1
19124	10119	1
19125	10119	1
19126	14694	1
19127	14694	1
19128	14250	1
19129	14250	1
19130	6881	1
19131	6881	1
19132	5799	1
19133	5799	1
19135	17113	1
19137	9511	1
19138	862	1
19139	862	1
19142	3788	1
19144	8509	1
19145	8509	1
19146	2042	1
19146	10586	1
19146	17814	1
19147	2042	1
19147	10586	1
19147	17814	1
19148	8919	1
19149	8919	1
19150	15090	1
19152	1192	1
19154	9437	1
19155	9437	1
19156	11441	1
19158	17110	1
19159	17110	1
19160	15094	1
19161	15094	1
19162	6851	1
19163	6851	1
19164	7682	1
19165	7682	1
19166	1984	1
19167	1984	1
19168	2998	1
19169	2998	1
19173	16003	1
19176	9924	1
19176	14124	1
19177	9924	1
19177	14124	1
19178	2777	1
19179	2777	1
19180	13982	1
19181	13982	1
19182	16139	1
19183	16139	1
19185	4356	1
19186	16001	1
19187	16001	1
19188	1898	1
19190	4796	1
19190	11117	1
19191	4796	1
19191	11117	1
19192	7490	1
19193	7490	1
19194	7386	1
19196	16989	1
19197	16989	1
19198	17320	1
19199	17320	1
19200	14577	1
19201	14577	1
19202	13937	1
19204	17803	1
19205	17803	1
19207	15913	1
19208	2570	1
19208	16398	1
19209	2570	1
19209	16398	1
19210	2120	1
19212	15559	1
19213	15559	1
19214	5913	1
19217	12449	1
19218	10525	1
19220	2005	1
19222	15346	1
19223	15346	1
19224	17625	1
19225	17625	1
19226	1741	1
19227	1741	1
19229	9578	1
19230	900	1
19232	11271	1
19233	11271	1
19235	13448	1
19236	898	1
19237	898	1
19238	17785	1
19239	17785	1
19240	15388	1
19241	15388	1
19242	15622	1
19243	15622	1
19244	15009	1
19245	15009	1
19246	10081	1
19247	10081	1
19248	6531	1
19250	169	1
19251	169	1
19252	4507	1
19254	17832	1
19257	7254	1
19258	953	1
19259	953	1
19260	7332	1
19261	7332	1
19262	3625	1
19263	3625	1
19264	7474	1
19265	7474	1
19266	11213	1
19267	11213	1
19268	2198	1
19269	2198	1
19270	6700	1
19272	4156	1
19272	17186	1
19273	4156	1
19273	17186	1
19274	6412	1
19275	6412	1
19276	13931	1
19277	13931	1
19278	11297	1
19279	11297	1
19280	8989	1
19281	8989	1
19282	13641	1
19283	13641	1
19284	3980	1
19285	3980	1
19286	11327	1
19287	11327	1
19288	13210	1
19289	13210	1
19290	170	1
19290	6436	1
19290	8805	1
19291	170	1
19291	6436	1
19291	8805	1
19292	17963	1
19293	17963	1
19296	11092	1
19297	11092	1
19298	13176	1
19299	13176	1
19300	16693	1
19302	13217	1
19303	13217	1
19304	13388	1
19305	13388	1
19307	10056	1
19308	7255	1
19311	10896	1
19312	8065	1
19313	8065	1
19314	1155	1
19315	1155	1
19317	12790	1
19319	9330	1
19320	5477	1
19321	5477	1
19322	9203	1
19323	9203	1
19324	3336	1
19325	3336	1
19326	11306	1
19327	11306	1
19328	3053	1
19329	3053	1
19330	7982	1
19331	7982	1
19332	9752	1
19334	16779	1
19335	16779	1
19336	8388	1
19337	8388	1
19338	8486	1
19339	8486	1
19340	5926	1
19341	5926	1
19342	0	1
19343	0	1
19344	15495	1
19345	15495	1
19346	16372	1
19347	16372	1
19348	16575	1
19349	16575	1
19350	4275	1
19351	4275	1
19352	11692	1
19353	11692	1
19354	15095	1
19355	15095	1
19356	11806	1
19357	11806	1
19358	10458	1
19359	10458	1
19360	3280	1
19361	3280	1
19362	17487	1
19363	17487	1
19364	3534	1
19365	3534	1
19366	13498	1
19367	13498	1
19368	1888	1
19369	1888	1
19371	17057	1
19372	5962	1
19374	6711	1
19375	6711	1
19376	4816	1
19377	4816	1
19378	11472	1
19379	11472	1
19381	1430	1
19383	8920	1
19384	5722	1
19386	12476	1
19387	12476	1
19388	9094	1
19389	9094	1
19390	1414	1
19391	1414	1
19392	16715	1
19393	16715	1
19394	16993	1
19396	3983	1
19397	3983	1
19398	2474	1
19399	2474	1
19400	15852	1
19401	15852	1
19402	16105	1
19404	1821	1
19406	11376	1
19407	11376	1
19408	15669	1
19409	15669	1
19411	3452	1
19412	11387	1
19413	11387	1
19414	12885	1
19415	12885	1
19417	5685	1
19418	17019	1
19419	17019	1
19421	2202	1
19423	15077	1
19424	14569	1
19425	14569	1
19426	12974	1
19427	12974	1
19428	1391	1
19431	6374	1
19432	9396	1
19433	9396	1
19434	10708	1
19435	10708	1
19436	15108	1
19437	15108	1
19438	12092	1
19439	12092	1
19440	6495	1
19440	13397	1
19441	6495	1
19441	13397	1
19442	17376	1
19443	17376	1
19444	1949	1
19445	1949	1
19446	11829	1
19447	11829	1
19448	8066	1
19449	8066	1
19451	7015	1
19452	13336	1
19453	13336	1
19454	4954	1
19454	8953	1
19455	4954	1
19455	8953	1
19456	4443	1
19458	774	1
19460	10964	1
19461	10964	1
19462	5167	1
19463	5167	1
19464	3255	1
19464	15651	1
19465	3255	1
19465	15651	1
19466	4052	1
19467	4052	1
19469	3578	1
19470	2984	1
19472	14559	1
19473	14559	1
19474	2830	1
19474	16690	1
19475	2830	1
19475	16690	1
19476	3141	1
19478	7103	1
19478	9053	1
19479	7103	1
19479	9053	1
19480	7292	1
19481	7292	1
19482	500	1
19482	940	1
19483	500	1
19483	940	1
19484	15574	1
19485	15574	1
19486	12630	1
19487	12630	1
19489	10332	1
19490	15641	1
19491	15641	1
19493	15214	1
19494	17556	1
19495	17556	1
19496	3116	1
19497	3116	1
19498	16928	1
19500	16163	1
19502	860	1
19504	12928	1
19506	17343	1
19507	17343	1
19509	13694	1
19511	9161	1
19512	1506	1
19513	1506	1
19514	14409	1
19515	14409	1
19516	9581	1
19517	9581	1
19518	13401	1
19520	6155	1
19521	6155	1
19522	392	1
19523	392	1
19524	6980	1
19527	11887	1
19527	14251	1
19528	4823	1
19529	4823	1
19530	1579	1
19532	1521	1
19533	1521	1
19534	6572	1
19535	6572	1
19536	3699	1
19537	3699	1
19538	5590	1
19539	5590	1
19540	698	1
19540	7699	1
19541	698	1
19541	7699	1
19543	15908	1
19544	715	1
19545	715	1
19547	2732	1
19548	13095	1
19550	15870	1
19551	15870	1
19552	7849	1
19553	7849	1
19554	15365	1
19556	4551	1
19557	4551	1
19558	14351	1
19559	14351	1
19561	11133	1
19563	13898	1
19564	2113	1
19565	2113	1
19566	3198	1
19567	3198	1
19568	3901	1
19569	3901	1
19570	16088	1
19571	16088	1
19572	17976	1
19573	17976	1
19574	15268	1
19575	15268	1
19576	2632	1
19578	12784	1
19579	12784	1
19580	15504	1
19585	16098	1
19586	6203	1
19587	6203	1
19588	574	1
19589	574	1
19590	11032	1
19591	11032	1
19592	5905	1
19593	5905	1
19594	14979	1
19595	14979	1
19596	10282	1
19597	10282	1
19598	12397	1
19599	12397	1
19600	15472	1
19602	92	1
19605	8272	1
19607	15517	1
19607	17890	1
19608	1427	1
19608	11421	1
19608	16082	1
19610	6429	1
19610	12293	1
19612	14296	1
19613	14296	1
19614	11143	1
19615	11143	1
19617	468	1
19617	11461	1
19618	12209	1
19619	12209	1
19620	12612	1
19621	12612	1
19622	2582	1
19623	2582	1
19624	6990	1
19625	6990	1
19626	3877	1
19627	3877	1
19628	12878	1
19629	12878	1
19630	10723	1
19631	10723	1
19632	14576	1
19633	14576	1
19634	9243	1
19635	9243	1
19636	7511	1
19638	791	1
19639	791	1
19641	2860	1
19642	15780	1
19643	15780	1
19644	3830	1
19644	5552	1
19644	9402	1
19645	3830	1
19645	5552	1
19645	9402	1
19646	12044	1
19647	12044	1
19648	1742	1
19649	1742	1
19651	7546	1
19652	7753	1
19653	7753	1
19654	12029	1
19655	12029	1
19656	299	1
19656	11774	1
19657	299	1
19657	11774	1
19659	8462	1
19660	1732	1
19661	1732	1
19662	13480	1
19663	13480	1
19664	14484	1
19665	14484	1
19667	7829	1
19668	15415	1
19670	12433	1
19671	12433	1
19673	13581	1
19674	456	1
19675	456	1
19677	3724	1
19678	6658	1
19679	6658	1
19680	9587	1
19681	9587	1
19682	2600	1
19684	4198	1
19686	5271	1
19687	5271	1
19688	950	1
19689	950	1
19690	13482	1
19690	16118	1
19691	13482	1
19691	16118	1
19692	5643	1
19692	6309	1
19693	5643	1
19693	6309	1
19694	16045	1
19695	16045	1
19696	12405	1
19697	12405	1
19698	14574	1
19699	14574	1
19700	1384	1
19701	1384	1
19702	13634	1
19703	13634	1
19704	7180	1
19705	7180	1
19706	11503	1
19707	11503	1
19709	6489	1
19709	6628	1
19710	4977	1
19711	4977	1
19712	10402	1
19713	10402	1
19714	6598	1
19715	6598	1
19716	14100	1
19717	14100	1
19718	1991	1
19719	1991	1
19720	2354	1
19721	2354	1
19724	9377	1
19725	9377	1
19726	5463	1
19726	11360	1
19727	5463	1
19727	11360	1
19728	2280	1
19729	2280	1
19730	2580	1
19731	2580	1
19732	8885	1
19733	8885	1
19734	11257	1
19735	11257	1
19737	5966	1
19738	3215	1
19739	3215	1
19740	2698	1
19742	10820	1
19743	10820	1
19744	10350	1
19745	10350	1
19746	9623	1
19748	7664	1
19749	7664	1
19750	15464	1
19751	15464	1
19752	1561	1
19754	8278	1
19755	8278	1
19756	2942	1
19757	2942	1
19759	6105	1
19760	4120	1
19761	4120	1
19762	8250	1
19763	8250	1
19764	5819	1
19765	5819	1
19766	10983	1
19767	10983	1
19768	3203	1
19770	10986	1
19771	10986	1
19772	7788	1
19773	7788	1
19776	7278	1
19777	7278	1
19780	7713	1
19781	7713	1
19782	13522	1
19783	13522	1
19784	15124	1
19785	15124	1
19786	16776	1
19787	16776	1
19788	8050	1
19789	8050	1
19790	2905	1
19790	7363	1
19791	2905	1
19791	7363	1
19793	10917	1
19796	9835	1
19797	9835	1
19798	17280	1
19799	17280	1
19801	3330	1
19803	11468	1
19805	6626	1
19806	16718	1
19807	16718	1
19808	7754	1
19809	7754	1
19810	15184	1
19811	15184	1
19812	3144	1
19813	3144	1
19814	9423	1
19816	4094	1
19819	14188	1
19820	10327	1
19821	10327	1
19822	9741	1
19823	9741	1
19824	13630	1
19825	13630	1
19826	4022	1
19827	4022	1
19828	2486	1
19829	2486	1
19830	17235	1
19831	17235	1
19834	1801	1
19834	17004	1
19835	1801	1
19835	17004	1
19837	12537	1
19838	3924	1
19839	3924	1
19840	4885	1
19841	4885	1
19842	2117	1
19843	2117	1
19844	10103	1
19845	10103	1
19846	13017	1
19847	13017	1
19849	14493	1
19851	14309	1
19852	10092	1
19853	10092	1
19854	12272	1
19855	12272	1
19856	2649	1
19858	8661	1
19859	8661	1
19860	3290	1
19861	3290	1
19862	6666	1
19864	17347	1
19865	17347	1
19866	4849	1
19867	4849	1
19868	15679	1
19869	15679	1
19870	4336	1
19872	5298	1
19873	5298	1
19874	14615	1
19875	14615	1
19876	9687	1
19878	6348	1
19879	6348	1
19880	918	1
19880	16195	1
19881	918	1
19881	16195	1
19882	6091	1
19883	6091	1
19884	11071	1
19885	11071	1
19887	11169	1
19888	11264	1
19889	11264	1
19891	9679	1
19892	7009	1
19892	9915	1
19893	7009	1
19893	9915	1
19894	11200	1
19895	11200	1
19896	12754	1
19897	12754	1
19898	16680	1
19900	13543	1
19901	13543	1
19902	6020	1
19903	6020	1
19904	12453	1
19905	12453	1
19906	2231	1
19907	2231	1
19908	16821	1
19911	7918	1
19912	5531	1
19913	5531	1
19914	3370	1
19915	3370	1
19917	12345	1
19919	4034	1
19920	2858	1
19921	2858	1
19922	14866	1
19923	14866	1
19924	2133	1
19925	2133	1
19926	12977	1
19927	12977	1
19928	384	1
19929	384	1
19930	8103	1
19931	8103	1
19932	3905	1
19933	3905	1
19935	3781	1
19936	6843	1
19937	6843	1
19938	16396	1
19940	1597	1
19941	1597	1
19942	412	1
19943	412	1
19944	5654	1
19945	5654	1
19946	4519	1
19947	4519	1
19948	7049	1
19949	7049	1
19950	12104	1
19951	12104	1
19953	15048	1
19955	2916	1
19956	6903	1
19958	14229	1
19959	14229	1
19961	6493	1
19962	6248	1
19963	6248	1
19965	9840	1
19967	8814	1
19968	6641	1
19969	6641	1
19970	391	1
19971	391	1
19972	11704	1
19973	11704	1
19975	12024	1
19976	8062	1
19977	8062	1
19978	4964	1
19978	13578	1
19979	4964	1
19979	13578	1
19980	1186	1
19983	8070	1
19984	6047	1
19985	6047	1
19986	2370	1
19987	2370	1
19988	13064	1
19990	12828	1
19991	12828	1
19992	11546	1
19995	17583	1
19996	4731	1
19997	4731	1
19998	11125	1
19999	11125	1
20000	1484	1
20002	3470	1
20003	3470	1
20004	775	1
20005	775	1
20006	6606	1
20006	13875	1
20007	6606	1
20007	13875	1
20009	6437	1
20009	9144	1
20010	15731	1
20011	15731	1
20012	6876	1
20014	12320	1
20015	12320	1
20016	15676	1
20019	13098	1
20020	15753	1
20021	15753	1
20023	12621	1
20024	5967	1
20027	8676	1
20028	550	1
20029	550	1
20030	13456	1
20032	16303	1
20033	16303	1
20034	16383	1
20035	16383	1
20036	11541	1
20037	11541	1
20038	2177	1
20039	2177	1
20040	11708	1
20041	11708	1
20042	17368	1
20043	17368	1
20045	8961	1
20045	11585	1
20046	11040	1
20050	8598	1
20051	8598	1
20052	16392	1
20053	16392	1
20054	17060	1
20055	17060	1
20056	10179	1
20057	10179	1
20058	8078	1
20059	8078	1
20060	16212	1
20062	993	1
20063	993	1
20064	12527	1
20068	972	1
20069	972	1
20070	2207	1
20071	2207	1
20072	11544	1
20073	11544	1
20074	3648	1
20076	1479	1
20077	1479	1
20078	3819	1
20079	3819	1
20080	3823	1
20081	3823	1
20082	4556	1
20083	4556	1
20084	2883	1
20085	2883	1
20086	4435	1
20087	4435	1
20088	4167	1
20088	13329	1
20089	4167	1
20089	13329	1
20090	9334	1
20091	9334	1
20093	8675	1
20094	9012	1
20096	4665	1
20097	4665	1
20098	11671	1
20099	11671	1
20100	8500	1
20101	8500	1
20103	558	1
20105	670	1
20105	15343	1
20106	6878	1
20107	6878	1
20108	15058	1
20109	15058	1
20110	15778	1
20111	15778	1
20112	8968	1
20113	8968	1
20115	6130	1
20115	7359	1
20115	9384	1
20116	5155	1
20118	13876	1
20119	13876	1
20122	10303	1
20123	10303	1
20124	2788	1
20125	2788	1
20127	3084	1
20128	2691	1
20130	338	1
20131	338	1
20132	13468	1
20133	13468	1
20134	10567	1
20135	10567	1
20136	4107	1
20137	4107	1
20139	2164	1
20140	9232	1
20141	9232	1
20142	17664	1
20144	7194	1
20145	7194	1
20147	7528	1
20148	12554	1
20150	14350	1
20151	14350	1
20153	17262	1
20154	7306	1
20155	7306	1
20157	16424	1
20159	9672	1
20160	12041	1
20160	16181	1
20161	12041	1
20161	16181	1
20163	5416	1
20164	14384	1
20166	10536	1
20167	10536	1
20168	17655	1
20171	3656	1
20173	6583	1
20174	386	1
20175	386	1
20177	15074	1
20178	4645	1
20180	6895	1
20182	3506	1
20183	3506	1
20184	12318	1
20185	12318	1
20186	1537	1
20187	1537	1
20188	14434	1
20189	14434	1
20190	9994	1
20191	9994	1
20192	14864	1
20193	14864	1
20194	2012	1
20195	2012	1
20198	16845	1
20199	16845	1
20200	17385	1
20201	17385	1
20202	7978	1
20203	7978	1
20204	14069	1
20205	14069	1
20206	2448	1
20207	2448	1
20208	18133	1
20209	18133	1
20210	4798	1
20212	9531	1
20215	4232	1
20218	2290	1
20220	6115	1
20221	6115	1
20222	2511	1
20223	2511	1
20224	1606	1
20225	1606	1
20227	12049	1
20228	4939	1
20229	4939	1
20230	14027	1
20231	14027	1
20232	3594	1
20233	3594	1
20234	17899	1
20235	17899	1
20236	6270	1
20237	6270	1
20238	14354	1
20239	14354	1
20240	10069	1
20241	10069	1
20242	9820	1
20243	9820	1
20245	15096	1
20248	17395	1
20249	17395	1
20250	7404	1
20251	7404	1
20252	18161	1
20252	18169	1
20253	18161	1
20253	18169	1
20254	63	1
20256	14533	1
20257	14533	1
20258	16413	1
20259	16413	1
20261	5754	1
20262	2963	1
20263	2963	1
20264	6076	1
20265	6076	1
20266	11396	1
20267	11396	1
20268	2692	1
20269	2692	1
20270	1963	1
20271	1963	1
20273	15483	1
20275	9986	1
20276	3462	1
20277	3462	1
20278	8091	1
20279	8091	1
20280	5161	1
20281	5161	1
20282	15823	1
20283	15823	1
20285	13122	1
20286	17026	1
20287	17026	1
20288	7360	1
20289	7360	1
20290	14892	1
20294	13127	1
20295	13127	1
20297	18050	1
20298	4925	1
20300	7195	1
20300	11877	1
20301	7195	1
20301	11877	1
20303	6421	1
20304	7854	1
20305	7854	1
20307	5930	1
20309	17791	1
20310	11028	1
20311	11028	1
20312	6427	1
20313	6427	1
20314	16196	1
20315	16196	1
20316	11038	1
20317	11038	1
20318	10320	1
20319	10320	1
20322	14792	1
20323	14792	1
20324	5139	1
20325	5139	1
20327	10169	1
20328	16160	1
20330	12327	1
20331	12327	1
20332	6275	1
20333	6275	1
20334	15266	1
20335	15266	1
20337	10900	1
20339	3647	1
20343	5877	1
20346	13650	1
20347	13650	1
20348	1586	1
20350	9694	1
20351	9694	1
20353	2912	1
20354	12727	1
20355	12727	1
20356	524	1
20357	524	1
20358	12900	1
20358	14769	1
20359	12900	1
20359	14769	1
20360	12835	1
20363	7580	1
20364	12192	1
20365	12192	1
20366	4155	1
20367	4155	1
20369	9226	1
20371	17736	1
20373	16021	1
20374	2888	1
20374	10771	1
20375	2888	1
20375	10771	1
20376	17494	1
20379	6861	1
20381	6	1
20382	17225	1
20384	9122	1
20385	9122	1
20386	15309	1
20387	15309	1
20388	8001	1
20389	8001	1
20391	1795	1
20393	428	1
20394	14876	1
20395	14876	1
20397	10368	1
20398	8527	1
20399	8527	1
20400	2018	1
20401	2018	1
20402	12032	1
20403	12032	1
20404	17022	1
20405	17022	1
20406	9004	1
20407	9004	1
20408	14832	1
20409	14832	1
20410	4996	1
20412	4788	1
20413	4788	1
20414	13525	1
20415	13525	1
20416	12079	1
20417	12079	1
20419	1504	1
20420	2684	1
20421	2684	1
20422	13601	1
20423	13601	1
20427	17348	1
20428	6687	1
20429	6687	1
20430	10652	1
20431	10652	1
20432	12949	1
20433	12949	1
20434	12604	1
20435	12604	1
20436	15860	1
20438	13377	1
20439	13377	1
20440	18104	1
20441	18104	1
20442	12982	1
20444	3949	1
20446	388	1
20447	388	1
20448	9912	1
20450	7846	1
20450	14566	1
20451	7846	1
20451	14566	1
20453	759	1
20454	2752	1
20454	14376	1
20454	15887	1
20455	2752	1
20455	14376	1
20455	15887	1
20456	11215	1
20457	11215	1
20458	5198	1
20459	5198	1
20460	1209	1
20461	1209	1
20462	14030	1
20463	14030	1
20465	11833	1
20467	6265	1
20468	17855	1
20469	17855	1
20470	8176	1
20471	8176	1
20472	2110	1
20473	2110	1
20474	8034	1
20475	8034	1
20476	10603	1
20478	16577	1
20479	16577	1
20481	10324	1
20482	4379	1
20483	4379	1
20484	7552	1
20485	7552	1
20486	12550	1
20487	12550	1
20488	3875	1
20488	16907	1
20489	3875	1
20489	16907	1
20490	17073	1
20491	17073	1
20492	4081	1
20493	4081	1
20495	16091	1
20496	11854	1
20497	11854	1
20498	15122	1
20499	15122	1
20501	1113	1
20502	10877	1
20504	17711	1
20505	17711	1
20506	13739	1
20507	13739	1
20508	15609	1
20509	15609	1
20510	14353	1
20511	14353	1
20512	12559	1
20513	12559	1
20514	13789	1
20515	13789	1
20516	14709	1
20519	11086	1
20520	14263	1
20522	13358	1
20523	13358	1
20525	15370	1
20526	7871	1
20527	7871	1
20531	5897	1
20532	14919	1
20533	14919	1
20534	2690	1
20535	2690	1
20536	15130	1
20537	15130	1
20538	4640	1
20539	4640	1
20540	16787	1
20541	16787	1
20542	11984	1
20543	11984	1
20544	14897	1
20545	14897	1
20546	13560	1
20547	13560	1
20548	3540	1
20549	3540	1
20550	6932	1
20552	1939	1
20553	1939	1
20554	18069	1
20555	18069	1
20556	9452	1
20557	9452	1
20558	17784	1
20559	17784	1
20560	15025	1
20561	15025	1
20563	9477	1
20566	9791	1
20568	8506	1
20569	8506	1
20571	15224	1
20572	13120	1
20573	13120	1
20575	7148	1
20576	12265	1
20577	12265	1
20579	7966	1
20580	9807	1
20581	9807	1
20582	6638	1
20585	142	1
20586	9983	1
20587	9983	1
20589	12043	1
20590	7311	1
20592	822	1
20593	822	1
20596	7535	1
20597	7535	1
20598	4929	1
20599	4929	1
20600	934	1
20601	934	1
20603	15958	1
20604	10032	1
20605	10032	1
20606	17373	1
20607	17373	1
20608	17011	1
20609	17011	1
20611	8301	1
20612	13287	1
20613	13287	1
20614	2804	1
20615	2804	1
20616	17886	1
20618	5354	1
20618	13497	1
20619	5354	1
20619	13497	1
20620	17092	1
20622	5765	1
20622	11513	1
20623	5765	1
20623	11513	1
20625	6546	1
20626	1756	1
20627	1756	1
20628	7449	1
20629	7449	1
20631	5384	1
20632	11422	1
20633	11422	1
20634	3524	1
20635	3524	1
20637	11731	1
20638	15307	1
20639	15307	1
20642	4087	1
20643	4087	1
20645	15988	1
20648	13670	1
20649	13670	1
20650	15773	1
20651	15773	1
20652	3740	1
20653	3740	1
20654	538	1
20655	538	1
20656	11390	1
20657	11390	1
20658	10220	1
20661	15164	1
20662	2002	1
20663	2002	1
20664	7147	1
20665	7147	1
20666	10297	1
20667	10297	1
20669	1387	1
20670	2021	1
20671	2021	1
20672	12437	1
20673	12437	1
20674	14823	1
20675	14823	1
20677	8571	1
20678	393	1
20680	16805	1
20681	16805	1
20682	16334	1
20684	3537	1
20685	3537	1
20686	4779	1
20687	4779	1
20688	8300	1
20689	8300	1
20690	3857	1
20691	3857	1
20693	4754	1
20694	7930	1
20695	7930	1
20696	15137	1
20697	15137	1
20698	12666	1
20700	3471	1
20701	3471	1
20703	15966	1
20704	5324	1
20705	5324	1
20706	16961	1
20708	5614	1
20709	5614	1
20711	9448	1
20712	12202	1
20713	12202	1
20714	4362	1
20716	16538	1
20718	11597	1
20719	11597	1
20720	8909	1
20721	8909	1
20722	14950	1
20723	14950	1
20724	419	1
20726	6319	1
20727	6319	1
20728	14142	1
20729	14142	1
20730	16743	1
20731	16743	1
20732	3895	1
20735	6796	1
20737	12390	1
20738	17068	1
20739	17068	1
20741	18074	1
20742	7768	1
20743	7768	1
20744	16926	1
20745	16926	1
20748	6669	1
20750	2464	1
20750	6193	1
20751	2464	1
20751	6193	1
20752	16361	1
20753	16361	1
20754	16179	1
20755	16179	1
20757	6821	1
20758	12544	1
20759	12544	1
20761	13197	1
20762	793	1
20764	9172	1
20765	9172	1
20766	3563	1
20768	16366	1
20769	16366	1
20770	11909	1
20771	11909	1
20772	9409	1
20773	9409	1
20774	15906	1
20775	15906	1
20776	5368	1
20777	5368	1
20778	6864	1
20779	6864	1
20780	8330	1
20781	8330	1
20782	4583	1
20784	13534	1
20785	13534	1
20786	15905	1
20787	15905	1
20788	3586	1
20789	3586	1
20790	4019	1
20791	4019	1
20793	2230	1
20794	7591	1
20795	7591	1
20796	3390	1
20797	3390	1
20798	3553	1
20799	3553	1
20800	14931	1
20801	14931	1
20802	4195	1
20804	3784	1
20807	4168	1
20809	9075	1
20809	14393	1
20810	2786	1
20810	17127	1
20810	17505	1
20811	2786	1
20811	17127	1
20811	17505	1
20812	11211	1
20813	11211	1
20815	11447	1
20816	11649	1
20817	11649	1
20818	4772	1
20819	4772	1
20820	9200	1
20821	9200	1
20822	1071	1
20823	1071	1
20824	11999	1
20825	11999	1
20826	3059	1
20827	3059	1
20828	16555	1
20829	16555	1
20830	17079	1
20831	17079	1
20832	4323	1
20833	4323	1
20834	9418	1
20835	9418	1
20836	8239	1
20837	8239	1
20838	12037	1
20839	12037	1
20840	6877	1
20841	6877	1
20843	14052	1
20844	8981	1
20845	8981	1
20846	10713	1
20847	10713	1
20848	7199	1
20850	9591	1
20851	9591	1
20852	16512	1
20853	16512	1
20855	5653	1
20856	1134	1
20857	1134	1
20858	10050	1
20859	10050	1
20860	12585	1
20861	12585	1
20864	16064	1
20865	16064	1
20866	10570	1
20867	10570	1
20868	659	1
20869	659	1
20870	9164	1
20871	9164	1
20872	6726	1
20873	6726	1
20874	2045	1
20876	11607	1
20878	14331	1
20879	14331	1
20880	6506	1
20883	14726	1
20884	1100	1
20885	1100	1
20887	4691	1
20888	13620	1
20890	8224	1
20891	8224	1
20892	10832	1
20893	10832	1
20894	4658	1
20895	4658	1
20896	5393	1
20897	5393	1
20898	1585	1
20899	1585	1
20900	17617	1
20901	17617	1
20902	9887	1
20904	6746	1
20904	8145	1
20905	6746	1
20905	8145	1
20906	15002	1
20907	15002	1
20908	808	1
20909	808	1
20910	865	1
20911	865	1
20913	1694	1
20915	12993	1
20918	14060	1
20920	17045	1
20922	11769	1
20923	11769	1
20924	17846	1
20926	11506	1
20927	11506	1
20928	3882	1
20929	3882	1
20930	522	1
20931	522	1
20932	7920	1
20933	7920	1
20934	2389	1
20934	12829	1
20936	6929	1
20937	6929	1
20938	14885	1
20939	14885	1
20940	11238	1
20941	11238	1
20942	9772	1
20946	3332	1
20947	3332	1
20948	10	1
20949	10	1
20951	15402	1
20954	5319	1
20954	15540	1
20955	5319	1
20955	15540	1
20956	14836	1
20957	14836	1
20958	10508	1
20959	10508	1
20960	6486	1
20961	6486	1
20962	11819	1
20963	11819	1
20964	17564	1
20965	17564	1
20967	15926	1
20968	6936	1
20969	6936	1
20970	1545	1
20971	1545	1
20972	2941	1
20973	2941	1
20975	6266	1
20978	5414	1
20979	5414	1
20980	13467	1
20981	13467	1
20982	8867	1
20983	8867	1
20986	13618	1
20987	13618	1
20988	9041	1
20989	9041	1
20990	7558	1
20991	7558	1
20992	16342	1
20993	16342	1
20994	754	1
20995	754	1
20996	8771	1
20997	8771	1
20998	12775	1
21000	15786	1
21001	15786	1
21002	1131	1
21003	1131	1
21004	17606	1
21005	17606	1
21006	183	1
21008	12296	1
21009	12296	1
21010	15015	1
21011	15015	1
21012	7039	1
21013	7039	1
21014	9240	1
21015	9240	1
21016	3883	1
21017	3883	1
21018	590	1
21021	9735	1
21022	2206	1
21023	2206	1
21024	8218	1
21025	8218	1
21026	9800	1
21027	9800	1
21029	11590	1
21031	10504	1
21032	6380	1
21033	6380	1
21035	103	1
21037	15862	1
21038	13941	1
21041	1779	1
21041	3931	1
21041	4713	1
21042	6607	1
21043	6607	1
21044	16310	1
21045	16310	1
21046	15067	1
21047	15067	1
21048	5948	1
21049	5948	1
21050	15914	1
21051	15914	1
21052	5545	1
21053	5545	1
21054	1068	1
21054	7096	1
21054	18060	1
21055	1068	1
21055	7096	1
21055	18060	1
21056	13582	1
21057	13582	1
21058	13888	1
21059	13888	1
21061	1940	1
21063	400	1
21065	5745	1
21067	4105	1
21068	4174	1
21069	4174	1
21071	10200	1
21073	7905	1
21074	17730	1
21075	17730	1
21076	4124	1
21077	4124	1
21078	1009	1
21079	1009	1
21080	2903	1
21081	2903	1
21082	16218	1
21083	16218	1
21084	12667	1
21086	5599	1
21087	5599	1
21088	11760	1
21090	16658	1
21091	16658	1
21092	6706	1
21093	6706	1
21096	7814	1
21097	7814	1
21098	9916	1
21099	9916	1
21101	2078	1
21102	1499	1
21102	3839	1
21103	1499	1
21103	3839	1
21104	4284	1
21105	4284	1
21106	9722	1
21108	1687	1
21109	1687	1
21110	10082	1
21111	10082	1
21112	441	1
21113	441	1
21114	16984	1
21115	16984	1
21116	10709	1
21118	16934	1
21119	16934	1
21120	3903	1
21121	3903	1
21122	165	1
21124	12926	1
21125	12926	1
21126	11767	1
21127	11767	1
21129	9199	1
21130	2629	1
21132	13035	1
21133	13035	1
21135	11168	1
21136	8334	1
21138	6664	1
21139	6664	1
21140	7595	1
21140	13964	1
21141	7595	1
21141	13964	1
21142	13300	1
21143	13300	1
21144	9830	1
21146	11550	1
21147	11550	1
21148	12056	1
21149	12056	1
21150	2729	1
21151	2729	1
21152	1529	1
21153	1529	1
21154	9461	1
21157	2297	1
21158	14403	1
21159	14403	1
21160	10787	1
21162	8879	1
21163	8879	1
21164	4842	1
21165	4842	1
21167	10761	1
21168	7294	1
21169	7294	1
21170	13777	1
21173	4185	1
21174	14899	1
21175	14899	1
21176	13768	1
21177	13768	1
21178	2553	1
21180	10993	1
21181	10993	1
21182	11852	1
21183	11852	1
21184	16576	1
21186	1444	1
21186	15079	1
21187	1444	1
21187	15079	1
21188	6057	1
21190	10694	1
21191	10694	1
21192	12240	1
21194	14231	1
21195	14231	1
21196	7736	1
21197	7736	1
21198	2962	1
21199	2962	1
21200	10623	1
21201	10623	1
21202	1783	1
21203	1783	1
21204	4739	1
21207	17545	1
21208	11006	1
21209	11006	1
21211	639	1
21212	17111	1
21213	17111	1
21214	15656	1
21215	15656	1
21218	4206	1
21218	6924	1
21219	4206	1
21219	6924	1
21220	11672	1
21221	11672	1
21222	11956	1
21223	11956	1
21224	16080	1
21225	16080	1
21226	13279	1
21227	13279	1
21228	14519	1
21229	14519	1
21230	14699	1
21231	14699	1
21232	1645	1
21233	1645	1
21234	258	1
21235	258	1
21236	5087	1
21237	5087	1
21238	7724	1
21239	7724	1
21240	5005	1
21241	5005	1
21243	2849	1
21244	1283	1
21246	8493	1
21247	8493	1
21248	7733	1
21249	7733	1
21250	11189	1
21252	15956	1
21254	7020	1
21255	7020	1
21256	14175	1
21257	14175	1
21258	191	1
21259	191	1
21260	13972	1
21261	13972	1
21262	1454	1
21263	1454	1
21264	6560	1
21264	8736	1
21265	6560	1
21265	8736	1
21266	11519	1
21266	17356	1
21267	11519	1
21267	17356	1
21268	14749	1
21270	208	1
21270	6271	1
21271	208	1
21271	6271	1
21272	14082	1
21273	14082	1
21274	16947	1
21275	16947	1
21276	15855	1
21277	15855	1
21278	4888	1
21279	4888	1
21280	17731	1
21281	17731	1
21282	14710	1
21285	3042	1
21286	15253	1
21287	15253	1
21288	878	1
21288	7773	1
21288	15177	1
21289	878	1
21289	7773	1
21289	15177	1
21291	2024	1
21292	1310	1
21294	3265	1
21295	3265	1
21296	17456	1
21297	17456	1
21298	6238	1
21299	6238	1
21300	480	1
21301	480	1
21302	5483	1
21305	17237	1
21306	9980	1
21307	9980	1
21308	1817	1
21310	15481	1
21311	15481	1
21313	4065	1
21313	13896	1
21314	16095	1
21315	16095	1
21317	12401	1
21318	7549	1
21319	7549	1
21320	935	1
21321	935	1
21322	16852	1
21323	16852	1
21324	4826	1
21326	16410	1
21327	16410	1
21328	5075	1
21329	5075	1
21330	3253	1
21330	13639	1
21331	3253	1
21331	13639	1
21332	15875	1
21333	15875	1
21334	9098	1
21335	9098	1
21336	229	1
21337	229	1
21338	4050	1
21339	4050	1
21340	9128	1
21341	9128	1
21342	15468	1
21343	15468	1
21345	16952	1
21346	7058	1
21347	7058	1
21350	13838	1
21351	13838	1
21353	8171	1
21355	2430	1
21356	4416	1
21357	4416	1
21358	6855	1
21360	14139	1
21361	14139	1
21362	12378	1
21363	12378	1
21365	4454	1
21366	4670	1
21368	295	1
21369	295	1
21370	13428	1
21371	13428	1
21372	2985	1
21373	2985	1
21374	12224	1
21376	15991	1
21377	15991	1
21378	15709	1
21379	15709	1
21382	17483	1
21384	2310	1
21385	2310	1
21387	1523	1
21388	10572	1
21389	10572	1
21390	9192	1
21391	9192	1
21392	4847	1
21393	4847	1
21394	10910	1
21395	10910	1
21396	7368	1
21397	7368	1
21398	6684	1
21398	14170	1
21399	6684	1
21399	14170	1
21400	11578	1
21401	11578	1
21402	17449	1
21403	17449	1
21404	6554	1
21407	1436	1
21409	3815	1
21411	4980	1
21412	16981	1
21413	16981	1
21414	15017	1
21415	15017	1
21417	16234	1
21419	15986	1
21420	17447	1
21421	17447	1
21423	2263	1
21424	2709	1
21425	2709	1
21427	8963	1
21428	8622	1
21428	10631	1
21430	12608	1
21430	14021	1
21431	12608	1
21431	14021	1
21435	17693	1
21436	14517	1
21438	9133	1
21439	9133	1
21440	2703	1
21441	2703	1
21442	13434	1
21443	13434	1
21444	15010	1
21445	15010	1
21446	13759	1
21450	1886	1
21451	1886	1
21452	10051	1
21453	10051	1
21455	8181	1
21456	2827	1
21457	2827	1
21458	7961	1
21460	55	1
21460	15471	1
21461	55	1
21461	15471	1
21462	3463	1
21463	3463	1
21465	11199	1
21466	4681	1
21467	4681	1
21468	11502	1
21469	11502	1
21470	13970	1
21471	13970	1
21472	1858	1
21473	1858	1
21475	1618	1
21477	1137	1
21478	16052	1
21479	16052	1
21480	354	1
21482	3113	1
21483	3113	1
21485	2875	1
21486	17622	1
21487	17622	1
21488	8168	1
21489	8168	1
21490	2237	1
21492	11194	1
21493	11194	1
21494	13602	1
21495	13602	1
21496	16882	1
21498	10961	1
21499	10961	1
21501	14928	1
21502	15560	1
21503	15560	1
21504	554	1
21508	13093	1
21509	13093	1
21510	7301	1
21511	7301	1
21513	13349	1
21514	17867	1
21515	17867	1
21516	12952	1
21517	12952	1
21518	8353	1
21519	8353	1
21520	3856	1
21521	3856	1
21522	13144	1
21522	17735	1
21523	13144	1
21523	17735	1
21524	873	1
21525	873	1
21527	9616	1
21528	3771	1
21530	12531	1
21531	12531	1
21532	10778	1
21533	10778	1
21534	5347	1
21535	5347	1
21536	12803	1
21536	16995	1
21537	12803	1
21537	16995	1
21539	12504	1
21541	11918	1
21542	5954	1
21543	5954	1
21544	9658	1
21547	6261	1
21548	17610	1
21549	17610	1
21550	13573	1
21551	13573	1
21552	281	1
21553	281	1
21554	9250	1
21555	9250	1
21556	14247	1
21558	4997	1
21560	11456	1
21562	17040	1
21563	17040	1
21564	1244	1
21565	1244	1
21566	1870	1
21567	1870	1
21568	11136	1
21569	11136	1
21570	7	1
21572	4277	1
21573	4277	1
21574	9391	1
21575	9391	1
21576	6043	1
21577	6043	1
21579	13872	1
21580	1456	1
21582	14549	1
21584	7730	1
21585	7730	1
21586	12424	1
21588	13700	1
21589	13700	1
21590	232	1
21591	232	1
21594	16331	1
21594	17994	1
21596	18152	1
21597	18152	1
21598	1295	1
21599	1295	1
21600	26	1
21601	26	1
21602	10970	1
21603	10970	1
21604	6738	1
21605	6738	1
21606	3915	1
21609	1448	1
21612	5245	1
21613	5245	1
21614	9985	1
21615	9985	1
21616	1716	1
21618	11564	1
21618	18145	1
21619	11564	1
21619	18145	1
21620	9876	1
21621	9876	1
21623	812	1
21624	17418	1
21625	17418	1
21626	2944	1
21627	2944	1
21629	6221	1
21630	4455	1
21631	4455	1
21632	9095	1
21634	3887	1
21635	3887	1
21636	7995	1
21637	7995	1
21638	9311	1
21639	9311	1
21640	15650	1
21641	15650	1
21642	1388	1
21643	1388	1
21644	6727	1
21645	6727	1
21646	12500	1
21647	12500	1
21648	12005	1
21650	18076	1
21651	18076	1
21652	3235	1
21653	3235	1
21654	13453	1
21655	13453	1
21657	11946	1
21659	7342	1
21659	7836	1
21660	13674	1
21661	13674	1
21662	17517	1
21663	17517	1
21664	6410	1
21665	6410	1
21667	11479	1
21668	5945	1
21669	5945	1
21670	14853	1
21671	14853	1
21672	3776	1
21673	3776	1
21676	7414	1
21677	7414	1
21678	10438	1
21679	10438	1
21680	11742	1
21681	11742	1
21683	16613	1
21685	4995	1
21686	5418	1
21686	12813	1
21689	3293	1
21691	30	1
21692	10530	1
21692	15334	1
21693	10530	1
21693	15334	1
21694	3282	1
21695	3282	1
21696	11920	1
21699	18144	1
21700	5303	1
21701	5303	1
21702	1480	1
21703	1480	1
21705	10399	1
21706	254	1
21708	4911	1
21709	4911	1
21710	4483	1
21711	4483	1
21712	13900	1
21713	13900	1
21714	1487	1
21714	8955	1
21714	14304	1
21717	10502	1
21718	13187	1
21720	7128	1
21722	752	1
21723	752	1
21724	2737	1
21725	2737	1
21726	11811	1
21729	12789	1
21732	12617	1
21733	12617	1
21735	8377	1
21737	14252	1
21738	6870	1
21739	6870	1
21740	781	1
21740	7895	1
21742	1983	1
21743	1983	1
21744	8410	1
21746	6223	1
21747	6223	1
21748	6693	1
21751	1421	1
21751	8853	1
21751	10866	1
21752	9038	1
21753	9038	1
21754	14099	1
21755	14099	1
21757	5832	1
21758	14458	1
21759	14458	1
21761	1749	1
21763	13638	1
21765	7540	1
21766	17696	1
21767	17696	1
21769	3190	1
21770	1432	1
21771	1432	1
21772	853	1
21773	853	1
21774	3726	1
21774	12564	1
21777	2995	1
21779	15191	1
21780	12322	1
21781	12322	1
21782	15118	1
21784	7560	1
21785	7560	1
21786	5567	1
21787	5567	1
21788	14970	1
21789	14970	1
21790	14146	1
21793	2593	1
21794	7339	1
21796	7465	1
21797	7465	1
21798	6071	1
21799	6071	1
21800	9428	1
21801	9428	1
21802	13958	1
21803	13958	1
21804	17303	1
21805	17303	1
21806	1174	1
21807	1174	1
21808	13374	1
21810	7948	1
21810	11361	1
21811	7948	1
21811	11361	1
21813	9132	1
21814	15936	1
21815	15936	1
21816	3040	1
21817	3040	1
21818	16920	1
21819	16920	1
21820	381	1
21821	381	1
21822	10769	1
21824	7779	1
21824	14352	1
21824	16025	1
21825	7779	1
21825	14352	1
21825	16025	1
21826	17440	1
21828	10916	1
21829	10916	1
21830	3750	1
21831	3750	1
21833	13547	1
21834	6527	1
21835	6527	1
21837	13293	1
21837	16395	1
21838	5076	1
21839	5076	1
21840	491	1
21841	491	1
21842	14988	1
21843	14988	1
21844	7923	1
21845	7923	1
21846	9898	1
21847	9898	1
21848	5482	1
21849	5482	1
21850	7716	1
21851	7716	1
21852	5984	1
21853	5984	1
21854	3298	1
21855	3298	1
21856	3987	1
21857	3987	1
21858	16409	1
21859	16409	1
21860	7357	1
21861	7357	1
21862	5978	1
21864	3072	1
21865	3072	1
21866	7530	1
21867	7530	1
21868	11966	1
21871	11118	1
21872	15624	1
21873	15624	1
21875	8864	1
21876	10356	1
21877	10356	1
21878	1626	1
21880	2908	1
21881	2908	1
21883	4350	1
21885	7008	1
21886	139	1
21888	2660	1
21889	2660	1
21890	13363	1
21891	13363	1
21892	6299	1
21893	6299	1
21894	1885	1
21895	1885	1
21896	3237	1
21896	4473	1
21897	3237	1
21897	4473	1
21898	4698	1
21899	4698	1
21900	6816	1
21901	6816	1
21903	3012	1
21903	9277	1
21904	8848	1
21905	8848	1
21906	3162	1
21907	3162	1
21910	14530	1
21912	8599	1
21914	12881	1
21915	12881	1
21916	16959	1
21917	16959	1
21918	16573	1
21919	16573	1
21920	9518	1
21921	9518	1
21922	635	1
21923	635	1
21924	7070	1
21925	7070	1
21926	14155	1
21928	4547	1
21929	4547	1
21930	17242	1
21930	17657	1
21931	17242	1
21931	17657	1
21932	17058	1
21933	17058	1
21934	12766	1
21935	12766	1
21936	17219	1
21937	17219	1
21938	8135	1
21939	8135	1
21940	1412	1
21942	9670	1
21943	9670	1
21944	16639	1
21945	16639	1
21946	57	1
21947	57	1
21948	9833	1
21950	10534	1
21951	10534	1
21952	12341	1
21953	12341	1
21954	6321	1
21956	10728	1
21957	10728	1
21958	11130	1
21959	11130	1
21962	1777	1
21962	4706	1
21964	7090	1
21965	7090	1
21966	3184	1
21968	15593	1
21969	15593	1
21970	712	1
21971	712	1
21972	4791	1
21972	8642	1
21972	10898	1
21973	4791	1
21973	8642	1
21973	10898	1
21974	2647	1
21975	2647	1
21976	12229	1
21977	12229	1
21978	9368	1
21979	9368	1
21980	11030	1
21981	11030	1
21982	6776	1
21982	16256	1
21984	11705	1
21985	11705	1
21986	13856	1
21987	13856	1
21989	17662	1
21990	2517	1
21991	2517	1
21992	9055	1
21993	9055	1
21994	4820	1
21995	4820	1
21996	9745	1
21997	9745	1
21998	14224	1
22000	11967	1
22001	11967	1
22003	4801	1
22004	9908	1
22005	9908	1
22006	16732	1
22007	16732	1
22009	7534	1
22010	5763	1
22011	5763	1
22012	16469	1
22013	16469	1
22015	15218	1
22016	2792	1
22017	2792	1
22018	11976	1
22020	17870	1
22021	17870	1
22022	3493	1
22023	3493	1
22024	10404	1
22025	10404	1
22026	18009	1
22027	18009	1
22029	14598	1
22030	1270	1
22031	1270	1
22032	15457	1
22033	15457	1
22034	5971	1
22035	5971	1
22036	7860	1
22037	7860	1
22038	3811	1
22039	3811	1
22041	4054	1
22042	1284	1
22044	10135	1
22045	10135	1
22047	6758	1
22048	16784	1
22049	16784	1
22050	4028	1
22051	4028	1
22052	236	1
22053	236	1
22054	13962	1
22055	13962	1
22056	6301	1
22057	6301	1
22058	576	1
22060	9049	1
22060	9067	1
22061	9049	1
22061	9067	1
22062	1166	1
22063	1166	1
22064	11930	1
22065	11930	1
22066	5004	1
22067	5004	1
22069	10084	1
22069	15161	1
22071	14481	1
22072	2715	1
22073	2715	1
22074	2312	1
22076	220	1
22077	220	1
22078	10722	1
22078	17652	1
22079	10722	1
22079	17652	1
22080	9272	1
22081	9272	1
22082	2547	1
22083	2547	1
22084	15029	1
22085	15029	1
22086	3572	1
22087	3572	1
22088	11935	1
22089	11935	1
22090	10258	1
22091	10258	1
22092	17444	1
22093	17444	1
22094	7741	1
22095	7741	1
22096	8456	1
22097	8456	1
22099	5946	1
22101	13138	1
22102	4445	1
22105	8464	1
22107	8772	1
22108	13933	1
22110	773	1
22112	10873	1
22113	10873	1
22114	13481	1
22115	13481	1
22116	13303	1
22117	13303	1
22120	3967	1
22121	3967	1
22122	8389	1
22123	8389	1
22124	12241	1
22125	12241	1
22126	14075	1
22127	14075	1
22128	12746	1
22129	12746	1
22130	7206	1
22131	7206	1
22132	1446	1
22133	1446	1
22134	6691	1
22135	6691	1
22137	7120	1
22138	9729	1
22140	11061	1
22141	11061	1
22142	16520	1
22143	16520	1
22144	15863	1
22145	15863	1
22146	15623	1
22147	15623	1
22148	13505	1
22149	13505	1
22150	8386	1
22151	8386	1
22152	7280	1
22153	7280	1
22154	69	1
22155	69	1
22156	1999	1
22157	1999	1
22158	11793	1
22159	11793	1
22160	4338	1
22161	4338	1
22162	14589	1
22165	980	1
22167	6801	1
22168	13351	1
22170	2823	1
22171	2823	1
22174	16717	1
22177	12732	1
22178	5283	1
22179	5283	1
22181	5186	1
22183	15586	1
22184	4196	1
22185	4196	1
22188	15405	1
22189	15405	1
22190	11172	1
22191	11172	1
22192	5673	1
22193	5673	1
22194	10435	1
22195	10435	1
22196	9736	1
22197	9736	1
22198	16916	1
22199	16916	1
22201	15805	1
22202	14831	1
22203	14831	1
22204	17424	1
22205	17424	1
22206	3219	1
22207	3219	1
22208	8839	1
22209	8839	1
22210	2364	1
22211	2364	1
22212	15182	1
22213	15182	1
22214	7809	1
22215	7809	1
22216	1837	1
22217	1837	1
22219	13719	1
22220	6983	1
22221	6983	1
22223	9991	1
22224	4237	1
22226	5248	1
22228	11354	1
22229	11354	1
22230	8656	1
22231	8656	1
22233	3864	1
22234	9579	1
22234	16447	1
22235	9579	1
22235	16447	1
22236	10719	1
22238	6010	1
22239	6010	1
22240	4740	1
22242	8422	1
22243	8422	1
22244	882	1
22244	14944	1
22245	882	1
22245	14944	1
22246	7405	1
22247	7405	1
22248	4629	1
22249	4629	1
22251	1285	1
22252	14780	1
22253	14780	1
22255	15169	1
22256	3165	1
22257	3165	1
22258	202	1
22259	202	1
22260	5098	1
22263	3576	1
22264	2210	1
22265	2210	1
22266	12057	1
22267	12057	1
22269	9490	1
22271	9508	1
22272	13991	1
22273	13991	1
22274	7899	1
22276	1262	1
22276	1671	1
22277	1262	1
22277	1671	1
22278	922	1
22279	922	1
22280	1961	1
22281	1961	1
22282	6809	1
22284	4611	1
22284	17689	1
22285	4611	1
22285	17689	1
22288	6520	1
22289	6520	1
22290	14213	1
22291	14213	1
22292	11511	1
22294	3698	1
22295	3698	1
22296	16669	1
22296	17154	1
22297	16669	1
22297	17154	1
22298	8536	1
22299	8536	1
22300	3322	1
22301	3322	1
22303	7390	1
22305	15670	1
22306	14282	1
22307	14282	1
22308	15762	1
22310	7192	1
22311	7192	1
22312	8973	1
22313	8973	1
22315	14112	1
22316	2759	1
22317	2759	1
22318	10277	1
22319	10277	1
22320	15071	1
22321	15071	1
22322	15043	1
22323	15043	1
22324	13357	1
22325	13357	1
22326	11020	1
22327	11020	1
22328	12652	1
22329	12652	1
22330	7236	1
22332	607	1
22333	607	1
22334	3767	1
22336	8057	1
22337	8057	1
22338	14475	1
22339	14475	1
22340	8546	1
22341	8546	1
22342	7565	1
22344	8173	1
22345	8173	1
22346	16701	1
22347	16701	1
22348	515	1
22349	515	1
22352	16662	1
22353	16662	1
22355	13697	1
22356	2954	1
22357	2954	1
22358	13031	1
22359	13031	1
22360	949	1
22361	949	1
22362	2581	1
22363	2581	1
22364	9659	1
22365	9659	1
22366	6370	1
22368	13844	1
22369	13844	1
22371	10819	1
22372	11196	1
22373	11196	1
22374	4394	1
22375	4394	1
22376	17839	1
22378	12913	1
22379	12913	1
22380	2111	1
22381	2111	1
22382	6582	1
22383	6582	1
22384	15088	1
22385	15088	1
22387	9755	1
22388	13266	1
22389	13266	1
22390	9460	1
22391	9460	1
22392	16013	1
22395	3529	1
22396	4705	1
22399	3795	1
22400	16171	1
22401	16171	1
22402	4965	1
22403	4965	1
22404	6608	1
22405	6608	1
22406	5084	1
22408	12884	1
22409	12884	1
22410	2359	1
22411	2359	1
22412	13507	1
22414	8296	1
22415	8296	1
22416	11411	1
22417	11411	1
22418	11283	1
22419	11283	1
22420	1221	1
22421	1221	1
22422	4377	1
22424	4636	1
22425	4636	1
22426	6683	1
22428	3728	1
22429	3728	1
22430	17874	1
22431	17874	1
22432	12804	1
22434	9032	1
22435	9032	1
22436	1809	1
22437	1809	1
22438	6175	1
22439	6175	1
22440	1908	1
22441	1908	1
22444	334	1
22445	334	1
22446	4895	1
22447	4895	1
22449	15712	1
22450	1040	1
22450	2817	1
22450	9336	1
22450	16057	1
22452	16266	1
22453	16266	1
22454	17462	1
22455	17462	1
22456	3851	1
22457	3851	1
22458	1979	1
22459	1979	1
22460	6596	1
22461	6596	1
22465	3360	1
22466	4478	1
22467	4478	1
22469	3325	1
22470	17591	1
22471	17591	1
22472	9137	1
22473	9137	1
22475	11784	1
22476	4228	1
22477	4228	1
22478	12755	1
22479	12755	1
22480	11869	1
22482	11925	1
22483	11925	1
22485	2694	1
22486	2121	1
22486	11589	1
22488	13929	1
22490	1474	1
22491	1474	1
22494	6438	1
22495	6438	1
22496	7381	1
22497	7381	1
22498	2243	1
22499	2243	1
22501	15698	1
22502	5736	1
22503	5736	1
22504	16055	1
22505	16055	1
22506	4175	1
22506	12825	1
22507	4175	1
22507	12825	1
22508	17529	1
22509	17529	1
22510	15428	1
22512	2172	1
22513	2172	1
22515	13741	1
22516	18066	1
22518	13721	1
22519	13721	1
22521	14113	1
22522	17578	1
22523	17578	1
22524	4750	1
22524	10573	1
22528	1077	1
22529	1077	1
22530	12515	1
22531	12515	1
22532	11988	1
22533	11988	1
22534	8721	1
22535	8721	1
22536	17734	1
22538	86	1
22539	86	1
22540	6655	1
22542	15413	1
22544	2330	1
22545	2330	1
22546	10257	1
22547	10257	1
22548	4085	1
22549	4085	1
22552	8229	1
22552	13379	1
22554	3880	1
22554	18147	1
22556	16002	1
22557	16002	1
22560	4370	1
22561	4370	1
22562	16473	1
22563	16473	1
22565	16267	1
22566	6616	1
22568	2502	1
22569	2502	1
22570	7160	1
22571	7160	1
22572	2452	1
22573	2452	1
22574	4589	1
22575	4589	1
22576	4169	1
22577	4169	1
22578	14790	1
22579	14790	1
22581	14498	1
22582	5219	1
22584	14009	1
22586	7487	1
22587	7487	1
22588	6995	1
22590	10653	1
22591	10653	1
22592	2535	1
22593	2535	1
22594	9291	1
22595	9291	1
22597	14776	1
22598	108	1
22600	9677	1
22601	9677	1
22602	5038	1
22602	12715	1
22603	5038	1
22603	12715	1
22604	14935	1
22605	14935	1
22607	12494	1
22609	5117	1
22612	9609	1
22615	8984	1
22616	10630	1
22617	10630	1
22618	4173	1
22618	11207	1
22619	4173	1
22619	11207	1
22620	15143	1
22621	15143	1
22622	2802	1
22623	2802	1
22624	3026	1
22625	3026	1
22626	12943	1
22628	9304	1
22629	9304	1
22630	1357	1
22631	1357	1
22632	11623	1
22633	11623	1
22634	1264	1
22634	4419	1
22635	1264	1
22635	4419	1
22638	10516	1
22639	10516	1
22641	1360	1
22641	8452	1
22644	9195	1
22645	9195	1
22646	10758	1
22647	10758	1
22648	11282	1
22649	11282	1
22650	14705	1
22651	14705	1
22652	9948	1
22654	4318	1
22657	10569	1
22658	4332	1
22659	4332	1
22660	2761	1
22661	2761	1
22662	3737	1
22662	10236	1
22663	3737	1
22663	10236	1
22665	10395	1
22666	4420	1
22667	4420	1
22668	10566	1
22669	10566	1
22670	16812	1
22671	16812	1
22672	14914	1
22673	14914	1
22674	4926	1
22674	13765	1
22675	4926	1
22675	13765	1
22676	12999	1
22680	17538	1
22681	17538	1
22682	16883	1
22683	16883	1
22684	10907	1
22685	10907	1
22686	4606	1
22687	4606	1
22688	17302	1
22689	17302	1
22690	2049	1
22691	2049	1
22693	6476	1
22694	9822	1
22694	17596	1
22695	9822	1
22695	17596	1
22696	5343	1
22697	5343	1
22698	4607	1
22701	11245	1
22702	16791	1
22703	16791	1
22704	7634	1
22705	7634	1
22706	10030	1
22707	10030	1
22708	409	1
22709	409	1
22710	8823	1
22711	8823	1
22712	5342	1
22713	5342	1
22714	8673	1
22714	11045	1
22714	14717	1
22715	8673	1
22715	11045	1
22715	14717	1
22716	1875	1
22717	1875	1
22718	13831	1
22719	13831	1
22720	17209	1
22721	17209	1
22722	6750	1
22722	16649	1
22723	6750	1
22723	16649	1
22724	6825	1
22725	6825	1
22726	5520	1
22728	16206	1
22730	17801	1
22731	17801	1
22732	9462	1
22733	9462	1
22735	12587	1
22736	2687	1
22737	2687	1
22738	10374	1
22738	17682	1
22739	10374	1
22739	17682	1
22740	6832	1
22741	6832	1
22742	12448	1
22743	12448	1
22744	15295	1
22745	15295	1
22747	1472	1
22748	7680	1
22752	4654	1
22754	9070	1
22755	9070	1
22756	12176	1
22757	12176	1
22758	17952	1
22759	17952	1
22760	14623	1
22761	14623	1
22762	14335	1
22763	14335	1
22765	1942	1
22766	4960	1
22767	4960	1
22768	7960	1
22769	7960	1
22771	1217	1
22771	5151	1
22771	9815	1
22773	13550	1
22774	10352	1
22776	15521	1
22777	15521	1
22778	3467	1
22779	3467	1
22780	15605	1
22782	17680	1
22783	17680	1
22784	14245	1
22785	14245	1
22786	2444	1
22787	2444	1
22788	17763	1
22789	17763	1
22792	12033	1
22793	12033	1
22794	1992	1
22794	2994	1
22797	4722	1
22798	4745	1
22799	4745	1
22801	9995	1
22802	18157	1
22803	18157	1
22806	10456	1
22809	14887	1
22810	15577	1
22812	2191	1
22814	769	1
22815	769	1
22816	11964	1
22817	11964	1
22818	16464	1
22819	16464	1
22820	177	1
22821	177	1
22822	3624	1
22823	3624	1
22825	4292	1
22827	11022	1
22827	12861	1
22828	514	1
22829	514	1
22830	4358	1
22831	4358	1
22832	7749	1
22836	6630	1
22837	6630	1
22838	4251	1
22839	4251	1
22840	7941	1
22842	9582	1
22843	9582	1
22844	1722	1
22845	1722	1
22848	823	1
22849	823	1
22850	6084	1
22851	6084	1
22852	13555	1
22853	13555	1
22855	9613	1
22856	7268	1
22857	7268	1
22858	1301	1
22859	1301	1
22860	2550	1
22862	7539	1
22863	7539	1
22864	13460	1
22865	13460	1
22868	8327	1
22869	8327	1
22870	11087	1
22871	11087	1
22872	2797	1
22873	2797	1
22874	7166	1
22876	11631	1
22877	11631	1
22878	14148	1
22879	14148	1
22881	6192	1
22883	15513	1
22885	16309	1
22886	16574	1
22888	688	1
22889	688	1
22890	12443	1
22891	12443	1
22892	7705	1
22893	7705	1
22894	15294	1
22895	15294	1
22896	16548	1
22897	16548	1
22898	16054	1
22899	16054	1
22900	12109	1
22901	12109	1
22902	1469	1
22903	1469	1
22904	9329	1
22905	9329	1
22906	3552	1
22907	3552	1
22908	1099	1
22909	1099	1
22910	7458	1
22910	9724	1
22911	7458	1
22911	9724	1
22915	9470	1
22917	14671	1
22918	7256	1
22920	399	1
22921	399	1
22922	601	1
22923	601	1
22924	6216	1
22925	6216	1
22927	17507	1
22928	15589	1
22929	15589	1
22930	1536	1
22931	1536	1
22932	2126	1
22933	2126	1
22934	1146	1
22935	1146	1
22936	8832	1
22937	8832	1
22938	8748	1
22939	8748	1
22940	12948	1
22941	12948	1
22942	1494	1
22943	1494	1
22944	17367	1
22945	17367	1
22946	5226	1
22947	5226	1
22948	6329	1
22949	6329	1
22950	14473	1
22952	620	1
22954	17733	1
22956	11342	1
22957	11342	1
22958	13513	1
22959	13513	1
22960	13142	1
22961	13142	1
22962	14951	1
22963	14951	1
22964	3045	1
22965	3045	1
22966	4778	1
22967	4778	1
22968	15756	1
22969	15756	1
22970	2952	1
22970	11645	1
22971	2952	1
22971	11645	1
22972	14425	1
22973	14425	1
22974	7890	1
22977	3149	1
22978	12704	1
22979	12704	1
22981	7240	1
22984	10822	1
22985	10822	1
22986	2347	1
22986	12417	1
22988	8630	1
22989	8630	1
22990	3945	1
22991	3945	1
22992	13593	1
22993	13593	1
22994	8432	1
22995	8432	1
22996	17967	1
22997	17967	1
22998	7731	1
22999	7731	1
23000	9996	1
23001	9996	1
23002	10238	1
23003	10238	1
23004	14328	1
23006	11442	1
23007	11442	1
23009	16802	1
23010	3567	1
23011	3567	1
23012	2702	1
23013	2702	1
23014	2415	1
23015	2415	1
23016	7879	1
23017	7879	1
23018	13162	1
23019	13162	1
23021	2656	1
23021	17448	1
23022	8494	1
23024	5201	1
23025	5201	1
23026	16906	1
23027	16906	1
23028	138	1
23029	138	1
23030	16362	1
23031	16362	1
23033	809	1
23033	10079	1
23034	1220	1
23036	6725	1
23037	6725	1
23039	348	1
23040	9	1
23041	9	1
23042	7579	1
23043	7579	1
23046	14291	1
23047	14291	1
23049	421	1
23051	14319	1
23052	2772	1
23053	2772	1
23054	4669	1
23055	4669	1
23056	371	1
23056	3139	1
23057	371	1
23057	3139	1
23058	5613	1
23060	9747	1
23061	9747	1
23064	9113	1
23065	9113	1
23066	16624	1
23067	16624	1
23068	1413	1
23069	1413	1
23070	182	1
23071	182	1
23072	6893	1
23072	14751	1
23073	6893	1
23073	14751	1
23074	2520	1
23075	2520	1
23076	14271	1
23077	14271	1
23078	9196	1
23078	15392	1
23079	9196	1
23079	15392	1
23080	11489	1
23081	11489	1
23082	4872	1
23083	4872	1
23084	14554	1
23085	14554	1
23086	1097	1
23087	1097	1
23088	13662	1
23089	13662	1
23090	14896	1
23091	14896	1
23092	13935	1
23093	13935	1
23094	16706	1
23095	16706	1
23096	11351	1
23097	11351	1
23098	10121	1
23100	5871	1
23101	5871	1
23102	12562	1
23103	12562	1
23104	18023	1
23106	3095	1
23107	3095	1
23108	2292	1
23109	2292	1
23110	3579	1
23110	12362	1
23111	3579	1
23111	12362	1
23112	7099	1
23113	7099	1
23114	13155	1
23115	13155	1
23116	3682	1
23117	3682	1
23118	1577	1
23119	1577	1
23121	8222	1
23122	12160	1
23123	12160	1
23124	6937	1
23125	6937	1
23127	1316	1
23129	4715	1
23130	1604	1
23131	1604	1
23133	12634	1
23133	12944	1
23133	13380	1
23134	4200	1
23135	4200	1
23136	5041	1
23137	5041	1
23138	13382	1
23139	13382	1
23140	4971	1
23141	4971	1
23142	1031	1
23143	1031	1
23144	12050	1
23145	12050	1
23146	11254	1
23147	11254	1
23148	16897	1
23149	16897	1
23151	11532	1
23152	5385	1
23153	5385	1
23154	5704	1
23156	7193	1
23157	7193	1
23158	13422	1
23159	13422	1
23161	13893	1
23163	899	1
23165	51	1
23166	6179	1
23168	7819	1
23169	7819	1
23170	16141	1
23171	16141	1
23172	6635	1
23173	6635	1
23175	1826	1
23176	15158	1
23178	12815	1
23179	12815	1
23180	15637	1
23181	15637	1
23184	16423	1
23185	16423	1
23186	6784	1
23188	14312	1
23189	14312	1
23190	16444	1
23191	16444	1
23192	17875	1
23193	17875	1
23194	14682	1
23195	14682	1
23196	8755	1
23197	8755	1
23198	7947	1
23199	7947	1
23201	9242	1
23202	14459	1
23203	14459	1
23205	1196	1
23206	5509	1
23209	7466	1
23212	10446	1
23213	10446	1
23214	1514	1
23215	1514	1
23216	9605	1
23217	9605	1
23218	9255	1
23219	9255	1
23220	1304	1
23221	1304	1
23222	4181	1
23222	9783	1
23223	4181	1
23223	9783	1
23224	16736	1
23225	16736	1
23226	8186	1
23227	8186	1
23228	5996	1
23229	5996	1
23230	14772	1
23232	14198	1
23233	14198	1
23234	609	1
23235	609	1
23236	14634	1
23237	14634	1
23238	2434	1
23239	2434	1
23240	2332	1
23243	16167	1
23244	4076	1
23245	4076	1
23246	11890	1
23247	11890	1
23248	6303	1
23250	7115	1
23250	18034	1
23251	7115	1
23251	18034	1
23252	12045	1
23254	9026	1
23255	9026	1
23256	7653	1
23258	2983	1
23259	2983	1
23260	14854	1
23261	14854	1
23263	17328	1
23264	12313	1
23265	12313	1
23266	2756	1
23267	2756	1
23269	17244	1
23270	10449	1
23271	10449	1
23273	10014	1
23274	2530	1
23275	2530	1
23279	5701	1
23280	12642	1
23282	6144	1
23283	6144	1
23285	1970	1
23286	1141	1
23287	1141	1
23288	17840	1
23289	17840	1
23290	2419	1
23291	2419	1
23293	18064	1
23294	16768	1
23295	16768	1
23296	12849	1
23297	12849	1
23298	11996	1
23300	15767	1
23302	5233	1
23303	5233	1
23304	10321	1
23305	10321	1
23306	6611	1
23307	6611	1
23309	158	1
23310	1818	1
23311	1818	1
23312	9608	1
23313	9608	1
23316	15453	1
23318	4137	1
23319	4137	1
23320	14880	1
23321	14880	1
23322	15631	1
23323	15631	1
23324	4644	1
23325	4644	1
23327	11206	1
23329	2102	1
23330	14585	1
23331	14585	1
23332	1533	1
23333	1533	1
23334	14300	1
23335	14300	1
23337	211	1
23339	5727	1
23341	1919	1
23343	13415	1
23345	17597	1
23346	16737	1
23347	16737	1
23348	3596	1
23349	3596	1
23352	10246	1
23353	10246	1
23354	3741	1
23355	3741	1
23356	13181	1
23357	13181	1
23358	2004	1
23359	2004	1
23360	10378	1
23361	10378	1
23362	8364	1
23362	9841	1
23363	8364	1
23363	9841	1
23364	5993	1
23365	5993	1
23366	8866	1
23366	15903	1
23367	8866	1
23367	15903	1
23368	15520	1
23369	15520	1
23370	4224	1
23371	4224	1
23372	12748	1
23373	12748	1
23374	15769	1
23375	15769	1
23377	2334	1
23378	9940	1
23379	9940	1
23380	1797	1
23381	1797	1
23382	7583	1
23383	7583	1
23384	7828	1
23386	16856	1
23387	16856	1
23388	4412	1
23389	4412	1
23391	8099	1
23392	11860	1
23393	11860	1
23394	2949	1
23396	5180	1
23397	5180	1
23398	16069	1
23401	8838	1
23403	1341	1
23403	11992	1
23404	120	1
23405	120	1
23406	14197	1
23407	14197	1
23408	4932	1
23409	4932	1
23410	3406	1
23411	3406	1
23412	12312	1
23413	12312	1
23414	11000	1
23415	11000	1
23416	1450	1
23417	1450	1
23419	9479	1
23420	17141	1
23421	17141	1
23422	11052	1
23423	11052	1
23424	5135	1
23426	954	1
23427	954	1
23430	2179	1
23430	4619	1
23431	2179	1
23431	4619	1
23432	16359	1
23434	10643	1
23436	2482	1
23436	2771	1
23438	630	1
23439	630	1
23440	6046	1
23441	6046	1
23442	1951	1
23443	1951	1
23444	7472	1
23446	14563	1
23447	14563	1
23448	2712	1
23451	5174	1
23451	6340	1
23452	11454	1
23453	11454	1
23456	2401	1
23456	14995	1
23456	16666	1
23457	2401	1
23457	14995	1
23457	16666	1
23458	13276	1
23460	6984	1
23461	6984	1
23464	9340	1
23466	5942	1
23467	5942	1
23468	4729	1
23469	4729	1
23470	11540	1
23471	11540	1
23472	3770	1
23473	3770	1
23474	6938	1
23475	6938	1
23477	8889	1
23478	9968	1
23479	9968	1
23480	10594	1
23482	16393	1
23483	16393	1
23484	4806	1
23485	4806	1
23486	16166	1
23488	8556	1
23489	8556	1
23490	16217	1
23491	16217	1
23493	15363	1
23496	14360	1
23497	14360	1
23498	15023	1
23499	15023	1
23500	12212	1
23501	12212	1
23503	9027	1
23504	2646	1
23505	2646	1
23506	871	1
23508	5033	1
23510	1440	1
23512	17635	1
23513	17635	1
23514	4512	1
23515	4512	1
23516	16149	1
23517	16149	1
23518	176	1
23518	6603	1
23519	176	1
23519	6603	1
23521	4958	1
23522	14847	1
23523	14847	1
23524	4732	1
23524	9868	1
23526	12423	1
23527	12423	1
23529	5119	1
23530	2897	1
23531	2897	1
23532	6913	1
23534	13793	1
23535	13793	1
23536	17047	1
23537	17047	1
23538	10298	1
23540	985	1
23542	16123	1
23545	16951	1
23546	3933	1
23548	1333	1
23551	4215	1
23552	13393	1
23553	13393	1
23554	17031	1
23555	17031	1
23556	4763	1
23557	4763	1
23558	14299	1
23559	14299	1
23561	18019	1
23562	4313	1
23563	4313	1
23566	11960	1
23567	11960	1
23568	7517	1
23569	7517	1
23570	14766	1
23571	14766	1
23572	10800	1
23574	2162	1
23575	2162	1
23576	16325	1
23577	16325	1
23579	14543	1
23580	8392	1
23582	16484	1
23584	9491	1
23585	9491	1
23586	8769	1
23587	8769	1
23588	11684	1
23589	11684	1
23590	5957	1
23591	5957	1
23593	9967	1
23595	3598	1
23597	1190	1
23598	5037	1
23599	5037	1
23600	527	1
23601	527	1
23602	5154	1
23603	5154	1
23604	6055	1
23605	6055	1
23606	7878	1
23607	7878	1
23609	12282	1
23610	931	1
23611	931	1
23612	3744	1
23613	3744	1
23614	704	1
23616	333	1
23617	333	1
23618	13631	1
23620	10318	1
23621	10318	1
23622	548	1
23623	548	1
23624	7603	1
23626	14482	1
23627	14482	1
23628	2755	1
23630	10841	1
23632	5506	1
23632	13297	1
23632	13771	1
23633	5506	1
23633	13297	1
23633	13771	1
23634	12623	1
23636	1498	1
23637	1498	1
23639	8578	1
23640	13029	1
23641	13029	1
23643	7327	1
23644	5968	1
23645	5968	1
23646	18150	1
23647	18150	1
23649	841	1
23651	109	1
23652	6036	1
23653	6036	1
23654	15034	1
23656	7763	1
23658	4446	1
23660	6584	1
23661	6584	1
23662	4573	1
23663	4573	1
23664	11547	1
23665	11547	1
23666	1877	1
23667	1877	1
23669	3661	1
23670	881	1
23671	881	1
23672	365	1
23675	8407	1
23676	7151	1
23677	7151	1
23678	2884	1
23679	2884	1
23680	17891	1
23681	17891	1
23682	8473	1
23684	3603	1
23685	3603	1
23687	3542	1
23688	4789	1
23689	4789	1
23690	13030	1
23693	11798	1
23694	7149	1
23695	7149	1
23696	7126	1
23697	7126	1
23698	1004	1
23699	1004	1
23700	7631	1
23701	7631	1
23702	18056	1
23703	18056	1
23704	11003	1
23705	11003	1
23706	15119	1
23708	6834	1
23709	6834	1
23710	16161	1
23711	16161	1
23712	8280	1
23713	8280	1
23715	7661	1
23716	6677	1
23717	6677	1
23718	1937	1
23719	1937	1
23721	14541	1
23723	7886	1
23724	13305	1
23725	13305	1
23726	9522	1
23727	9522	1
23728	6201	1
23729	6201	1
23731	11029	1
23732	17760	1
23733	17760	1
23734	16785	1
23737	7856	1
23738	17408	1
23739	17408	1
23740	3020	1
23741	3020	1
23742	17762	1
23743	17762	1
23744	7079	1
23745	7079	1
23746	17342	1
23747	17342	1
23748	15952	1
23749	15952	1
23750	16225	1
23751	16225	1
23753	16280	1
23755	17459	1
23756	11478	1
23757	11478	1
23758	8681	1
23761	16339	1
23762	5839	1
23763	5839	1
23764	10009	1
23765	10009	1
23766	13327	1
23767	13327	1
23770	7722	1
23771	7722	1
23772	15994	1
23773	15994	1
23774	3404	1
23776	8414	1
23777	8414	1
23778	15217	1
23781	17714	1
23783	18073	1
23785	15476	1
23786	13788	1
23789	1720	1
23792	12425	1
23793	12425	1
23794	14927	1
23795	14927	1
23799	8739	1
23800	2493	1
23801	2493	1
23803	12689	1
23804	3024	1
23805	3024	1
23806	2327	1
23808	1620	1
23808	5593	1
23809	1620	1
23809	5593	1
23810	6570	1
23811	6570	1
23812	16872	1
23813	16872	1
23814	17808	1
23815	17808	1
23817	2488	1
23818	4525	1
23818	8425	1
23819	4525	1
23819	8425	1
23820	3814	1
23821	3814	1
23822	16012	1
23823	16012	1
23825	10348	1
23827	11747	1
23828	1308	1
23830	13960	1
23831	13960	1
23832	13264	1
23833	13264	1
23834	3031	1
23835	3031	1
23837	16370	1
23838	8283	1
23838	17118	1
23839	8283	1
23839	17118	1
23840	17866	1
23841	17866	1
23842	2516	1
23843	2516	1
23844	7557	1
23845	7557	1
23846	12783	1
23847	12783	1
23849	4599	1
23850	13980	1
23851	13980	1
23852	4144	1
23853	4144	1
23855	10944	1
23856	10969	1
23857	10969	1
23858	8069	1
23859	8069	1
23860	5667	1
23861	5667	1
23862	5588	1
23863	5588	1
23864	8645	1
23866	14261	1
23867	14261	1
23868	5057	1
23870	17676	1
23871	17676	1
23873	13886	1
23874	9175	1
23875	9175	1
23876	810	1
23876	3694	1
23877	810	1
23877	3694	1
23878	1905	1
23880	8483	1
23881	8483	1
23882	14187	1
23883	14187	1
23884	2688	1
23885	2688	1
23887	12638	1
23888	14916	1
23889	14916	1
23890	16731	1
23891	16731	1
23892	18051	1
23893	18051	1
23894	8498	1
23895	8498	1
23896	672	1
23896	14389	1
23897	672	1
23897	14389	1
23898	5242	1
23899	5242	1
23900	12163	1
23902	8292	1
23902	8319	1
23904	13986	1
23905	13986	1
23906	4550	1
23907	4550	1
23908	6171	1
23909	6171	1
23910	14278	1
23911	14278	1
23912	12117	1
23913	12117	1
23915	2447	1
23916	2968	1
23917	2968	1
23918	596	1
23919	596	1
23920	4689	1
23922	1034	1
23923	1034	1
23924	801	1
23925	801	1
23926	16528	1
23927	16528	1
23928	16430	1
23930	16265	1
23931	16265	1
23932	14277	1
23933	14277	1
23934	2282	1
23934	5828	1
23935	2282	1
23935	5828	1
23936	7387	1
23937	7387	1
23938	4663	1
23939	4663	1
23940	8276	1
23941	8276	1
23942	6379	1
23943	6379	1
23944	13343	1
23946	17524	1
23947	17524	1
23948	2285	1
23949	2285	1
23950	13907	1
23951	13907	1
23952	9962	1
23953	9962	1
23954	14226	1
23955	14226	1
23956	17747	1
23958	10542	1
23959	10542	1
23960	18018	1
23961	18018	1
23962	2476	1
23963	2476	1
23964	2980	1
23965	2980	1
23968	10783	1
23969	10783	1
23970	4301	1
23971	4301	1
23972	14468	1
23973	14468	1
23974	3284	1
23975	3284	1
23976	2020	1
23978	5290	1
23978	10868	1
23979	5290	1
23979	10868	1
23980	17946	1
23982	3775	1
23983	3775	1
23986	5077	1
23987	5077	1
23988	13607	1
23989	13607	1
23990	4042	1
23990	13206	1
23991	4042	1
23991	13206	1
23992	17797	1
23993	17797	1
23995	5895	1
23996	2442	1
23997	2442	1
23998	11110	1
23999	11110	1
24000	16071	1
24001	16071	1
24002	10214	1
24004	10428	1
24005	10428	1
24006	6892	1
24007	6892	1
24008	5051	1
24009	5051	1
24010	17559	1
24011	17559	1
24013	17429	1
24014	4149	1
24015	4149	1
24016	1086	1
24017	1086	1
24020	6845	1
24021	6845	1
24022	12097	1
24023	12097	1
24024	8584	1
24024	9792	1
24025	8584	1
24025	9792	1
24026	3259	1
24026	14266	1
24027	3259	1
24027	14266	1
24028	6324	1
24029	6324	1
24030	1706	1
24031	1706	1
24032	9191	1
24032	17140	1
24033	9191	1
24033	17140	1
24034	8454	1
24036	12469	1
24036	16114	1
24037	12469	1
24037	16114	1
24038	12121	1
24039	12121	1
24040	2529	1
24041	2529	1
24045	3969	1
24046	11393	1
24047	11393	1
24048	14338	1
24049	14338	1
24050	14571	1
24051	14571	1
24052	9761	1
24053	9761	1
24054	2114	1
24055	2114	1
24056	12640	1
24057	12640	1
24058	16738	1
24059	16738	1
24061	2051	1
24063	13512	1
24064	15133	1
24065	15133	1
24066	17679	1
24067	17679	1
24068	636	1
24069	636	1
24071	7258	1
24071	9315	1
24071	16790	1
24072	15257	1
24073	15257	1
24075	14258	1
24077	9953	1
24079	11856	1
24080	7853	1
24081	7853	1
24082	16931	1
24083	16931	1
24084	4001	1
24085	4001	1
24086	15765	1
24088	12069	1
24089	12069	1
24090	3051	1
24091	3051	1
24092	2701	1
24093	2701	1
24094	5602	1
24096	3900	1
24098	4406	1
24099	4406	1
24100	5452	1
24101	5452	1
24103	12816	1
24104	11078	1
24105	11078	1
24106	10157	1
24107	10157	1
24108	10204	1
24109	10204	1
24110	13533	1
24111	13533	1
24112	1894	1
24113	1894	1
24114	13360	1
24114	15399	1
24115	13360	1
24115	15399	1
24116	2909	1
24117	2909	1
24118	10818	1
24119	10818	1
24120	8496	1
24121	8496	1
24123	11739	1
24124	17722	1
24125	17722	1
24126	7127	1
24127	7127	1
24128	4183	1
24128	10855	1
24129	4183	1
24129	10855	1
24131	13148	1
24132	6434	1
24133	6434	1
24134	18037	1
24135	18037	1
24136	15763	1
24137	15763	1
24138	16673	1
24139	16673	1
24140	8495	1
24143	17723	1
24144	18107	1
24145	18107	1
24147	6114	1
24148	1055	1
24149	1055	1
24150	11243	1
24151	11243	1
24152	4781	1
24153	4781	1
24155	9964	1
24156	3713	1
24157	3713	1
24158	2556	1
24159	2556	1
24160	13059	1
24161	13059	1
24162	7556	1
24163	7556	1
24164	181	1
24164	3403	1
24164	15809	1
24165	181	1
24165	3403	1
24165	15809	1
24166	5184	1
24167	5184	1
24168	11265	1
24169	11265	1
24170	14825	1
24171	14825	1
24172	7756	1
24174	15672	1
24175	15672	1
24176	17325	1
24177	17325	1
24179	12479	1
24181	689	1
24182	6971	1
24183	6971	1
24184	3396	1
24184	16478	1
24185	3396	1
24185	16478	1
24186	15445	1
24187	15445	1
24188	12365	1
24189	12365	1
24190	8627	1
24191	8627	1
24192	12220	1
24193	12220	1
24194	13795	1
24195	13795	1
24197	4491	1
24197	11235	1
24198	496	1
24199	496	1
24200	16014	1
24201	16014	1
24202	11737	1
24204	5293	1
24205	5293	1
24206	10022	1
24207	10022	1
24208	16992	1
24209	16992	1
24210	13772	1
24212	5844	1
24213	5844	1
24214	15815	1
24215	15815	1
24216	3805	1
24217	3805	1
24218	17864	1
24219	17864	1
24220	10576	1
24221	10576	1
24222	17651	1
24224	9157	1
24225	9157	1
24226	2579	1
24227	2579	1
24228	5328	1
24229	5328	1
24230	3912	1
24231	3912	1
24232	5576	1
24233	5576	1
24234	3311	1
24235	3311	1
24236	7335	1
24237	7335	1
24238	7325	1
24239	7325	1
24241	6345	1
24242	10676	1
24243	10676	1
24244	4480	1
24245	4480	1
24247	4299	1
24248	9498	1
24249	9498	1
24250	6516	1
24251	6516	1
24252	2987	1
24252	9527	1
24253	2987	1
24253	9527	1
24254	11674	1
24255	11674	1
24256	17608	1
24257	17608	1
24259	5812	1
24260	15699	1
24261	15699	1
24262	1637	1
24263	1637	1
24264	9737	1
24265	9737	1
24267	17306	1
24268	1030	1
24269	1030	1
24270	3454	1
24271	3454	1
24272	10737	1
24273	10737	1
24274	395	1
24275	395	1
24276	1974	1
24277	1974	1
24278	3158	1
24279	3158	1
24280	5523	1
24282	17974	1
24283	17974	1
24284	9593	1
24285	9593	1
24286	7562	1
24287	7562	1
24288	11126	1
24290	5642	1
24292	449	1
24293	449	1
24294	4530	1
24295	4530	1
24296	3568	1
24297	3568	1
24298	6697	1
24299	6697	1
24300	16060	1
24301	16060	1
24302	971	1
24303	971	1
24304	17216	1
24305	17216	1
24306	13805	1
24307	13805	1
24308	1365	1
24309	1365	1
24310	16169	1
24311	16169	1
24312	11642	1
24314	2736	1
24316	11650	1
24317	11650	1
24319	12266	1
24319	17132	1
24320	6624	1
24321	6624	1
24323	7607	1
24324	6815	1
24325	6815	1
24326	1989	1
24327	1989	1
24328	13214	1
24330	20	1
24332	13568	1
24333	13568	1
24334	990	1
24334	14678	1
24335	990	1
24335	14678	1
24336	17476	1
24337	17476	1
24338	29	1
24339	29	1
24340	16176	1
24341	16176	1
24343	1303	1
24344	8894	1
24345	8894	1
24346	10206	1
24347	10206	1
24349	14008	1
24351	10702	1
24351	11583	1
24353	5172	1
24354	104	1
24355	104	1
24356	4096	1
24357	4096	1
24358	17128	1
24359	17128	1
24360	15774	1
24361	15774	1
24362	7314	1
24362	13288	1
24363	7314	1
24363	13288	1
24366	6346	1
24367	6346	1
24368	16841	1
24369	16841	1
24370	11579	1
24371	11579	1
24372	14966	1
24373	14966	1
24376	14163	1
24377	14163	1
24378	13890	1
24379	13890	1
24380	11679	1
24381	11679	1
24382	317	1
24383	317	1
24385	4746	1
24386	16825	1
24387	16825	1
24389	5122	1
24390	12777	1
24391	12777	1
24392	13136	1
24395	7748	1
24396	16530	1
24398	10721	1
24399	10721	1
24400	17955	1
24401	17955	1
24402	586	1
24403	586	1
24404	17423	1
24406	3731	1
24408	4682	1
24409	4682	1
24410	16263	1
24411	16263	1
24414	4920	1
24415	4920	1
24416	1114	1
24417	1114	1
24418	9134	1
24419	9134	1
24420	924	1
24421	924	1
24422	12324	1
24423	12324	1
24424	3922	1
24425	3922	1
24427	14123	1
24428	16085	1
24429	16085	1
24430	4110	1
24431	4110	1
24432	10955	1
24434	13054	1
24435	13054	1
24436	2143	1
24437	2143	1
24438	5869	1
24439	5869	1
24440	9178	1
24441	9178	1
24443	8299	1
24444	17051	1
24445	17051	1
24447	12116	1
24448	1437	1
24449	1437	1
24450	11794	1
24451	11794	1
24452	10067	1
24453	10067	1
24454	16015	1
24456	2901	1
24456	5127	1
24458	9597	1
24459	9597	1
24460	10042	1
24461	10042	1
24464	17582	1
24465	17582	1
24466	6457	1
24467	6457	1
24468	15817	1
24469	15817	1
24470	7619	1
24471	7619	1
24472	2473	1
24474	16466	1
24475	16466	1
24477	6125	1
24478	16616	1
24479	16616	1
24481	9971	1
24484	9068	1
24485	9068	1
24486	7475	1
24487	7475	1
24488	8760	1
24489	8760	1
24490	16842	1
24491	16842	1
24492	16270	1
24493	16270	1
24494	13830	1
24495	13830	1
24496	17171	1
24497	17171	1
24498	12691	1
24499	12691	1
24500	11823	1
24501	11823	1
24502	13636	1
24504	16363	1
24505	16363	1
24506	14160	1
24507	14160	1
24508	7665	1
24510	2169	1
24511	2169	1
24512	7746	1
24512	17913	1
24513	7746	1
24513	17913	1
24514	986	1
24515	986	1
24516	3492	1
24516	15740	1
24517	3492	1
24517	15740	1
24518	7870	1
24519	7870	1
24520	14225	1
24521	14225	1
24522	10827	1
24523	10827	1
24524	3539	1
24526	11102	1
24528	7045	1
24529	7045	1
24530	11848	1
24531	11848	1
24535	5709	1
24536	17125	1
24537	17125	1
24538	16976	1
24539	16976	1
24540	10546	1
24541	10546	1
24542	17673	1
24543	17673	1
24544	3705	1
24546	11201	1
24547	11201	1
24548	13050	1
24549	13050	1
24550	14752	1
24551	14752	1
24552	5609	1
24553	5609	1
24554	18092	1
24554	18164	1
24556	2363	1
24558	2199	1
24559	2199	1
24561	14958	1
24562	6799	1
24563	6799	1
24565	6456	1
24566	4883	1
24566	7643	1
24568	2559	1
24569	2559	1
24570	5059	1
24571	5059	1
24572	2138	1
24575	4158	1
24576	3087	1
24577	3087	1
24578	4846	1
24579	4846	1
24580	4558	1
24580	11303	1
24581	4558	1
24581	11303	1
24582	1116	1
24583	1116	1
24584	14715	1
24585	14715	1
24588	17096	1
24590	3272	1
24591	3272	1
24592	14208	1
24593	14208	1
24594	2356	1
24594	16689	1
24595	2356	1
24595	16689	1
24596	8652	1
24597	8652	1
24598	17434	1
24599	17434	1
24600	12693	1
24601	12693	1
24602	12404	1
24603	12404	1
24607	2724	1
24608	16249	1
24609	16249	1
24610	15705	1
24611	15705	1
24612	1867	1
24612	7685	1
24613	1867	1
24613	7685	1
24614	5067	1
24615	5067	1
24618	6757	1
24619	6757	1
24620	11408	1
24621	11408	1
24622	16829	1
24623	16829	1
24624	2900	1
24625	2900	1
24626	1575	1
24628	4207	1
24629	4207	1
24630	15898	1
24632	10689	1
24633	10689	1
24634	2806	1
24636	7167	1
24637	7167	1
24638	11657	1
24639	11657	1
24640	18006	1
24641	18006	1
24642	16340	1
24643	16340	1
24644	3226	1
24645	3226	1
24646	3455	1
24647	3455	1
24648	6524	1
24650	12867	1
24652	4683	1
24653	4683	1
24654	8191	1
24656	5159	1
24657	5159	1
24658	16031	1
24659	16031	1
24661	6149	1
24661	7209	1
24662	14630	1
24663	14630	1
24664	17567	1
24665	17567	1
24666	16005	1
24667	16005	1
24668	10636	1
24669	10636	1
24671	7683	1
24672	5777	1
24673	5777	1
24674	7703	1
24675	7703	1
24676	2299	1
24677	2299	1
24679	14724	1
24680	9719	1
24681	9719	1
24683	5600	1
24684	2108	1
24685	2108	1
24686	6096	1
24687	6096	1
24688	6138	1
24689	6138	1
24690	9406	1
24691	9406	1
24692	12933	1
24693	12933	1
24694	6787	1
24695	6787	1
24698	9951	1
24699	9951	1
24700	3240	1
24702	9523	1
24703	9523	1
24707	7554	1
24708	15110	1
24709	15110	1
24710	3898	1
24711	3898	1
24712	11021	1
24713	11021	1
24714	8056	1
24715	8056	1
24716	5623	1
24717	5623	1
24720	13039	1
24721	13039	1
24722	5517	1
24723	5517	1
24724	3689	1
24724	8502	1
24725	3689	1
24725	8502	1
24726	9728	1
24727	9728	1
24728	4250	1
24729	4250	1
24730	3046	1
24731	3046	1
24732	54	1
24733	54	1
24734	12339	1
24736	2491	1
24737	2491	1
24740	11353	1
24741	11353	1
24742	17987	1
24745	913	1
24746	4011	1
24747	4011	1
24748	3703	1
24749	3703	1
24750	5137	1
24751	5137	1
24752	15916	1
24755	13418	1
24758	15850	1
24759	15850	1
24760	4854	1
24761	4854	1
24762	12737	1
24764	17340	1
24765	17340	1
24766	13744	1
24768	7154	1
24769	7154	1
24770	15820	1
24771	15820	1
24772	5065	1
24773	5065	1
24774	15315	1
24775	15315	1
24776	13185	1
24777	13185	1
24778	6107	1
24779	6107	1
24780	4952	1
24781	4952	1
24782	16813	1
24783	16813	1
24784	3324	1
24785	3324	1
24786	1215	1
24787	1215	1
24788	14503	1
24789	14503	1
24790	16772	1
24791	16772	1
24792	7063	1
24793	7063	1
24794	1449	1
24795	1449	1
24796	6639	1
24798	16749	1
24799	16749	1
24800	10908	1
24801	10908	1
24802	6643	1
24804	7784	1
24805	7784	1
24807	3722	1
24808	15632	1
24809	15632	1
24810	7399	1
24811	7399	1
24812	13058	1
24814	5459	1
24815	5459	1
24817	693	1
24818	3079	1
24819	3079	1
24820	1969	1
24821	1969	1
24822	8716	1
24823	8716	1
24824	11451	1
24826	2366	1
24827	2366	1
24828	4935	1
24829	4935	1
24830	12898	1
24831	12898	1
24832	18109	1
24833	18109	1
24834	17887	1
24835	17887	1
24836	5364	1
24837	5364	1
24838	9665	1
24839	9665	1
24840	4782	1
24841	4782	1
24842	15223	1
24845	5629	1
24847	1079	1
24848	945	1
24848	2762	1
24851	3309	1
24852	5730	1
24853	5730	1
24854	14565	1
24855	14565	1
24856	8886	1
24857	8886	1
24858	3659	1
24859	3659	1
24860	11691	1
24861	11691	1
24862	353	1
24863	353	1
24864	16741	1
24865	16741	1
24866	7563	1
24867	7563	1
24868	10292	1
24870	376	1
24871	376	1
24873	6529	1
24874	17052	1
24877	16824	1
24878	15654	1
24879	15654	1
24880	8435	1
24881	8435	1
24882	770	1
24883	770	1
24884	8753	1
24885	8753	1
24886	17400	1
24888	131	1
24889	131	1
24890	15741	1
24892	2854	1
24894	307	1
24895	307	1
24896	2270	1
24897	2270	1
24898	17467	1
24900	9023	1
24901	9023	1
24903	14770	1
24904	2014	1
24905	2014	1
24906	5386	1
24907	5386	1
24909	16391	1
24910	6080	1
24912	8368	1
24913	8368	1
24914	3968	1
24915	3968	1
24917	18053	1
24917	18090	1
24918	6236	1
24919	6236	1
24920	11313	1
24921	11313	1
24922	8089	1
24925	13247	1
24926	4780	1
24928	5481	1
24929	5481	1
24930	15127	1
24932	16213	1
24933	16213	1
24934	6830	1
24938	7468	1
24939	7468	1
24940	10838	1
24942	9957	1
24943	9957	1
24944	17095	1
24945	17095	1
24946	10852	1
24948	2809	1
24949	2809	1
24950	5983	1
24951	5983	1
24953	3518	1
24954	6694	1
24955	6694	1
24956	14356	1
24957	14356	1
24958	3870	1
24960	16437	1
24961	16437	1
24962	15409	1
24963	15409	1
24964	3868	1
24965	3868	1
24966	11873	1
24969	11626	1
24969	15480	1
24970	8360	1
24971	8360	1
24972	15207	1
24973	15207	1
24974	16289	1
24975	16289	1
24976	3400	1
24977	3400	1
24979	14871	1
24981	944	1
24982	12358	1
24983	12358	1
24985	9505	1
24986	11788	1
24987	11788	1
24989	275	1
24989	2828	1
24991	10797	1
24992	2526	1
24993	2526	1
24994	10617	1
24995	10617	1
24996	12781	1
24997	12781	1
24998	13313	1
24999	13313	1
25000	2061	1
25001	2061	1
25002	186	1
25002	2972	1
25002	6906	1
25003	186	1
25003	2972	1
25003	6906	1
25004	5392	1
25005	5392	1
25006	10390	1
25007	10390	1
25009	10764	1
25010	4829	1
25012	2284	1
25013	2284	1
25015	1165	1
25016	3869	1
25017	3869	1
25018	15842	1
25019	15842	1
25020	10626	1
25022	16823	1
25024	16198	1
25026	5012	1
25027	5012	1
25028	12306	1
25029	12306	1
25030	15299	1
25032	15298	1
25033	15298	1
25034	6181	1
25035	6181	1
25036	13192	1
25037	13192	1
25039	12444	1
25040	1232	1
25041	1232	1
25043	318	1
25046	4709	1
25047	4709	1
25048	12969	1
25051	8481	1
25052	11938	1
25053	11938	1
25055	6889	1
25057	12246	1
25058	15963	1
25059	15963	1
25060	13056	1
25061	13056	1
25062	1350	1
25063	1350	1
25064	8594	1
25065	8594	1
25066	1976	1
25068	10526	1
25069	10526	1
25070	8038	1
25070	16827	1
25071	8038	1
25071	16827	1
25073	16744	1
25074	17746	1
25075	17746	1
25076	1929	1
25077	1929	1
25078	14805	1
25080	5500	1
25081	5500	1
25082	2264	1
25082	13835	1
25084	11094	1
25085	11094	1
25087	2816	1
25088	3207	1
25089	3207	1
25090	13111	1
25091	13111	1
25093	9152	1
25094	296	1
25095	296	1
25097	13604	1
25099	14653	1
25100	4639	1
25101	4639	1
25102	1368	1
25103	1368	1
25104	2023	1
25105	2023	1
25106	2158	1
25108	1379	1
25109	1379	1
25110	10154	1
25113	10886	1
25114	16578	1
25115	16578	1
25117	115	1
25118	6359	1
25119	6359	1
25120	2872	1
25124	17259	1
25125	17259	1
25126	10860	1
25127	10860	1
25128	3078	1
25128	4109	1
25128	4363	1
25128	17776	1
25129	3078	1
25129	4109	1
25129	4363	1
25129	17776	1
25130	406	1
25130	7590	1
25131	406	1
25131	7590	1
25132	10544	1
25133	10544	1
25135	17215	1
25136	13952	1
25138	10144	1
25139	10144	1
25141	9545	1
25144	16326	1
25144	17612	1
25145	16326	1
25145	17612	1
25146	5686	1
25147	5686	1
25148	9805	1
25149	9805	1
25151	1394	1
25152	8570	1
25153	8570	1
25154	13767	1
25155	13767	1
25156	15281	1
25157	15281	1
25158	14764	1
25159	14764	1
25160	12664	1
25162	8620	1
25163	8620	1
25164	883	1
25166	5882	1
25167	5882	1
25168	12624	1
25169	12624	1
25170	2643	1
25171	2643	1
25172	3111	1
25172	11210	1
25173	3111	1
25173	11210	1
25174	16709	1
25175	16709	1
25176	6472	1
25177	6472	1
25178	3735	1
25179	3735	1
25180	8530	1
25181	8530	1
25182	10464	1
25185	4153	1
25186	9886	1
25188	12055	1
25189	12055	1
25190	960	1
25191	960	1
25193	10271	1
25194	8045	1
25195	8045	1
25196	10997	1
25197	10997	1
25198	10532	1
25200	9399	1
25201	9399	1
25203	12860	1
25205	7792	1
25206	5939	1
25206	12359	1
25206	17233	1
25207	5939	1
25207	12359	1
25207	17233	1
25210	1189	1
25212	12902	1
25213	12902	1
25214	4219	1
25214	16103	1
25215	4219	1
25215	16103	1
25216	11145	1
25217	11145	1
25218	1359	1
25221	430	1
25224	13865	1
25225	13865	1
25226	15655	1
25227	15655	1
25228	10355	1
25229	10355	1
25230	10839	1
25231	10839	1
25232	2957	1
25233	2957	1
25234	2222	1
25235	2222	1
25237	5929	1
25238	2026	1
25239	2026	1
25244	16020	1
25245	16020	1
25246	17264	1
25248	3517	1
25249	3517	1
25250	14431	1
25251	14431	1
25252	8333	1
25253	8333	1
25254	17917	1
25256	11492	1
25257	11492	1
25258	14946	1
25259	14946	1
25260	12480	1
25261	12480	1
25263	890	1
25264	2612	1
25266	1211	1
25267	1211	1
25268	8608	1
25269	8608	1
25271	1842	1
25272	71	1
25273	71	1
25274	9638	1
25276	2178	1
25277	2178	1
25278	14466	1
25279	14466	1
25280	2599	1
25280	3871	1
25281	2599	1
25281	3871	1
25282	4699	1
25283	4699	1
25284	12227	1
25285	12227	1
25286	1897	1
25286	4433	1
25287	1897	1
25287	4433	1
25288	17827	1
25289	17827	1
25290	13407	1
25291	13407	1
25292	12353	1
25294	13145	1
25295	13145	1
25296	7375	1
25297	7375	1
25298	6038	1
25299	6038	1
25300	2462	1
25301	2462	1
25303	12661	1
25304	7169	1
25305	7169	1
25307	5123	1
25308	16193	1
25310	3241	1
25311	3241	1
25312	2306	1
25314	7085	1
25314	13149	1
25315	7085	1
25315	13149	1
25316	9657	1
25317	9657	1
25318	331	1
25319	331	1
25320	9984	1
25321	9984	1
25322	13485	1
25323	13485	1
25324	6659	1
25325	6659	1
25326	13796	1
25328	12607	1
25329	12607	1
25334	11374	1
25334	15335	1
25335	11374	1
25335	15335	1
25336	16364	1
25337	16364	1
25338	8182	1
25340	12532	1
25342	3918	1
25342	16507	1
25344	12725	1
25346	15099	1
25347	15099	1
25348	11330	1
25350	218	1
25351	218	1
25353	15568	1
25354	7398	1
25355	7398	1
25356	17686	1
25357	17686	1
25358	2043	1
25358	13245	1
25360	11727	1
25361	11727	1
25363	15478	1
25364	6363	1
25366	4707	1
25366	7906	1
25368	6705	1
25369	6705	1
25370	15429	1
25371	15429	1
25372	11140	1
25373	11140	1
25375	8982	1
25376	7334	1
25378	3601	1
25379	3601	1
25380	15752	1
25381	15752	1
25382	13299	1
25383	13299	1
25385	1280	1
25386	4839	1
25387	4839	1
25388	7826	1
25389	7826	1
25391	3065	1
25392	8245	1
25393	8245	1
25394	2331	1
25395	2331	1
25396	3276	1
25397	3276	1
25398	12292	1
25399	12292	1
25400	9208	1
25402	5026	1
25403	5026	1
25404	13042	1
25405	13042	1
25406	5963	1
25408	8891	1
25409	8891	1
25410	15759	1
25411	15759	1
25412	2551	1
25414	15779	1
25415	15779	1
25416	4637	1
25418	12391	1
25419	12391	1
25420	14327	1
25421	14327	1
25422	11821	1
25423	11821	1
25424	14649	1
25426	7764	1
25427	7764	1
25428	11198	1
25429	11198	1
25432	4066	1
25432	13012	1
25433	4066	1
25433	13012	1
25434	12955	1
25435	12955	1
25436	14246	1
25438	194	1
25439	194	1
25440	8379	1
25441	8379	1
25442	1911	1
25444	6182	1
25445	6182	1
25446	17251	1
25447	17251	1
25448	11900	1
25449	11900	1
25450	9782	1
25451	9782	1
25452	15147	1
25453	15147	1
25454	6905	1
25455	6905	1
25458	12112	1
25460	10552	1
25461	10552	1
25462	17975	1
25463	17975	1
25464	1872	1
25466	17013	1
25467	17013	1
25468	9383	1
25470	17906	1
25471	17906	1
25473	5592	1
25474	14782	1
25475	14782	1
25476	15920	1
25477	15920	1
25478	13433	1
25479	13433	1
25481	10066	1
25482	14856	1
25483	14856	1
25484	14402	1
25485	14402	1
25486	8856	1
25488	16477	1
25489	16477	1
25491	17892	1
25492	13496	1
25493	13496	1
25494	2400	1
25495	2400	1
25496	3978	1
25497	3978	1
25499	13917	1
25500	8190	1
25501	8190	1
25502	14833	1
25503	14833	1
25505	8307	1
25506	5269	1
25507	5269	1
25508	5628	1
25509	5628	1
25510	17266	1
25511	17266	1
25513	9564	1
25514	3692	1
25515	3692	1
25516	8179	1
25517	8179	1
25518	8267	1
25520	4496	1
25521	4496	1
25522	7825	1
25523	7825	1
25524	9025	1
25525	9025	1
25526	2003	1
25527	2003	1
25528	16645	1
25530	7422	1
25531	7422	1
25532	16134	1
25533	16134	1
25534	9456	1
25535	9456	1
25536	13892	1
25538	10011	1
25538	12343	1
25540	2424	1
25541	2424	1
25543	12823	1
25544	6838	1
25545	6838	1
25546	17410	1
25547	17410	1
25548	2159	1
25549	2159	1
25550	1863	1
25552	5949	1
25552	17537	1
25554	2666	1
25555	2666	1
25556	11728	1
25558	5766	1
25558	11217	1
25559	5766	1
25559	11217	1
25561	7575	1
25562	2239	1
25563	2239	1
25564	706	1
25565	706	1
25567	2588	1
25567	10548	1
25568	10923	1
25569	10923	1
25571	5239	1
25572	852	1
25573	852	1
25574	3307	1
25577	17639	1
25578	5032	1
25579	5032	1
25580	13612	1
25581	13612	1
25582	5924	1
25584	18137	1
25585	18137	1
25586	10093	1
25588	9743	1
25592	7771	1
25595	7204	1
25596	5867	1
25596	7502	1
25599	4288	1
25600	17421	1
25601	17421	1
25602	13514	1
25605	2227	1
25606	6888	1
25606	13554	1
25607	6888	1
25607	13554	1
25609	11601	1
25611	7818	1
25612	12129	1
25615	16895	1
25616	17445	1
25617	17445	1
25618	4809	1
25620	17403	1
25621	17403	1
25622	8980	1
25623	8980	1
25624	12819	1
25625	12819	1
25626	12350	1
25627	12350	1
25628	2644	1
25630	17452	1
25631	17452	1
25632	513	1
25632	8344	1
25633	513	1
25633	8344	1
25634	17902	1
25635	17902	1
25636	15319	1
25637	15319	1
25638	17536	1
25640	15696	1
25641	15696	1
25642	13398	1
25643	13398	1
25644	8279	1
25644	8801	1
25646	6957	1
25647	6957	1
25648	16740	1
25649	16740	1
25650	15286	1
25651	15286	1
25652	15888	1
25653	15888	1
25654	825	1
25655	825	1
25656	3792	1
25657	3792	1
25658	13295	1
25659	13295	1
25660	10467	1
25661	10467	1
25662	5690	1
25663	5690	1
25664	1458	1
25667	4031	1
25668	2429	1
25670	9359	1
25671	9359	1
25672	4049	1
25673	4049	1
25674	11695	1
25675	11695	1
25676	13691	1
25677	13691	1
25679	15840	1
25680	4295	1
25681	4295	1
25682	12110	1
25683	12110	1
25685	5126	1
25686	3497	1
25687	3497	1
25688	5648	1
25690	16912	1
25693	6752	1
25697	1451	1
25700	17297	1
25701	17297	1
25702	10398	1
25702	14557	1
25703	10398	1
25703	14557	1
25706	14690	1
25707	14690	1
25709	5166	1
25710	15120	1
25713	4145	1
25714	1684	1
25715	1684	1
25716	7775	1
25717	7775	1
25718	5148	1
25720	537	1
25721	537	1
25722	12459	1
25723	12459	1
25724	13183	1
25725	13183	1
25726	4533	1
25727	4533	1
25728	16023	1
25729	16023	1
25731	2636	1
25732	8689	1
25733	8689	1
25734	14568	1
25735	14568	1
25737	13048	1
25738	11588	1
25739	11588	1
25740	13816	1
25741	13816	1
25742	5437	1
25743	5437	1
25746	12525	1
25747	12525	1
25748	6220	1
25749	6220	1
25750	3860	1
25754	11871	1
25755	11871	1
25756	16491	1
25757	16491	1
25758	9499	1
25759	9499	1
25760	10726	1
25761	10726	1
25762	7714	1
25763	7714	1
25764	696	1
25765	696	1
25768	1878	1
25770	11615	1
25771	11615	1
25772	12211	1
25773	12211	1
25774	14843	1
25775	14843	1
25776	6884	1
25777	6884	1
25778	1932	1
25779	1932	1
25780	3507	1
25782	17293	1
25783	17293	1
25784	4775	1
25785	4775	1
25786	12108	1
25787	12108	1
25788	3044	1
25789	3044	1
25790	9251	1
25791	9251	1
25792	8840	1
25794	13570	1
25795	13570	1
25796	12747	1
25797	12747	1
25798	8256	1
25799	8256	1
25800	8015	1
25802	17401	1
25803	17401	1
25805	8668	1
25806	411	1
25807	411	1
25808	2265	1
25809	2265	1
25811	5128	1
25812	2182	1
25813	2182	1
25814	3481	1
25816	1063	1
25817	1063	1
25818	8193	1
25819	8193	1
25820	14494	1
25821	14494	1
25822	16299	1
25823	16299	1
25824	6935	1
25825	6935	1
25826	2931	1
25829	7333	1
25830	15092	1
25831	15092	1
25832	1778	1
25833	1778	1
25834	14424	1
25835	14424	1
25836	7351	1
25837	7351	1
25838	16404	1
25839	16404	1
25841	14332	1
25843	5487	1
25843	17289	1
25843	17991	1
25844	12167	1
25845	12167	1
25847	17901	1
25848	7393	1
25852	17046	1
25855	12445	1
25856	8650	1
25857	8650	1
25858	13459	1
25859	13459	1
25860	5784	1
25861	5784	1
25862	15813	1
25863	15813	1
25864	3483	1
25865	3483	1
25866	2184	1
25868	6166	1
25869	6166	1
25870	7901	1
25871	7901	1
25872	6601	1
25873	6601	1
25874	14660	1
25875	14660	1
25878	17643	1
25879	17643	1
25880	6965	1
25881	6965	1
25882	13877	1
25884	2512	1
25885	2512	1
25887	1198	1
25889	7872	1
25890	724	1
25892	15250	1
25893	15250	1
25894	839	1
25894	3777	1
25895	839	1
25895	3777	1
25896	631	1
25897	631	1
25898	8691	1
25899	8691	1
25901	5651	1
25902	2163	1
25903	2163	1
25904	10836	1
25905	10836	1
25906	16371	1
25907	16371	1
25908	13589	1
25909	13589	1
25912	13470	1
25914	14138	1
25915	14138	1
25916	12125	1
25917	12125	1
25918	4944	1
25918	10231	1
25919	4944	1
25919	10231	1
25921	4749	1
25923	13495	1
25924	1184	1
25924	13172	1
25926	5721	1
25927	5721	1
25928	10618	1
25929	10618	1
25930	6810	1
25930	12641	1
25931	6810	1
25931	12641	1
25932	3749	1
25933	3749	1
25934	16226	1
25935	16226	1
25936	9561	1
25938	4340	1
25939	4340	1
25940	16588	1
25941	16588	1
25945	4841	1
25946	11153	1
25947	11153	1
25950	5985	1
25951	5985	1
25952	14722	1
25953	14722	1
25954	11319	1
25955	11319	1
25956	7719	1
25956	7962	1
25957	7719	1
25957	7962	1
25958	16112	1
25960	1552	1
25962	8621	1
25963	8621	1
25967	17084	1
25968	13832	1
25969	13832	1
25970	6808	1
25971	6808	1
25972	5919	1
25973	5919	1
25975	15716	1
25976	13421	1
25977	13421	1
25978	12764	1
25979	12764	1
25980	16919	1
25982	9519	1
25983	9519	1
25984	15042	1
25985	15042	1
25987	5691	1
25988	7448	1
25988	12381	1
25989	7448	1
25989	12381	1
25990	2228	1
25991	2228	1
25994	7346	1
25995	7346	1
25996	4492	1
25999	3387	1
26000	5964	1
26001	5964	1
26003	610	1
26003	3988	1
26005	10302	1
26006	13429	1
26007	13429	1
26008	9044	1
26010	12361	1
26011	12361	1
26012	745	1
26013	745	1
26014	1923	1
26015	1923	1
26016	3315	1
26017	3315	1
26018	9475	1
26020	10682	1
26020	15475	1
26020	18131	1
26021	10682	1
26021	15475	1
26021	18131	1
26022	13218	1
26023	13218	1
26024	10496	1
26025	10496	1
26027	3797	1
26028	16985	1
26029	16985	1
26030	12314	1
26033	2836	1
26035	17299	1
26038	2911	1
26039	2911	1
26040	16092	1
26041	16092	1
26042	14422	1
26043	14422	1
26045	9698	1
26046	16775	1
26048	9492	1
26049	9492	1
26050	16804	1
26051	16804	1
26052	13324	1
26053	13324	1
26054	16922	1
26055	16922	1
26056	2563	1
26057	2563	1
26058	11488	1
26059	11488	1
26060	10477	1
26061	10477	1
26062	14086	1
26063	14086	1
26064	2623	1
26064	9184	1
26065	2623	1
26065	9184	1
26068	5176	1
26069	5176	1
26070	9810	1
26072	4758	1
26073	4758	1
26074	1140	1
26075	1140	1
26078	13742	1
26080	2214	1
26082	8458	1
26083	8458	1
26084	3278	1
26085	3278	1
26087	3679	1
26088	17286	1
26089	17286	1
26091	4274	1
26093	3320	1
26094	15724	1
26095	15724	1
26096	511	1
26097	511	1
26099	15648	1
26100	915	1
26101	915	1
26102	14284	1
26103	14284	1
26104	10915	1
26106	1225	1
26108	15684	1
26109	15684	1
26110	8098	1
26111	8098	1
26113	6610	1
26115	2275	1
26116	14886	1
26117	14886	1
26119	10013	1
26120	3783	1
26121	3783	1
26122	15811	1
26123	15811	1
26124	9190	1
26125	9190	1
26126	7432	1
26127	7432	1
26128	8032	1
26130	1578	1
26131	1578	1
26132	16381	1
26133	16381	1
26134	7424	1
26135	7424	1
26136	16190	1
26137	16190	1
26138	17765	1
26139	17765	1
26140	2315	1
26141	2315	1
26143	5586	1
26144	11942	1
26150	16333	1
26151	16333	1
26153	3430	1
26154	10590	1
26156	16589	1
26159	5748	1
26161	12280	1
26162	3706	1
26163	3706	1
26164	10159	1
26165	10159	1
26166	3191	1
26167	3191	1
26169	1549	1
26170	7138	1
26171	7138	1
26173	10057	1
26175	12307	1
26176	567	1
26177	567	1
26178	8382	1
26179	8382	1
26182	16488	1
26183	16488	1
26184	5671	1
26185	5671	1
26186	9253	1
26187	9253	1
26188	3034	1
26189	3034	1
26190	10136	1
26191	10136	1
26192	5336	1
26193	5336	1
26195	6567	1
26197	17930	1
26198	17854	1
26199	17854	1
26200	2460	1
26201	2460	1
26202	8055	1
26203	8055	1
26204	14446	1
26205	14446	1
26206	5261	1
26207	5261	1
26208	5168	1
26209	5168	1
26210	4236	1
26211	4236	1
26212	17539	1
26213	17539	1
26215	2923	1
26216	17338	1
26217	17338	1
26218	10895	1
26220	8754	1
26221	8754	1
26222	9349	1
26223	9349	1
26224	7979	1
26225	7979	1
26226	18025	1
26227	18025	1
26228	9378	1
26230	6993	1
26231	6993	1
26232	5528	1
26233	5528	1
26234	885	1
26235	885	1
26236	3841	1
26237	3841	1
26238	2554	1
26239	2554	1
26240	8686	1
26241	8686	1
26242	4201	1
26243	4201	1
26244	3061	1
26245	3061	1
26246	5015	1
26248	2336	1
26248	10602	1
26249	2336	1
26249	10602	1
26250	15836	1
26251	15836	1
26252	910	1
26254	4162	1
26255	4162	1
26256	1845	1
26257	1845	1
26258	15515	1
26259	15515	1
26260	9306	1
26261	9306	1
26264	6401	1
26265	6401	1
26266	4157	1
26267	4157	1
26268	3909	1
26269	3909	1
26270	6134	1
26271	6134	1
26273	12271	1
26274	4874	1
26275	4874	1
26276	12509	1
26277	12509	1
26278	17937	1
26279	17937	1
26280	11896	1
26281	11896	1
26282	10229	1
26283	10229	1
26285	1315	1
26286	228	1
26287	228	1
26289	14440	1
26290	6925	1
26291	6925	1
26292	10633	1
26293	10633	1
26294	8547	1
26295	8547	1
26296	10167	1
26297	10167	1
26299	1080	1
26300	2349	1
26301	2349	1
26302	14492	1
26303	14492	1
26304	14701	1
26307	3108	1
26307	14663	1
26308	1954	1
26309	1954	1
26310	10704	1
26311	10704	1
26312	17646	1
26313	17646	1
26314	5052	1
26315	5052	1
26316	3688	1
26317	3688	1
26318	14428	1
26319	14428	1
26320	11490	1
26321	11490	1
26323	10025	1
26325	12908	1
26326	17531	1
26327	17531	1
26328	13837	1
26329	13837	1
26330	5259	1
26331	5259	1
26333	6431	1
26334	8341	1
26335	8341	1
26336	17950	1
26337	17950	1
26339	6553	1
26340	11204	1
26340	11516	1
26341	11204	1
26341	11516	1
26342	15666	1
26343	15666	1
26344	17431	1
26345	17431	1
26346	4398	1
26347	4398	1
26348	6765	1
26349	6765	1
26350	12205	1
26351	12205	1
26352	8438	1
26354	17318	1
26355	17318	1
26356	10592	1
26357	10592	1
26358	60	1
26359	60	1
26360	2008	1
26361	2008	1
26362	13922	1
26363	13922	1
26364	3334	1
26366	14047	1
26367	14047	1
26369	13159	1
26370	1724	1
26371	1724	1
26373	1610	1
26374	6052	1
26375	6052	1
26376	11567	1
26377	11567	1
26378	15619	1
26379	15619	1
26380	9607	1
26380	14387	1
26382	11096	1
26382	14910	1
26383	11096	1
26383	14910	1
26384	12221	1
26386	4424	1
26388	13202	1
26389	13202	1
26394	15030	1
26395	15030	1
26396	13849	1
26397	13849	1
26400	5311	1
26401	5311	1
26402	7177	1
26403	7177	1
26404	16264	1
26405	16264	1
26406	4143	1
26407	4143	1
26408	8235	1
26409	8235	1
26410	12496	1
26410	13956	1
26412	96	1
26413	96	1
26414	17255	1
26416	4283	1
26417	4283	1
26418	6869	1
26419	6869	1
26420	577	1
26423	5878	1
26424	11259	1
26425	11259	1
26427	4878	1
26428	10444	1
26429	10444	1
26430	5273	1
26431	5273	1
26432	11357	1
26433	11357	1
26434	5793	1
26435	5793	1
26436	10305	1
26437	10305	1
26439	5490	1
26442	4877	1
26443	4877	1
26444	8009	1
26444	16177	1
26445	8009	1
26445	16177	1
26446	12063	1
26447	12063	1
26448	14114	1
26449	14114	1
26450	3751	1
26451	3751	1
26452	15356	1
26453	15356	1
26455	1203	1
26456	10043	1
26457	10043	1
26458	7055	1
26458	12968	1
26460	2781	1
26462	7218	1
26464	6698	1
26466	10767	1
26469	3583	1
26469	16379	1
26470	4756	1
26471	4756	1
26472	9661	1
26473	9661	1
26474	16506	1
26475	16506	1
26477	11556	1
26480	12430	1
26482	15723	1
26483	15723	1
26484	4265	1
26485	4265	1
26486	13927	1
26487	13927	1
26488	6255	1
26490	8834	1
26491	8834	1
26494	79	1
26495	79	1
26496	14361	1
26497	14361	1
26498	1663	1
26499	1663	1
26501	15371	1
26502	8575	1
26503	8575	1
26504	5630	1
26506	285	1
26507	285	1
26508	6880	1
26509	6880	1
26510	11514	1
26511	11514	1
26512	18030	1
26513	18030	1
26514	1918	1
26515	1918	1
26516	14287	1
26517	14287	1
26519	7164	1
26520	7050	1
26521	7050	1
26522	8768	1
26523	8768	1
26524	10131	1
26527	11552	1
26528	17636	1
26529	17636	1
26531	7761	1
26532	14104	1
26533	14104	1
26534	3124	1
26535	3124	1
26536	12013	1
26537	12013	1
26538	15771	1
26539	15771	1
26540	2090	1
26542	5742	1
26543	5742	1
26544	16765	1
26545	16765	1
26546	6151	1
26548	1320	1
26550	10474	1
26551	10474	1
26552	7690	1
26553	7690	1
26554	2821	1
26555	2821	1
26556	4395	1
26557	4395	1
26558	6186	1
26560	17926	1
26561	17926	1
26562	15097	1
26563	15097	1
26564	3321	1
26565	3321	1
26566	12486	1
26566	13817	1
26567	12486	1
26567	13817	1
26568	10698	1
26571	8910	1
26573	13605	1
26574	11916	1
26575	11916	1
26576	16200	1
26577	16200	1
26579	1465	1
26580	15608	1
26582	5333	1
26583	5333	1
26585	4562	1
26586	12735	1
26587	12735	1
26589	13257	1
26591	74	1
26592	5988	1
26593	5988	1
26594	8692	1
26595	8692	1
26596	4348	1
26597	4348	1
26598	16586	1
26600	10766	1
26602	12605	1
26603	12605	1
26604	5598	1
26605	5598	1
26606	2886	1
26606	13473	1
26607	2886	1
26607	13473	1
26609	16657	1
26610	13658	1
26611	13658	1
26612	8096	1
26613	8096	1
26615	1002	1
26616	5340	1
26617	5340	1
26618	4725	1
26619	4725	1
26620	3428	1
26621	3428	1
26622	5970	1
26622	11945	1
26622	17675	1
26624	8979	1
26625	8979	1
26626	962	1
26628	7243	1
26629	7243	1
26630	9024	1
26631	9024	1
26632	3357	1
26633	3357	1
26634	9733	1
26636	5425	1
26637	5425	1
26640	11620	1
26641	11620	1
26642	12850	1
26643	12850	1
26644	17778	1
26645	17778	1
26646	4597	1
26647	4597	1
26648	294	1
26649	294	1
26650	17742	1
26651	17742	1
26652	6090	1
26656	5378	1
26657	5378	1
26658	17187	1
26659	17187	1
26660	15342	1
26662	8346	1
26663	8346	1
26664	7543	1
26666	3231	1
26667	3231	1
26668	15324	1
26669	15324	1
26671	9014	1
26673	3906	1
26674	15149	1
26675	15149	1
26676	15551	1
26677	15551	1
26678	2287	1
26679	2287	1
26680	8022	1
26681	8022	1
26682	11304	1
26683	11304	1
26685	7810	1
26686	12074	1
26687	12074	1
26689	12481	1
26690	3251	1
26691	3251	1
26692	17314	1
26694	17211	1
26695	17211	1
26696	16199	1
26697	16199	1
26698	11905	1
26700	569	1
26701	569	1
26702	7416	1
26703	7416	1
26704	6573	1
26705	6573	1
26706	14106	1
26707	14106	1
26708	4041	1
26708	8766	1
26708	10341	1
26709	4041	1
26709	8766	1
26709	10341	1
26711	11	1
26712	6604	1
26713	6604	1
26714	227	1
26715	227	1
26717	4641	1
26717	17889	1
26718	4735	1
26719	4735	1
26720	17197	1
26721	17197	1
26723	2192	1
26724	15422	1
26725	15422	1
26726	1701	1
26727	1701	1
26728	2824	1
26728	5263	1
26730	17056	1
26731	17056	1
26732	11932	1
26738	17270	1
26740	6187	1
26741	6187	1
26742	5591	1
26743	5591	1
26744	6749	1
26745	6749	1
26746	59	1
26747	59	1
26748	12991	1
26748	13544	1
26749	12991	1
26749	13544	1
26750	2234	1
26751	2234	1
26752	12925	1
26753	12925	1
26754	1690	1
26755	1690	1
26756	1423	1
26757	1423	1
26758	4147	1
26759	4147	1
26760	17938	1
26761	17938	1
26762	1915	1
26763	1915	1
26764	8921	1
26765	8921	1
26766	622	1
26767	622	1
26769	1673	1
26771	14786	1
26773	5262	1
26775	2153	1
26776	4792	1
26777	4792	1
26778	4544	1
26779	4544	1
26780	11888	1
26781	11888	1
26782	16799	1
26784	4742	1
26785	4742	1
26786	16545	1
26787	16545	1
26788	14534	1
26789	14534	1
26790	15033	1
26791	15033	1
26792	482	1
26795	3535	1
26796	11276	1
26797	11276	1
26799	14822	1
26800	12310	1
26803	17858	1
26804	6682	1
26805	6682	1
26806	16033	1
26807	16033	1
26809	2989	1
26810	16108	1
26811	16108	1
26814	14108	1
26815	14108	1
26816	8293	1
26817	8293	1
26818	4331	1
26819	4331	1
26821	3217	1
26822	15222	1
26823	15222	1
26825	15590	1
26827	3366	1
26828	11058	1
26830	650	1
26831	650	1
26833	5546	1
26835	2618	1
26837	3835	1
26838	7482	1
26839	7482	1
26841	16710	1
26842	11277	1
26844	8012	1
26846	11677	1
26847	11677	1
26848	17908	1
26850	6163	1
26851	6163	1
26853	11752	1
26854	3500	1
26855	3500	1
26856	5589	1
26857	5589	1
26859	5327	1
26860	11553	1
26861	11553	1
26863	4811	1
26865	15168	1
26868	916	1
26868	3117	1
26869	916	1
26869	3117	1
26870	11953	1
26871	11953	1
26872	10485	1
26873	10485	1
26875	10156	1
26876	4373	1
26877	4373	1
26878	8549	1
26879	8549	1
26880	13755	1
26881	13755	1
26882	13325	1
26883	13325	1
26884	5104	1
26886	8531	1
26887	8531	1
26888	8246	1
26888	10134	1
26889	8246	1
26889	10134	1
26890	10492	1
26891	10492	1
26892	8332	1
26893	8332	1
26894	17525	1
26895	17525	1
26896	15997	1
26897	15997	1
26898	14063	1
26898	14802	1
26899	14063	1
26899	14802	1
26903	8786	1
26904	13445	1
26906	1293	1
26907	1293	1
26908	16581	1
26911	7022	1
26912	2435	1
26913	2435	1
26914	7406	1
26915	7406	1
26916	3573	1
26916	9899	1
26918	12654	1
26919	12654	1
26920	10054	1
26922	13420	1
26923	13420	1
26924	1758	1
26925	1758	1
26926	17107	1
26927	17107	1
26928	15144	1
26928	15784	1
26932	14006	1
26933	14006	1
26935	3275	1
26936	14334	1
26938	10447	1
26939	10447	1
26940	10609	1
26941	10609	1
26942	8470	1
26943	8470	1
26944	1266	1
26945	1266	1
26946	11340	1
26947	11340	1
26948	6133	1
26949	6133	1
26950	13338	1
26951	13338	1
26952	1539	1
26956	14094	1
26957	14094	1
26958	16247	1
26959	16247	1
26960	5018	1
26961	5018	1
26962	17695	1
26964	2125	1
26966	7573	1
26968	9628	1
26969	9628	1
26970	531	1
26970	12676	1
26973	4063	1
26974	1180	1
26975	1180	1
26976	9274	1
26978	17755	1
26979	17755	1
26980	4102	1
26980	16044	1
26981	4102	1
26981	16044	1
26982	10442	1
26983	10442	1
26984	15274	1
26985	15274	1
26986	3926	1
26987	3926	1
26988	5923	1
26990	16350	1
26992	11398	1
26993	11398	1
26994	13599	1
26997	5150	1
26998	14727	1
26999	14727	1
27000	5406	1
27001	5406	1
27005	10834	1
27006	11565	1
27007	11565	1
27008	3381	1
27008	4321	1
27009	3381	1
27009	4321	1
27011	17131	1
27012	16406	1
27014	10115	1
27015	10115	1
27017	7408	1
27018	38	1
27021	13784	1
27022	15844	1
27023	15844	1
27024	6585	1
27025	6585	1
27028	2017	1
27028	12945	1
27029	2017	1
27029	12945	1
27030	355	1
27031	355	1
27032	7609	1
27033	7609	1
27034	5429	1
27035	5429	1
27036	5620	1
27038	16452	1
27039	16452	1
27040	5679	1
27041	5679	1
27043	8875	1
27045	7644	1
27046	13057	1
27047	13057	1
27048	14467	1
27049	14467	1
27050	2538	1
27051	2538	1
27052	13708	1
27053	13708	1
27054	465	1
27055	465	1
27056	5036	1
27059	13617	1
27060	16760	1
27061	16760	1
27062	14869	1
27063	14869	1
27064	7889	1
27065	7889	1
27066	7298	1
27067	7298	1
27069	15263	1
27070	2174	1
27071	2174	1
27072	4211	1
27073	4211	1
27074	3375	1
27075	3375	1
27076	9267	1
27077	9267	1
27078	7152	1
27079	7152	1
27080	17005	1
27081	17005	1
27082	9275	1
27083	9275	1
27085	1884	1
27086	10625	1
27087	10625	1
27088	5840	1
27089	5840	1
27090	12299	1
27092	6852	1
27093	6852	1
27094	329	1
27095	329	1
27098	12895	1
27100	5769	1
27101	5769	1
27102	723	1
27103	723	1
27105	7442	1
27107	3	1
27108	14924	1
27109	14924	1
27111	6657	1
27112	12580	1
27113	12580	1
27114	1791	1
27115	1791	1
27116	322	1
27117	322	1
27118	12874	1
27119	12874	1
27120	15256	1
27121	15256	1
27123	7428	1
27124	10770	1
27125	10770	1
27126	8215	1
27128	5539	1
27129	5539	1
27130	1925	1
27131	1925	1
27132	10524	1
27133	10524	1
27134	4114	1
27136	12031	1
27137	12031	1
27138	10137	1
27139	10137	1
27140	9142	1
27140	10978	1
27141	9142	1
27141	10978	1
27142	10560	1
27143	10560	1
27144	2335	1
27146	5820	1
27147	5820	1
27149	16659	1
27150	1565	1
27152	18075	1
27152	18127	1
27153	18075	1
27153	18127	1
27154	5479	1
27155	5479	1
27158	2536	1
27159	2536	1
27160	641	1
27161	641	1
27162	4392	1
27163	4392	1
27164	8155	1
27165	8155	1
27166	367	1
27167	367	1
27168	2682	1
27169	2682	1
27170	16290	1
27171	16290	1
27172	6794	1
27173	6794	1
27175	14357	1
27176	2358	1
27177	2358	1
27178	6941	1
27178	14662	1
27179	6941	1
27179	14662	1
27183	3014	1
27184	5821	1
27186	4333	1
27187	4333	1
27189	4389	1
27190	829	1
27191	829	1
27192	2617	1
27193	2617	1
27194	8170	1
27195	8170	1
27197	11828	1
27199	8553	1
27200	11581	1
27201	11581	1
27202	7693	1
27203	7693	1
27204	2345	1
27204	4921	1
27205	2345	1
27205	4921	1
27207	3114	1
27209	13419	1
27211	12076	1
27212	9319	1
27213	9319	1
27214	5987	1
27215	5987	1
27216	18	1
27217	18	1
27218	11915	1
27219	11915	1
27221	970	1
27222	9497	1
27223	9497	1
27224	5090	1
27225	5090	1
27226	7445	1
27226	15488	1
27227	7445	1
27227	15488	1
27228	14070	1
27230	1600	1
27231	1600	1
27232	9002	1
27233	9002	1
27234	11173	1
27235	11173	1
27236	11735	1
27237	11735	1
27238	7834	1
27239	7834	1
27240	2766	1
27241	2766	1
27242	9259	1
27243	9259	1
27244	2622	1
27245	2622	1
27246	8580	1
27247	8580	1
27249	14855	1
27250	2544	1
27251	2544	1
27252	16797	1
27254	9725	1
27255	9725	1
27256	2209	1
27257	2209	1
27258	5890	1
27259	5890	1
27260	5994	1
27262	5110	1
27263	5110	1
27264	12201	1
27265	12201	1
27267	1615	1
27268	11736	1
27269	11736	1
27270	2048	1
27271	2048	1
27274	7804	1
27275	7804	1
27277	17506	1
27278	3527	1
27279	3527	1
27280	14599	1
27281	14599	1
27282	5829	1
27283	5829	1
27285	17744	1
27287	10194	1
27288	18057	1
27289	18057	1
27290	15582	1
27293	1580	1
27294	15427	1
27295	15427	1
27296	1629	1
27296	1879	1
27296	3208	1
27297	1629	1
27297	1879	1
27297	3208	1
27298	77	1
27300	4252	1
27301	4252	1
27303	17716	1
27305	1473	1
27306	11746	1
27308	2791	1
27309	2791	1
27311	10090	1
27312	17466	1
27313	17466	1
27314	14842	1
27315	14842	1
27316	4459	1
27317	4459	1
27318	17876	1
27319	17876	1
27320	16699	1
27321	16699	1
27322	497	1
27324	10857	1
27325	10857	1
27327	15487	1
27328	3277	1
27330	4978	1
27331	4978	1
27332	1241	1
27332	2893	1
27333	1241	1
27333	2893	1
27334	4724	1
27335	4724	1
27336	14696	1
27337	14696	1
27338	16932	1
27339	16932	1
27340	9838	1
27341	9838	1
27342	4795	1
27343	4795	1
27344	17007	1
27345	17007	1
27346	16255	1
27347	16255	1
27348	13223	1
27349	13223	1
27352	15196	1
27353	15196	1
27355	8387	1
27355	15301	1
27356	1745	1
27357	1745	1
27358	11382	1
27359	11382	1
27360	2757	1
27361	2757	1
27362	9738	1
27363	9738	1
27364	16665	1
27365	16665	1
27366	5358	1
27367	5358	1
27368	1726	1
27369	1726	1
27371	8075	1
27372	12814	1
27374	8363	1
27375	8363	1
27376	14754	1
27377	14754	1
27378	8712	1
27379	8712	1
27380	6027	1
27381	6027	1
27383	9808	1
27384	8927	1
27386	2337	1
27387	2337	1
27388	14527	1
27390	2093	1
27391	2093	1
27392	6200	1
27393	6200	1
27394	10777	1
27395	10777	1
27396	5568	1
27397	5568	1
27398	4300	1
27399	4300	1
27400	8733	1
27401	8733	1
27402	14844	1
27403	14844	1
27404	11998	1
27405	11998	1
27406	15246	1
27407	15246	1
27408	5043	1
27409	5043	1
27410	14153	1
27411	14153	1
27412	14273	1
27413	14273	1
27414	6100	1
27415	6100	1
27416	5206	1
27417	5206	1
27419	2936	1
27421	17138	1
27422	4346	1
27423	4346	1
27424	10881	1
27426	10644	1
27427	10644	1
27428	3130	1
27429	3130	1
27430	6492	1
27431	6492	1
27432	6218	1
27433	6218	1
27434	7310	1
27435	7310	1
27436	8270	1
27437	8270	1
27438	2986	1
27439	2986	1
27440	11665	1
27441	11665	1
27442	7155	1
27443	7155	1
27444	15052	1
27445	15052	1
27446	15819	1
27448	13253	1
27449	13253	1
27450	700	1
27451	700	1
27452	4797	1
27452	8061	1
27453	4797	1
27453	8061	1
27454	10823	1
27455	10823	1
27456	1491	1
27459	17324	1
27460	3582	1
27461	3582	1
27462	5830	1
27463	5830	1
27464	8674	1
27465	8674	1
27467	15328	1
27468	17603	1
27469	17603	1
27470	14763	1
27471	14763	1
27472	1721	1
27473	1721	1
27474	17152	1
27475	17152	1
27476	5726	1
27477	5726	1
27478	10559	1
27479	10559	1
27482	16606	1
27483	16606	1
27485	7516	1
27486	13746	1
27487	13746	1
27488	14182	1
27489	14182	1
27490	14986	1
27491	14986	1
27494	17083	1
27495	17083	1
27498	15232	1
27499	15232	1
27500	8998	1
27501	8998	1
27502	16214	1
27503	16214	1
27504	11808	1
27506	16184	1
27507	16184	1
27508	5718	1
27509	5718	1
27510	10903	1
27512	259	1
27514	11051	1
27516	1674	1
27517	1674	1
27518	1224	1
27519	1224	1
27520	7131	1
27521	7131	1
27522	241	1
27523	241	1
27524	4631	1
27525	4631	1
27526	8013	1
27527	8013	1
27529	17821	1
27530	6872	1
27531	6872	1
27532	10003	1
27533	10003	1
27534	7269	1
27535	7269	1
27537	5650	1
27537	17503	1
27538	6070	1
27539	6070	1
27540	2514	1
27541	2514	1
27542	11855	1
27543	11855	1
27544	12485	1
27546	14132	1
27549	1511	1
27550	13221	1
27551	13221	1
27552	12571	1
27553	12571	1
27554	3593	1
27555	3593	1
27556	4755	1
27558	1627	1
27559	1627	1
27561	6250	1
27562	6501	1
27563	6501	1
27564	6949	1
27565	6949	1
27566	5296	1
27569	10962	1
27571	5203	1
27572	415	1
27574	15407	1
27575	15407	1
27576	7196	1
27580	3314	1
27581	3314	1
27582	11012	1
27584	10610	1
27585	10610	1
27586	5900	1
27587	5900	1
27588	6019	1
27589	6019	1
27590	13841	1
27591	13841	1
27592	13490	1
27593	13490	1
27594	3394	1
27595	3394	1
27596	3138	1
27596	13135	1
27597	3138	1
27597	13135	1
27598	5502	1
27600	7729	1
27601	7729	1
27602	8428	1
27604	7173	1
27605	7173	1
27606	1069	1
27607	1069	1
27608	11680	1
27609	11680	1
27610	8803	1
27611	8803	1
27614	3826	1
27615	3826	1
27616	16154	1
27617	16154	1
27618	335	1
27619	335	1
27620	4074	1
27621	4074	1
27622	366	1
27623	366	1
27624	6332	1
27625	6332	1
27626	2070	1
27627	2070	1
27628	7910	1
27632	7702	1
27633	7702	1
27635	9072	1
27638	16090	1
27639	16090	1
27640	6251	1
27641	6251	1
27642	2775	1
27643	2775	1
27644	17823	1
27645	17823	1
27647	4511	1
27648	2319	1
27648	5775	1
27649	2319	1
27649	5775	1
27651	2215	1
27652	13167	1
27653	13167	1
27654	3264	1
27655	3264	1
27656	733	1
27657	733	1
27658	13002	1
27660	7657	1
27661	7657	1
27662	7864	1
27664	12684	1
27665	12684	1
27667	1531	1
27668	17670	1
27669	17670	1
27670	11343	1
27671	11343	1
27672	1853	1
27673	1853	1
27677	3831	1
27678	15529	1
27679	15529	1
27680	5350	1
27681	5350	1
27683	3808	1
27684	11880	1
27685	11880	1
27686	12750	1
27687	12750	1
27688	8612	1
27689	8612	1
27690	17059	1
27692	9042	1
27693	9042	1
27694	3271	1
27695	3271	1
27696	15154	1
27698	12259	1
27699	12259	1
27700	8793	1
27701	8793	1
27702	6981	1
27703	6981	1
27704	7611	1
27705	7611	1
27706	17663	1
27709	16691	1
27710	1317	1
27711	1317	1
27712	4986	1
27713	4986	1
27714	13319	1
27715	13319	1
27716	1443	1
27717	1443	1
27718	10951	1
27721	9555	1
27723	3824	1
27724	8214	1
27725	8214	1
27727	17412	1
27728	10906	1
27729	10906	1
27732	16345	1
27734	16859	1
27736	8020	1
27737	8020	1
27739	5341	1
27741	11159	1
27742	12510	1
27743	12510	1
27744	17344	1
27746	8282	1
27747	8282	1
27748	15827	1
27749	15827	1
27750	14221	1
27751	14221	1
27752	404	1
27753	404	1
27754	654	1
27756	15479	1
27758	7136	1
27759	7136	1
27761	7973	1
27762	4891	1
27763	4891	1
27764	9076	1
27765	9076	1
27766	13110	1
27768	5977	1
27769	5977	1
27770	16308	1
27771	16308	1
27775	324	1
27776	12283	1
27777	12283	1
27779	14676	1
27780	806	1
27781	806	1
27782	1326	1
27783	1326	1
27784	9979	1
27785	9979	1
27786	16596	1
27787	16596	1
27788	16113	1
27789	16113	1
27790	12682	1
27791	12682	1
27792	1859	1
27793	1859	1
27794	8243	1
27795	8243	1
27796	11035	1
27797	11035	1
27798	4632	1
27800	4006	1
27801	4006	1
27802	14013	1
27803	14013	1
27804	9647	1
27807	9798	1
27808	340	1
27809	340	1
27810	5729	1
27811	5729	1
27812	15843	1
27812	16460	1
27813	15843	1
27813	16460	1
27814	10361	1
27816	14297	1
27818	17943	1
27819	17943	1
27820	2395	1
27820	3704	1
27821	2395	1
27821	3704	1
27822	3279	1
27823	3279	1
27824	9351	1
27825	9351	1
27826	18044	1
27826	18077	1
27827	18044	1
27827	18077	1
27828	2977	1
27830	16518	1
27832	5803	1
27833	5803	1
27834	15174	1
27835	15174	1
27836	7283	1
27837	7283	1
27838	10339	1
27841	16436	1
27842	2001	1
27843	2001	1
27845	9709	1
27846	13250	1
27848	1179	1
27849	1179	1
27850	4620	1
27851	4620	1
27852	12047	1
27853	12047	1
27854	2999	1
27855	2999	1
27856	2967	1
27857	2967	1
27858	9473	1
27859	9473	1
27860	5191	1
27861	5191	1
27863	6259	1
27865	17295	1
27866	726	1
27869	2321	1
27869	5299	1
27869	11921	1
27870	1278	1
27870	13277	1
27871	1278	1
27871	13277	1
27872	1459	1
27875	14775	1
27876	15642	1
27877	15642	1
27880	1938	1
27881	1938	1
27883	13488	1
27886	14797	1
27887	14797	1
27889	9124	1
27891	7285	1
27892	5390	1
27893	5390	1
27894	5672	1
27895	5672	1
27897	16560	1
27898	2744	1
27898	13665	1
27899	2744	1
27899	13665	1
27901	3151	1
27902	13113	1
27903	13113	1
27904	16159	1
27905	16159	1
27907	2585	1
27908	17177	1
27909	17177	1
27910	16890	1
27911	16890	1
27912	13906	1
27913	13906	1
27914	17498	1
27915	17498	1
27916	15270	1
27917	15270	1
27918	17362	1
27919	17362	1
27921	6478	1
27922	9528	1
27923	9528	1
27924	15152	1
27925	15152	1
27926	3723	1
27927	3723	1
27929	10441	1
27930	10828	1
27932	349	1
27934	10739	1
27935	10739	1
27937	2706	1
27939	8086	1
27940	8505	1
27942	12415	1
27943	12415	1
27944	16777	1
27945	16777	1
27946	3950	1
27947	3950	1
27948	15460	1
27949	15460	1
27950	2930	1
27951	2930	1
27952	2785	1
27953	2785	1
27954	17647	1
27955	17647	1
27956	5659	1
27957	5659	1
27958	15510	1
27960	11878	1
27961	11878	1
27962	14870	1
27963	14870	1
27965	14540	1
27966	6702	1
27967	6702	1
27968	10982	1
27970	13184	1
27971	13184	1
27972	6081	1
27973	6081	1
27974	15019	1
27977	17727	1
27981	17812	1
27982	3313	1
27983	3313	1
27984	6386	1
27986	16997	1
27987	16997	1
27988	5910	1
27989	5910	1
27990	5208	1
27991	5208	1
27992	8522	1
27993	8522	1
27994	272	1
27995	272	1
27996	1149	1
27996	8836	1
27998	16542	1
27999	16542	1
28000	6571	1
28001	6571	1
28002	16962	1
28003	16962	1
28004	13437	1
28005	13437	1
28006	5404	1
28007	5404	1
28008	1282	1
28009	1282	1
28010	14427	1
28013	13920	1
28015	2098	1
28016	1497	1
28017	1497	1
28018	9362	1
28019	9362	1
28020	6044	1
28022	3753	1
28023	3753	1
28026	9313	1
28027	9313	1
28028	252	1
28030	3351	1
28030	6037	1
28030	9662	1
28031	3351	1
28031	6037	1
28031	9662	1
28034	1675	1
28035	1675	1
28036	9617	1
28037	9617	1
28039	5558	1
28040	475	1
28040	6837	1
28043	9120	1
28045	380	1
28046	9398	1
28047	9398	1
28048	10952	1
28049	10952	1
28050	9861	1
28051	9861	1
28052	8983	1
28053	8983	1
28054	8797	1
28056	1985	1
28057	1985	1
28058	9905	1
28059	9905	1
28061	6426	1
28063	6154	1
28064	17460	1
28065	17460	1
28067	5720	1
28068	5564	1
28069	5564	1
28070	5031	1
28071	5031	1
28072	14260	1
28073	14260	1
28075	7266	1
28076	6312	1
28077	6312	1
28078	9350	1
28079	9350	1
28080	11722	1
28081	11722	1
28083	9355	1
28084	3414	1
28085	3414	1
28086	12118	1
28087	12118	1
28088	14877	1
28091	2645	1
28092	9309	1
28093	9309	1
28094	8842	1
28095	8842	1
28096	16692	1
28097	16692	1
28098	15937	1
28100	17366	1
28101	17366	1
28102	13046	1
28103	13046	1
28104	16937	1
28105	16937	1
28108	3373	1
28110	16621	1
28111	16621	1
28113	17786	1
28114	17256	1
28115	17256	1
28116	11475	1
28117	11475	1
28118	909	1
28119	909	1
28121	7785	1
28122	9100	1
28122	12483	1
28124	97	1
28125	97	1
28126	16898	1
28127	16898	1
28128	14977	1
28129	14977	1
28130	377	1
28131	377	1
28132	14018	1
28133	14018	1
28134	6885	1
28135	6885	1
28136	8274	1
28137	8274	1
28140	13128	1
28141	13128	1
28142	7142	1
28143	7142	1
28144	14340	1
28145	14340	1
28146	15398	1
28147	15398	1
28148	3693	1
28149	3693	1
28150	3369	1
28151	3369	1
28152	16702	1
28154	14720	1
28155	14720	1
28156	16330	1
28157	16330	1
28160	16591	1
28162	6955	1
28163	6955	1
28164	7587	1
28167	6237	1
28168	16783	1
28169	16783	1
28170	1296	1
28171	1296	1
28172	9818	1
28173	9818	1
28174	7769	1
28175	7769	1
28176	15341	1
28177	15341	1
28178	14930	1
28179	14930	1
28180	8312	1
28181	8312	1
28183	3768	1
28184	15219	1
28185	15219	1
28186	10195	1
28187	10195	1
28188	13752	1
28190	10555	1
28193	11576	1
28194	6587	1
28195	6587	1
28197	17313	1
28199	3395	1
28200	15291	1
28202	10132	1
28203	10132	1
28204	14034	1
28205	14034	1
28207	1026	1
28208	16038	1
28210	6129	1
28214	4138	1
28215	4138	1
28216	10373	1
28218	15170	1
28219	15170	1
28220	7190	1
28221	7190	1
28222	3328	1
28223	3328	1
28224	2716	1
28225	2716	1
28227	3356	1
28228	1936	1
28229	1936	1
28230	11904	1
28231	11904	1
28233	7796	1
28234	10744	1
28235	10744	1
28236	5569	1
28237	5569	1
28238	2697	1
28239	2697	1
28241	7019	1
28242	6514	1
28243	6514	1
28244	1020	1
28244	9000	1
28245	1020	1
28245	9000	1
28246	7427	1
28247	7427	1
28248	9744	1
28250	1547	1
28251	1547	1
28253	928	1
28255	17882	1
28256	5680	1
28257	5680	1
28258	5873	1
28259	5873	1
28260	17341	1
28263	10483	1
28264	9056	1
28265	9056	1
28266	5156	1
28268	6762	1
28269	6762	1
28271	8791	1
28271	9484	1
28272	12399	1
28274	17081	1
28275	17081	1
28276	10506	1
28277	10506	1
28278	14397	1
28279	14397	1
28281	6397	1
28282	14987	1
28283	14987	1
28284	932	1
28285	932	1
28286	12859	1
28289	16536	1
28290	1035	1
28291	1035	1
28292	14820	1
28293	14820	1
28294	1569	1
28295	1569	1
28296	5676	1
28297	5676	1
28298	15611	1
28299	15611	1
28300	7304	1
28301	7304	1
28303	1538	1
28305	8409	1
28306	9363	1
28307	9363	1
28308	5773	1
28309	5773	1
28311	1599	1
28311	15707	1
28314	6986	1
28317	17615	1
28318	4045	1
28319	4045	1
28320	4456	1
28322	11779	1
28323	11779	1
28324	1466	1
28325	1466	1
28327	2413	1
28328	1340	1
28329	1340	1
28330	3530	1
28330	6314	1
28330	11424	1
28331	3530	1
28331	6314	1
28331	11424	1
28332	7709	1
28334	147	1
28335	147	1
28336	12954	1
28336	13527	1
28337	12954	1
28337	13527	1
28338	13663	1
28340	11929	1
28341	11929	1
28342	3555	1
28343	3555	1
28344	13143	1
28345	13143	1
28346	9935	1
28347	9935	1
28349	14990	1
28352	4390	1
28353	4390	1
28354	5011	1
28357	1557	1
28358	3690	1
28359	3690	1
28360	3709	1
28361	3709	1
28364	3092	1
28365	3092	1
28366	3765	1
28367	3765	1
28368	15376	1
28369	15376	1
28370	3388	1
28371	3388	1
28372	239	1
28374	1543	1
28375	1543	1
28376	8148	1
28377	8148	1
28380	130	1
28381	130	1
28382	5846	1
28384	6943	1
28387	3405	1
28389	18061	1
28390	9357	1
28391	9357	1
28392	2224	1
28392	7656	1
28392	12940	1
28393	2224	1
28393	7656	1
28393	12940	1
28394	2320	1
28396	7751	1
28397	7751	1
28398	9776	1
28399	9776	1
28400	6512	1
28402	5750	1
28403	5750	1
28404	12421	1
28405	12421	1
28406	7780	1
28407	7780	1
28409	15091	1
28410	5143	1
28411	5143	1
28414	561	1
28416	1058	1
28418	17895	1
28419	17895	1
28420	15040	1
28421	15040	1
28422	3060	1
28423	3060	1
28425	15733	1
28429	3677	1
28431	6120	1
28432	12801	1
28434	1550	1
28435	1550	1
28436	17843	1
28437	17843	1
28438	10473	1
28439	10473	1
28440	4534	1
28441	4534	1
28442	5080	1
28443	5080	1
28444	2945	1
28445	2945	1
28446	9888	1
28448	14835	1
28449	14835	1
28450	16110	1
28451	16110	1
28452	6509	1
28453	6509	1
28455	10045	1
28456	8262	1
28458	12352	1
28459	12352	1
28460	12853	1
28461	12853	1
28464	5260	1
28465	5260	1
28466	10071	1
28467	10071	1
28468	667	1
28469	667	1
28470	2913	1
28472	1950	1
28473	1950	1
28475	6161	1
28478	2887	1
28479	2887	1
28481	11042	1
28482	3695	1
28483	3695	1
28484	1065	1
28485	1065	1
28486	15729	1
28487	15729	1
28488	15983	1
28489	15983	1
28490	13757	1
28491	13757	1
28492	17284	1
28493	17284	1
28494	7114	1
28496	3837	1
28497	3837	1
28498	16046	1
28500	14005	1
28501	14005	1
28502	1668	1
28503	1668	1
28506	9223	1
28507	9223	1
28509	8374	1
28509	12182	1
28511	16600	1
28513	5400	1
28514	10520	1
28515	10520	1
28516	4291	1
28517	4291	1
28518	13023	1
28519	13023	1
28520	16010	1
28521	16010	1
28522	8019	1
28523	8019	1
28524	10065	1
28526	6433	1
28527	6433	1
28528	15499	1
28529	15499	1
28530	974	1
28531	974	1
28532	11345	1
28533	11345	1
28534	1354	1
28536	14085	1
28537	14085	1
28540	2083	1
28540	11436	1
28542	8329	1
28543	8329	1
28544	10197	1
28545	10197	1
28546	486	1
28548	10899	1
28549	10899	1
28550	14176	1
28552	5951	1
28553	5951	1
28554	5108	1
28554	11771	1
28556	2870	1
28558	1686	1
28560	1709	1
28561	1709	1
28562	13137	1
28564	11690	1
28565	11690	1
28566	18028	1
28567	18028	1
28568	14570	1
28569	14570	1
28570	15503	1
28571	15503	1
28572	16115	1
28572	16351	1
28573	16115	1
28573	16351	1
28574	13026	1
28575	13026	1
28576	9036	1
28578	4319	1
28579	4319	1
28580	4889	1
28581	4889	1
28582	2768	1
28583	2768	1
28584	15293	1
28585	15293	1
28586	9956	1
28588	8251	1
28589	8251	1
28590	14637	1
28591	14637	1
28592	4151	1
28593	4151	1
28594	3732	1
28595	3732	1
28596	1213	1
28597	1213	1
28598	8637	1
28599	8637	1
28601	13683	1
28604	4304	1
28605	4304	1
28606	8460	1
28606	16039	1
28607	8460	1
28607	16039	1
28608	14629	1
28609	14629	1
28610	14795	1
28611	14795	1
28612	1169	1
28613	1169	1
28614	4264	1
28616	15532	1
28617	15532	1
28619	15959	1
28621	11995	1
28622	9148	1
28623	9148	1
28624	425	1
28625	425	1
28626	8694	1
28627	8694	1
28628	2286	1
28629	2286	1
28630	10076	1
28634	17576	1
28635	17576	1
28636	4516	1
28637	4516	1
28638	16451	1
28639	16451	1
28641	2069	1
28642	13307	1
28643	13307	1
28644	18094	1
28644	18112	1
28646	3378	1
28646	8765	1
28646	17285	1
28647	3378	1
28647	8765	1
28647	17285	1
28648	13131	1
28652	4357	1
28652	5538	1
28653	4357	1
28653	5538	1
28655	11928	1
28656	140	1
28658	2878	1
28661	17809	1
28663	5048	1
28664	8643	1
28665	8643	1
28667	5066	1
28668	16869	1
28670	4604	1
28671	4604	1
28672	16008	1
28673	16008	1
28674	17953	1
28675	17953	1
28676	2396	1
28677	2396	1
28678	7491	1
28679	7491	1
28680	13535	1
28682	15636	1
28684	3591	1
28685	3591	1
28686	9548	1
28688	6823	1
28689	6823	1
28690	12741	1
28691	12741	1
28692	12337	1
28693	12337	1
28694	13718	1
28695	13718	1
28696	42	1
28697	42	1
28698	5732	1
28698	16152	1
28701	10053	1
28702	14053	1
28703	14053	1
28705	4197	1
28706	5715	1
28707	5715	1
28708	8682	1
28710	3778	1
28711	3778	1
28712	2314	1
28713	2314	1
28714	7987	1
28715	7987	1
28717	984	1
28719	11298	1
28720	17941	1
28722	7076	1
28725	11844	1
28726	10128	1
28728	859	1
28728	14940	1
28729	859	1
28729	14940	1
28730	2840	1
28731	2840	1
28733	4466	1
28735	7514	1
28736	6376	1
28738	17761	1
28739	17761	1
28740	16700	1
28741	16700	1
28743	15111	1
28744	2181	1
28745	2181	1
28746	10423	1
28747	10423	1
28748	9082	1
28749	9082	1
28750	16432	1
28751	16432	1
28753	14191	1
28754	5196	1
28756	17116	1
28757	17116	1
28758	14947	1
28759	14947	1
28760	13858	1
28762	10290	1
28763	10290	1
28764	17515	1
28765	17515	1
28766	14412	1
28767	14412	1
28769	7677	1
28770	8226	1
28771	8226	1
28772	15845	1
28773	15845	1
28774	14485	1
28774	17687	1
28776	4649	1
28777	4649	1
28779	10488	1
28782	9813	1
28783	9813	1
28784	2041	1
28785	2041	1
28786	6736	1
28788	1255	1
28789	1255	1
28790	6786	1
28791	6786	1
28792	2651	1
28795	12998	1
28797	6731	1
28798	7107	1
28799	7107	1
28800	15467	1
28801	15467	1
28803	14791	1
28804	14320	1
28805	14320	1
28806	12798	1
28807	12798	1
28808	11476	1
28809	11476	1
28810	17992	1
28812	7267	1
28814	8230	1
28815	8230	1
28816	10564	1
28818	14734	1
28819	14734	1
28821	14878	1
28823	14969	1
28825	4199	1
28825	9674	1
28825	15397	1
28826	11658	1
28827	11658	1
28828	2213	1
28828	4375	1
28828	4975	1
28830	1649	1
28831	1649	1
28832	15668	1
28833	15668	1
28834	5640	1
28835	5640	1
28836	17009	1
28837	17009	1
28838	12308	1
28839	12308	1
28840	11474	1
28840	12379	1
28841	11474	1
28841	12379	1
28842	6028	1
28843	6028	1
28844	9290	1
28845	9290	1
28846	17859	1
28847	17859	1
28848	8259	1
28849	8259	1
28851	8448	1
28852	214	1
28853	214	1
28854	13200	1
28855	13200	1
28856	9762	1
28856	11761	1
28857	9762	1
28857	11761	1
28858	14162	1
28859	14162	1
28860	2642	1
28862	15526	1
28863	15526	1
28866	238	1
28867	238	1
28868	12970	1
28870	11262	1
28871	11262	1
28872	10397	1
28874	11638	1
28875	11638	1
28876	9790	1
28877	9790	1
28878	2154	1
28878	7429	1
28880	4095	1
28881	4095	1
28882	5473	1
28882	18042	1
28883	5473	1
28883	18042	1
28885	489	1
28886	10734	1
28887	10734	1
28888	11128	1
28889	11128	1
28890	642	1
28891	642	1
28893	3654	1
28894	5738	1
28895	5738	1
28896	12579	1
28898	13586	1
28899	13586	1
28900	5197	1
28900	5826	1
28901	5197	1
28901	5826	1
28903	8666	1
28904	12549	1
28905	12549	1
28906	12261	1
28907	12261	1
28908	8108	1
28908	15235	1
28909	8108	1
28909	15235	1
28910	7781	1
28911	7781	1
28912	7996	1
28912	17959	1
28913	7996	1
28913	17959	1
28915	2397	1
28916	9006	1
28917	9006	1
28918	9529	1
28919	9529	1
28920	15516	1
28921	15516	1
28922	5796	1
28923	5796	1
28924	5467	1
28925	5467	1
28928	483	1
28929	483	1
28930	13735	1
28932	5375	1
28933	5375	1
28936	18021	1
28936	18166	1
28937	18021	1
28937	18166	1
28938	17741	1
28939	17741	1
28940	14016	1
28941	14016	1
28942	9333	1
28944	10299	1
28945	10299	1
28946	12848	1
28947	12848	1
28948	15448	1
28949	15448	1
28950	1672	1
28951	1672	1
28952	16036	1
28953	16036	1
28955	2935	1
28956	995	1
28957	995	1
28958	17003	1
28959	17003	1
28960	5824	1
28960	10645	1
28961	5824	1
28961	10645	1
28962	4784	1
28964	2103	1
28966	12348	1
28967	12348	1
28968	14787	1
28969	14787	1
28970	8938	1
28970	9410	1
28970	14674	1
28971	8938	1
28971	9410	1
28971	14674	1
28973	13260	1
28974	1505	1
28975	1505	1
28976	10597	1
28977	10597	1
28978	8790	1
28979	8790	1
28981	16019	1
28982	6645	1
28983	6645	1
28984	2216	1
28985	2216	1
28986	3502	1
28988	16320	1
28989	16320	1
28990	9469	1
28991	9469	1
28992	6522	1
28994	4899	1
28995	4899	1
28997	2631	1
28998	13249	1
29000	14489	1
29001	14489	1
29002	14068	1
29003	14068	1
29004	2307	1
29005	2307	1
29006	1199	1
29008	1154	1
29009	1154	1
29011	302	1
29013	10924	1
29014	1374	1
29015	1374	1
29016	1793	1
29016	6185	1
29016	8779	1
29016	13036	1
29017	1793	1
29017	6185	1
29017	8779	1
29017	13036	1
29018	1486	1
29021	7842	1
29022	8519	1
29023	8519	1
29024	16272	1
29025	16272	1
29026	15714	1
29030	7431	1
29031	7431	1
29033	8194	1
29034	5578	1
29035	5578	1
29036	4700	1
29038	2996	1
29039	2996	1
29040	1495	1
29041	1495	1
29042	16456	1
29043	16456	1
29045	13637	1
29046	16040	1
29047	16040	1
29049	5662	1
29051	12937	1
29051	15797	1
29052	12657	1
29054	8482	1
29055	8482	1
29056	903	1
29057	903	1
29059	11138	1
29060	15050	1
29061	15050	1
29062	12611	1
29063	12611	1
29064	4761	1
29065	4761	1
29066	16204	1
29068	7567	1
29068	18114	1
29070	14341	1
29071	14341	1
29073	7932	1
29074	13117	1
29075	13117	1
29077	12095	1
29078	5492	1
29079	5492	1
29082	11113	1
29083	11113	1
29084	8722	1
29085	8722	1
29086	10129	1
29087	10129	1
29088	13450	1
29089	13450	1
29090	68	1
29091	68	1
29092	1848	1
29093	1848	1
29094	12435	1
29095	12435	1
29096	13290	1
29100	10672	1
29101	10672	1
29103	1457	1
29105	7100	1
29106	2291	1
29110	16558	1
29111	16558	1
29112	15194	1
29113	15194	1
29114	8513	1
29115	8513	1
29116	6276	1
29117	6276	1
29118	10059	1
29119	10059	1
29120	15758	1
29121	15758	1
29122	16505	1
29123	16505	1
29124	17364	1
29125	17364	1
29129	16490	1
29131	3274	1
29132	16660	1
29133	16660	1
29134	7133	1
29135	7133	1
29136	17181	1
29137	17181	1
29138	14937	1
29139	14937	1
29140	7983	1
29141	7983	1
29142	1400	1
29143	1400	1
29144	7159	1
29145	7159	1
29146	14901	1
29147	14901	1
29148	2054	1
29149	2054	1
29150	2151	1
29152	13743	1
29154	9910	1
29155	9910	1
29156	17548	1
29157	17548	1
29158	3989	1
29159	3989	1
29160	8636	1
29161	8636	1
29162	728	1
29162	9969	1
29162	12780	1
29163	728	1
29163	9969	1
29163	12780	1
29164	6915	1
29165	6915	1
29166	6704	1
29167	6704	1
29168	5786	1
29170	4543	1
29171	4543	1
29172	11010	1
29173	11010	1
29174	1205	1
29176	7936	1
29178	5356	1
29179	5356	1
29180	13125	1
29181	13125	1
29182	3982	1
29183	3982	1
29184	9874	1
29186	12062	1
29187	12062	1
29188	10655	1
29189	10655	1
29190	6333	1
29192	13794	1
29193	13794	1
29194	15241	1
29197	12003	1
29198	4371	1
29201	16704	1
29202	17069	1
29203	17069	1
29205	12454	1
29206	1464	1
29206	6283	1
29207	1464	1
29207	6283	1
29208	3266	1
29209	3266	1
29210	15757	1
29211	15757	1
29214	6462	1
29215	6462	1
29217	15024	1
29219	10241	1
29220	3062	1
29220	16143	1
29223	4088	1
29223	14313	1
29224	7440	1
29225	7440	1
29226	6292	1
29229	4671	1
29229	17962	1
29230	817	1
29231	817	1
29232	11507	1
29234	1294	1
29235	1294	1
29237	7762	1
29238	12522	1
29239	12522	1
29241	1994	1
29242	2058	1
29243	2058	1
29244	17253	1
29245	17253	1
29246	18154	1
29247	18154	1
29249	9119	1
29250	15935	1
29251	15935	1
29252	9090	1
29255	9403	1
29257	12862	1
29258	3143	1
29259	3143	1
29260	17915	1
29262	2295	1
29263	2295	1
29264	14697	1
29265	14697	1
29266	15865	1
29269	9540	1
29270	17745	1
29271	17745	1
29272	936	1
29273	936	1
29274	6425	1
29275	6425	1
29276	9827	1
29278	13596	1
29279	13596	1
29280	628	1
29281	628	1
29282	14180	1
29283	14180	1
29285	613	1
29286	5771	1
29287	5771	1
29289	14893	1
29291	4125	1
29292	7649	1
29293	7649	1
29294	12197	1
29295	12197	1
29297	757	1
29298	11300	1
29299	11300	1
29300	2764	1
29301	2764	1
29302	16871	1
29306	9246	1
29307	9246	1
29309	17331	1
29312	10817	1
29313	10817	1
29314	5992	1
29316	50	1
29318	3436	1
29319	3436	1
29320	14713	1
29321	14713	1
29322	16874	1
29323	16874	1
29324	8132	1
29324	16703	1
29325	8132	1
29325	16703	1
29326	14688	1
29327	14688	1
29328	11144	1
29329	11144	1
29330	8541	1
29331	8541	1
29332	8706	1
29333	8706	1
29334	10927	1
29336	16192	1
29338	9784	1
29339	9784	1
29340	3037	1
29341	3037	1
29343	4139	1
29344	2779	1
29346	15209	1
29347	15209	1
29348	17254	1
29349	17254	1
29350	1959	1
29351	1959	1
29352	13479	1
29354	13967	1
29355	13967	1
29357	14256	1
29359	10267	1
29360	3646	1
29362	11772	1
29366	1944	1
29367	1944	1
29368	8441	1
29371	12058	1
29372	3460	1
29374	1124	1
29375	1124	1
29376	14265	1
29377	14265	1
29378	11701	1
29380	5594	1
29381	5594	1
29382	13082	1
29383	13082	1
29384	2283	1
29385	2283	1
29387	10551	1
29389	10887	1
29391	6102	1
29392	3932	1
29393	3932	1
29394	13851	1
29395	13851	1
29396	17629	1
29397	17629	1
29398	9831	1
29399	9831	1
29401	6460	1
29402	2543	1
29403	2543	1
29404	12012	1
29405	12012	1
29406	4502	1
29408	2971	1
29409	2971	1
29410	15864	1
29411	15864	1
29412	16756	1
29413	16756	1
29414	10658	1
29415	10658	1
29416	9404	1
29417	9404	1
29418	17585	1
29419	17585	1
29420	16980	1
29421	16980	1
29422	1373	1
29422	14000	1
29423	1373	1
29423	14000	1
29424	11780	1
29425	11780	1
29426	7484	1
29427	7484	1
29429	13484	1
29430	12844	1
29432	16654	1
29433	16654	1
29434	9867	1
29435	9867	1
29436	10501	1
29438	12800	1
29439	12800	1
29440	10379	1
29441	10379	1
29442	3362	1
29443	3362	1
29445	4231	1
29446	14241	1
29448	17668	1
29449	17668	1
29450	17174	1
29451	17174	1
29452	820	1
29453	820	1
29455	17185	1
29456	12238	1
29457	12238	1
29458	16534	1
29459	16534	1
29461	9897	1
29462	3218	1
29463	3218	1
29464	11247	1
29465	11247	1
29469	16858	1
29470	14457	1
29471	14457	1
29472	7004	1
29473	7004	1
29474	4865	1
29475	4865	1
29476	3925	1
29477	3925	1
29478	3817	1
29479	3817	1
29480	6565	1
29481	6565	1
29482	11528	1
29483	11528	1
29484	17066	1
29485	17066	1
29486	58	1
29487	58	1
29488	5625	1
29489	5625	1
29490	4600	1
29491	4600	1
29492	6548	1
29493	6548	1
29494	4953	1
29495	4953	1
29496	7054	1
29497	7054	1
29498	3104	1
29499	3104	1
29500	13954	1
29501	13954	1
29502	11907	1
29503	11907	1
29504	7896	1
29505	7896	1
29507	5497	1
29508	14024	1
29509	14024	1
29510	8613	1
29511	8613	1
29512	7246	1
29513	7246	1
29514	15073	1
29515	15073	1
29519	11520	1
29520	18167	1
29522	426	1
29523	426	1
29524	3292	1
29525	3292	1
29527	16500	1
29528	1899	1
29529	1899	1
29530	5610	1
29531	5610	1
29532	11036	1
29533	11036	1
29534	15653	1
29535	15653	1
29536	10957	1
29539	10807	1
29541	16923	1
29543	13747	1
29544	834	1
29545	834	1
29546	15743	1
29547	15743	1
29548	8539	1
29548	12959	1
29549	8539	1
29549	12959	1
29550	12331	1
29551	12331	1
29552	4246	1
29553	4246	1
29554	2500	1
29555	2500	1
29556	14524	1
29557	14524	1
29558	7861	1
29559	7861	1
29560	18105	1
29561	18105	1
29562	3636	1
29563	3636	1
29564	17279	1
29565	17279	1
29566	17399	1
29568	16782	1
29570	2466	1
29571	2466	1
29574	14368	1
29575	14368	1
29576	17715	1
29577	17715	1
29578	11865	1
29579	11865	1
29580	13867	1
29581	13867	1
29582	8094	1
29584	13441	1
29585	13441	1
29586	3942	1
29587	3942	1
29589	13653	1
29590	16764	1
29591	16764	1
29592	7902	1
29593	7902	1
29594	9341	1
29595	9341	1
29596	4548	1
29597	4548	1
29599	5357	1
29600	10411	1
29601	10411	1
29602	11062	1
29604	14002	1
29605	14002	1
29606	3345	1
29608	7989	1
29609	7989	1
29610	2955	1
29611	2955	1
29612	9788	1
29613	9788	1
29614	93	1
29615	93	1
29616	12317	1
29618	6245	1
29619	6245	1
29621	14347	1
29622	7909	1
29623	7909	1
29624	16385	1
29626	1534	1
29627	1534	1
29629	16667	1
29630	2782	1
29631	2782	1
29632	1470	1
29633	1470	1
29634	3509	1
29635	3509	1
29636	2388	1
29637	2388	1
29638	7220	1
29640	8144	1
29641	8144	1
29642	10543	1
29645	7239	1
29647	4906	1
29648	15556	1
29648	17595	1
29649	15556	1
29649	17595	1
29650	6822	1
29651	6822	1
29652	2256	1
29653	2256	1
29654	1375	1
29655	1375	1
29656	17649	1
29657	17649	1
29658	15768	1
29659	15768	1
29660	11510	1
29661	11510	1
29662	13905	1
29664	1628	1
29665	1628	1
29666	16541	1
29667	16541	1
29668	2073	1
29670	13100	1
29671	13100	1
29672	5157	1
29673	5157	1
29674	14339	1
29675	14339	1
29676	10400	1
29677	10400	1
29678	3991	1
29679	3991	1
29680	13918	1
29681	13918	1
29682	2801	1
29682	17861	1
29683	2801	1
29683	17861	1
29684	4552	1
29686	9656	1
29687	9656	1
29688	13452	1
29689	13452	1
29690	14529	1
29691	14529	1
29692	14506	1
29693	14506	1
29694	12960	1
29695	12960	1
29696	4786	1
29697	4786	1
29698	7867	1
29699	7867	1
29700	3879	1
29701	3879	1
29702	487	1
29703	487	1
29704	6802	1
29706	13833	1
29707	13833	1
29708	6779	1
29709	6779	1
29711	14134	1
29712	926	1
29713	926	1
29714	14642	1
29715	14642	1
29716	2572	1
29719	461	1
29720	8328	1
29721	8328	1
29722	11114	1
29722	12096	1
29723	11114	1
29723	12096	1
29725	4500	1
29726	12088	1
29727	12088	1
29729	7037	1
29730	13121	1
29731	13121	1
29732	11723	1
29733	11723	1
29735	17911	1
29737	1081	1
29738	7061	1
29739	7061	1
29740	1353	1
29741	1353	1
29742	16881	1
29743	16881	1
29744	1784	1
29745	1784	1
29746	1477	1
29746	12336	1
29747	1477	1
29747	12336	1
29748	7067	1
29750	7858	1
29752	15538	1
29753	15538	1
29754	8554	1
29756	748	1
29757	748	1
29758	7488	1
29759	7488	1
29760	975	1
29761	975	1
29762	10389	1
29763	10389	1
29764	440	1
29765	440	1
29766	9533	1
29768	1739	1
29769	1739	1
29770	4258	1
29771	4258	1
29775	7232	1
29776	13246	1
29777	13246	1
29778	16401	1
29779	16401	1
29783	6564	1
29784	12626	1
29785	12626	1
29787	14302	1
29789	15571	1
29790	4033	1
29791	4033	1
29792	7635	1
29793	7635	1
29794	7515	1
29794	16051	1
29795	7515	1
29795	16051	1
29796	14546	1
29798	2889	1
29799	2889	1
29800	7438	1
29801	7438	1
29802	5503	1
29803	5503	1
29804	6099	1
29805	6099	1
29807	15900	1
29808	6232	1
29809	6232	1
29812	15116	1
29813	15116	1
29814	8943	1
29815	8943	1
29816	17001	1
29817	17001	1
29819	8994	1
29821	15390	1
29823	6732	1
29824	1452	1
29826	6627	1
29827	6627	1
29830	5780	1
29831	5780	1
29832	15065	1
29833	15065	1
29834	17493	1
29836	8888	1
29837	8888	1
29838	14596	1
29841	10863	1
29842	9197	1
29843	9197	1
29844	5706	1
29845	5706	1
29846	4339	1
29847	4339	1
29848	6064	1
29850	602	1
29851	602	1
29852	12187	1
29852	13178	1
29853	12187	1
29853	13178	1
29854	4272	1
29855	4272	1
29856	2109	1
29857	2109	1
29858	9650	1
29859	9650	1
29860	12014	1
29861	12014	1
29862	8991	1
29863	8991	1
29864	3413	1
29866	9837	1
29867	9837	1
29869	14325	1
29870	8126	1
29871	8126	1
29874	6958	1
29875	6958	1
29877	18149	1
29878	16094	1
29881	13536	1
29882	2906	1
29884	2479	1
29885	2479	1
29886	1445	1
29886	10581	1
29888	17661	1
29889	17661	1
29891	10064	1
29891	15652	1
29893	452	1
29895	1790	1
29896	7260	1
29897	7260	1
29898	1355	1
29899	1355	1
29900	8426	1
29901	8426	1
29902	17579	1
29905	17212	1
29906	4401	1
29907	4401	1
29908	12316	1
29909	12316	1
29910	3847	1
29911	3847	1
29912	2446	1
29913	2446	1
29914	14462	1
29916	5286	1
29918	11600	1
29919	11600	1
29920	4884	1
29921	4884	1
29922	7338	1
29923	7338	1
29924	11660	1
29925	11660	1
29927	8043	1
29927	9281	1
29927	14212	1
29928	7946	1
29929	7946	1
29931	16347	1
29932	16307	1
29933	16307	1
29934	6879	1
29935	6879	1
29936	1276	1
29937	1276	1
29940	13106	1
29942	1555	1
29943	1555	1
29944	6194	1
29945	6194	1
29949	8563	1
29950	7212	1
29951	7212	1
29952	8232	1
29953	8232	1
29954	3354	1
29955	3354	1
29956	14526	1
29957	14526	1
29958	15617	1
29959	15617	1
29961	11526	1
29962	17234	1
29963	17234	1
29964	17146	1
29965	17146	1
29967	10165	1
29968	11849	1
29972	16475	1
29973	16475	1
29974	8198	1
29974	13165	1
29976	4178	1
29977	4178	1
29978	15183	1
29980	2028	1
29980	16632	1
29983	8175	1
29984	4943	1
29986	15567	1
29987	15567	1
29988	1630	1
29989	1630	1
29990	12277	1
29991	12277	1
29992	11025	1
29993	11025	1
29994	15252	1
29995	15252	1
29997	5712	1
29998	8018	1
30000	815	1
30001	815	1
30002	6789	1
30003	6789	1
30004	10048	1
30004	14728	1
30006	45	1
30007	45	1
30008	6991	1
30009	6991	1
30011	3361	1
30013	7223	1
30015	826	1
30016	7969	1
30017	7969	1
30019	18158	1
30020	18139	1
30021	18139	1
30022	5315	1
30023	5315	1
30026	9721	1
30027	9721	1
30028	7426	1
30029	7426	1
30030	1420	1
30031	1420	1
30032	9109	1
30033	9109	1
30034	231	1
30035	231	1
30036	15787	1
30037	15787	1
30038	13416	1
30039	13416	1
30040	10107	1
30041	10107	1
30043	9110	1
30044	9717	1
30045	9717	1
30047	4672	1
30048	16843	1
30049	16843	1
30050	16687	1
30051	16687	1
30052	1546	1
30053	1546	1
30054	9367	1
30055	9367	1
30056	312	1
30056	1078	1
30057	312	1
30057	1078	1
30058	5002	1
30059	5002	1
30060	1928	1
30061	1928	1
30062	8116	1
30063	8116	1
30064	7108	1
30066	5491	1
30067	5491	1
30068	15236	1
30070	16482	1
30072	1769	1
30073	1769	1
30074	15431	1
30075	15431	1
30076	12618	1
30077	12618	1
30078	14400	1
30080	17903	1
30081	17903	1
30084	12355	1
30086	17964	1
30087	17964	1
30088	4773	1
30089	4773	1
30092	17677	1
30093	17677	1
30094	11248	1
30097	13282	1
30098	16137	1
30099	16137	1
30101	14923	1
30102	8137	1
30104	14957	1
30105	14957	1
30106	5708	1
30107	5708	1
30108	4486	1
30109	4486	1
30110	16698	1
30111	16698	1
30112	11816	1
30113	11816	1
30114	13990	1
30115	13990	1
30116	4047	1
30116	10848	1
30117	4047	1
30117	10848	1
30120	4311	1
30121	4311	1
30122	10741	1
30123	10741	1
30124	3575	1
30125	3575	1
30127	7718	1
30128	17648	1
30129	17648	1
30130	8822	1
30131	8822	1
30132	8639	1
30134	4255	1
30135	4255	1
30136	4702	1
30137	4702	1
30138	8890	1
30140	3118	1
30141	3118	1
30142	8763	1
30143	8763	1
30144	7372	1
30145	7372	1
30146	14083	1
30147	14083	1
30148	6103	1
30149	6103	1
30150	7894	1
30151	7894	1
30152	18089	1
30153	18089	1
30154	13005	1
30155	13005	1
30156	7215	1
30157	7215	1
30159	5969	1
30160	14838	1
30161	14838	1
30162	14834	1
30163	14834	1
30164	18113	1
30165	18113	1
30166	13227	1
30168	9488	1
30169	9488	1
30170	7430	1
30171	7430	1
30172	4612	1
30174	7225	1
30175	7225	1
30176	10188	1
30177	10188	1
30179	14783	1
30182	4210	1
30183	4210	1
30184	703	1
30185	703	1
30186	842	1
30187	842	1
30188	17633	1
30189	17633	1
30191	9414	1
30192	17642	1
30193	17642	1
30194	15064	1
30195	15064	1
30197	11933	1
30199	6034	1
30200	7400	1
30201	7400	1
30202	4307	1
30203	4307	1
30204	15646	1
30205	15646	1
30207	4567	1
30208	5417	1
30208	8954	1
30209	5417	1
30209	8954	1
30210	15148	1
30211	15148	1
30212	13803	1
30213	13803	1
30214	1314	1
30214	11637	1
30214	14171	1
30215	1314	1
30215	11637	1
30215	14171	1
30216	4642	1
30219	4554	1
30220	6595	1
30221	6595	1
30222	17956	1
30223	17956	1
30226	16967	1
30227	16967	1
30228	5475	1
30229	5475	1
30230	1125	1
30232	5751	1
30234	6911	1
30235	6911	1
30236	16501	1
30237	16501	1
30238	2564	1
30239	2564	1
30240	15943	1
30241	15943	1
30242	13410	1
30242	13866	1
30243	13410	1
30243	13866	1
30244	11724	1
30246	11098	1
30247	11098	1
30249	6742	1
30252	12978	1
30253	12978	1
30254	10793	1
30255	10793	1
30256	13359	1
30257	13359	1
30259	8634	1
30260	4131	1
30261	4131	1
30262	2226	1
30263	2226	1
30264	10105	1
30264	12300	1
30265	10105	1
30265	12300	1
30266	14522	1
30267	14522	1
30269	747	1
30270	10222	1
30272	15247	1
30273	15247	1
30274	1765	1
30275	1765	1
30277	13084	1
30277	17766	1
30278	7850	1
30279	7850	1
30280	11694	1
30281	11694	1
30282	5499	1
30282	10656	1
30284	17982	1
30285	17982	1
30286	15934	1
30287	15934	1
30288	13926	1
30289	13926	1
30291	10117	1
30292	7065	1
30293	7065	1
30294	656	1
30295	656	1
30296	10749	1
30298	17728	1
30299	17728	1
30300	5689	1
30303	3657	1
30304	8589	1
30306	4482	1
30308	9524	1
30310	2882	1
30311	2882	1
30312	5071	1
30313	5071	1
30314	2708	1
30315	2708	1
30317	13850	1
30318	4440	1
30320	12927	1
30321	12927	1
30322	3435	1
30323	3435	1
30324	2301	1
30325	2301	1
30326	2673	1
30327	2673	1
30328	7433	1
30328	17601	1
30329	7433	1
30329	17601	1
30330	14917	1
30333	17850	1
30334	11974	1
30335	11974	1
30337	12788	1
30339	14007	1
30340	8718	1
30340	15441	1
30341	8718	1
30341	15441	1
30342	3904	1
30343	3904	1
30344	11188	1
30345	11188	1
30346	12841	1
30347	12841	1
30348	10561	1
30351	836	1
30351	4863	1
30353	15832	1
30354	12973	1
30355	12973	1
30356	8865	1
30357	8865	1
30358	292	1
30359	292	1
30360	7016	1
30361	7016	1
30362	9104	1
30363	9104	1
30364	4009	1
30365	4009	1
30366	7695	1
30368	4051	1
30369	4051	1
30371	9671	1
30372	12026	1
30374	17543	1
30375	17543	1
30376	5017	1
30377	5017	1
30380	14658	1
30381	14658	1
30382	4819	1
30383	4819	1
30384	12372	1
30386	3287	1
30387	3287	1
30388	1776	1
30388	6256	1
30389	1776	1
30389	6256	1
30390	389	1
30390	2499	1
30390	3531	1
30391	389	1
30391	2499	1
30391	3531	1
30392	1312	1
30393	1312	1
30395	12412	1
30396	1748	1
30397	1748	1
30398	13417	1
30399	13417	1
30400	11619	1
30401	11619	1
30402	10089	1
30403	10089	1
30404	11294	1
30405	11294	1
30406	13806	1
30407	13806	1
30408	13112	1
30409	13112	1
30411	10754	1
30412	16467	1
30413	16467	1
30415	3867	1
30416	8601	1
30417	8601	1
30419	7130	1
30420	9035	1
30422	3410	1
30423	3410	1
30424	6474	1
30425	6474	1
30426	12847	1
30427	12847	1
30428	10684	1
30429	10684	1
30430	16571	1
30431	16571	1
30433	16194	1
30434	13983	1
30435	13983	1
30436	7026	1
30437	7026	1
30439	18078	1
30442	4439	1
30443	4439	1
30444	11380	1
30445	11380	1
30446	10004	1
30447	10004	1
30449	2450	1
30450	8451	1
30451	8451	1
30452	5535	1
30453	5535	1
30454	4673	1
30454	15896	1
30455	4673	1
30455	15896	1
30457	10482	1
30459	1107	1
30460	14998	1
30461	14998	1
30462	1012	1
30462	3964	1
30464	2147	1
30465	2147	1
30466	9526	1
30468	13234	1
30469	13234	1
30471	3861	1
30472	5193	1
30472	16585	1
30472	17678	1
30473	5193	1
30473	16585	1
30473	17678	1
30474	5959	1
30475	5959	1
30476	6717	1
30477	6717	1
30478	11982	1
30480	13322	1
30481	13322	1
30482	14270	1
30483	14270	1
30484	9212	1
30487	12326	1
30488	4328	1
30489	4328	1
30491	17379	1
30492	88	1
30493	88	1
30494	1364	1
30495	1364	1
30498	8905	1
30499	8905	1
30500	5549	1
30500	13216	1
30501	5549	1
30501	13216	1
30502	17015	1
30503	17015	1
30504	14098	1
30506	9202	1
30507	9202	1
30508	16940	1
30509	16940	1
30511	7710	1
30512	12719	1
30512	13435	1
30512	14731	1
30514	8277	1
30515	8277	1
30516	11054	1
30518	1665	1
30518	4555	1
30520	5575	1
30522	16878	1
30523	16878	1
30524	4098	1
30526	4020	1
30527	4020	1
30528	16099	1
30529	16099	1
30530	3036	1
30533	12488	1
30534	5095	1
30536	4112	1
30537	4112	1
30538	5040	1
30539	5040	1
30540	11165	1
30541	11165	1
30542	4887	1
30543	4887	1
30544	2436	1
30545	2436	1
30546	14471	1
30547	14471	1
30548	10556	1
30550	4845	1
30551	4845	1
30552	12198	1
30553	12198	1
30554	13780	1
30555	13780	1
30556	13369	1
30557	13369	1
30559	1054	1
30561	9869	1
30562	3411	1
30562	7711	1
30563	3411	1
30563	7711	1
30564	12008	1
30565	12008	1
30566	7464	1
30567	7464	1
30568	2978	1
30569	2978	1
30570	3424	1
30571	3424	1
30572	11699	1
30573	11699	1
30575	1861	1
30577	10293	1
30578	14804	1
30579	14804	1
30580	3415	1
30581	3415	1
30582	1338	1
30582	4262	1
30583	1338	1
30583	4262	1
30584	10162	1
30586	11754	1
30587	11754	1
30588	4104	1
30589	4104	1
30590	3477	1
30592	7202	1
30593	7202	1
30594	15436	1
30597	1318	1
30598	12270	1
30599	12270	1
30600	11083	1
30601	11083	1
30602	17818	1
30604	933	1
30606	5217	1
30607	5217	1
30608	2667	1
30609	2667	1
30610	14215	1
30612	8849	1
30613	8849	1
30614	11079	1
30616	9005	1
30617	9005	1
30618	5860	1
30618	12007	1
30620	5915	1
30621	5915	1
30622	7686	1
30623	7686	1
30624	3773	1
30626	16939	1
30627	16939	1
30629	2346	1
30630	16445	1
30631	16445	1
30632	6160	1
30633	6160	1
30634	14956	1
30635	14956	1
30637	3829	1
30640	12573	1
30641	12573	1
30642	1366	1
30643	1366	1
30645	1162	1
30645	9691	1
30646	7541	1
30647	7541	1
30648	2176	1
30649	2176	1
30650	16011	1
30651	16011	1
30652	1594	1
30652	7347	1
30653	1594	1
30653	7347	1
30654	10454	1
30655	10454	1
30657	15093	1
30658	16138	1
30660	14206	1
30661	14206	1
30662	4946	1
30664	18022	1
30665	18022	1
30666	3570	1
30667	3570	1
30668	11352	1
30669	11352	1
30670	10344	1
30671	10344	1
30672	11115	1
30673	11115	1
30674	4243	1
30676	6461	1
30677	6461	1
30678	992	1
30679	992	1
30681	7384	1
30683	14781	1
30684	4422	1
30685	4422	1
30686	470	1
30687	470	1
30688	532	1
30690	17589	1
30691	17589	1
30692	11870	1
30693	11870	1
30694	942	1
30695	942	1
30696	9878	1
30697	9878	1
30698	11379	1
30699	11379	1
30700	499	1
30701	499	1
30703	12082	1
30705	15781	1
30706	15216	1
30707	15216	1
30708	17868	1
30709	17868	1
30710	12893	1
30711	12893	1
30712	2509	1
30714	1548	1
30714	17191	1
30715	1548	1
30715	17191	1
30716	11584	1
30717	11584	1
30718	9614	1
30719	9614	1
30720	588	1
30722	17149	1
30723	17149	1
30724	7241	1
30725	7241	1
30727	8241	1
30728	5991	1
30729	5991	1
30730	12106	1
30730	14038	1
30731	12106	1
30731	14038	1
30732	2481	1
30733	2481	1
30735	5003	1
30736	14141	1
30737	14141	1
30738	10717	1
30739	10717	1
30740	6118	1
30742	8711	1
30744	17115	1
30745	17115	1
30746	10278	1
30747	10278	1
30748	13734	1
30749	13734	1
30752	17249	1
30753	17249	1
30754	3180	1
30757	13899	1
30758	1064	1
30759	1064	1
30760	15910	1
30762	614	1
30762	13732	1
30763	614	1
30763	13732	1
30764	3865	1
30765	3865	1
30766	10514	1
30768	10862	1
30769	10862	1
30770	15243	1
30771	15243	1
30773	4121	1
30775	9930	1
30776	12600	1
30778	8059	1
30779	8059	1
30780	8227	1
30781	8227	1
30782	4216	1
30783	4216	1
30784	12427	1
30785	12427	1
30786	6989	1
30787	6989	1
30788	7742	1
30789	7742	1
30791	1007	1
30792	3025	1
30793	3025	1
30794	8792	1
30795	8792	1
30796	13344	1
30797	13344	1
30798	5254	1
30799	5254	1
30800	6239	1
30801	6239	1
30802	8415	1
30803	8415	1
30804	1067	1
30804	10743	1
30805	1067	1
30805	10743	1
30807	1813	1
30808	3526	1
30809	3526	1
30810	13405	1
30811	13405	1
30812	17699	1
30813	17699	1
30814	12701	1
30815	12701	1
30816	4314	1
30817	4314	1
30819	13173	1
30820	3086	1
30821	3086	1
30822	5008	1
30823	5008	1
30824	4471	1
30825	4471	1
30826	444	1
30827	444	1
30829	5705	1
30830	17025	1
30831	17025	1
30832	13069	1
30835	5044	1
30836	2597	1
30840	3088	1
30842	7840	1
30845	3156	1
30845	7234	1
30846	5857	1
30847	5857	1
30849	17023	1
30851	4815	1
30852	11329	1
30853	11329	1
30858	813	1
30859	813	1
30860	13640	1
30861	13640	1
30864	16174	1
30865	16174	1
30866	27	1
30867	27	1
30868	4696	1
30872	5622	1
30873	5622	1
30874	15912	1
30875	15912	1
30876	15548	1
30877	15548	1
30879	17535	1
30880	8166	1
30881	8166	1
30882	10114	1
30883	10114	1
30884	7994	1
30885	7994	1
30886	4859	1
30886	6835	1
30888	14908	1
30889	14908	1
30890	5480	1
30891	5480	1
30892	16810	1
30893	16810	1
30894	11678	1
30896	13813	1
30897	13813	1
30898	9873	1
30899	9873	1
30900	13913	1
30901	13913	1
30902	13666	1
30902	17717	1
30903	13666	1
30903	17717	1
30904	3970	1
30905	3970	1
30906	3996	1
30907	3996	1
30909	9710	1
30910	3211	1
30912	11480	1
30913	11480	1
30914	638	1
30914	751	1
30915	638	1
30915	751	1
30916	2960	1
30917	2960	1
30918	6131	1
30919	6131	1
30920	3954	1
30921	3954	1
30922	6372	1
30923	6372	1
30924	18065	1
30925	18065	1
30926	3630	1
30927	3630	1
30928	11375	1
30929	11375	1
30930	17922	1
30931	17922	1
30933	2465	1
30935	8750	1
30937	658	1
30941	6817	1
30942	8680	1
30943	8680	1
30945	11989	1
30946	2513	1
30947	2513	1
30948	2733	1
30950	17139	1
30951	17139	1
30952	1647	1
30953	1647	1
30954	5998	1
30955	5998	1
30956	6844	1
30957	6844	1
30958	11730	1
30959	11730	1
30960	3221	1
30961	3221	1
30962	1636	1
30965	7919	1
30966	7977	1
30968	12742	1
30974	9640	1
30975	9640	1
30976	7053	1
30978	10357	1
30979	10357	1
30980	2200	1
30980	6445	1
30982	6574	1
30983	6574	1
30984	779	1
30985	779	1
30986	6354	1
30987	6354	1
30988	9973	1
30989	9973	1
30990	13355	1
30991	13355	1
30992	5091	1
30992	10675	1
30993	5091	1
30993	10675	1
30994	12856	1
30994	16773	1
30995	12856	1
30995	16773	1
30996	9442	1
30997	9442	1
30998	4568	1
30999	4568	1
31000	13722	1
31001	13722	1
31002	6910	1
31003	6910	1
31005	17618	1
31006	12410	1
31007	12410	1
31008	9352	1
31009	9352	1
31010	15028	1
31011	15028	1
31012	9797	1
31015	4618	1
31016	7678	1
31016	11719	1
31017	7678	1
31017	11719	1
31018	13060	1
31020	7523	1
31021	7523	1
31023	2377	1
31024	17779	1
31025	17779	1
31026	8017	1
31029	3760	1
31029	10748	1
31030	5334	1
31030	13545	1
31031	5334	1
31031	13545	1
31032	9976	1
31034	4002	1
31036	15942	1
31037	15942	1
31038	1115	1
31040	3021	1
31041	3021	1
31042	4059	1
31043	4059	1
31044	8626	1
31044	12871	1
31045	8626	1
31045	12871	1
31046	7544	1
31047	7544	1
31050	2626	1
31051	2626	1
31052	7467	1
31053	7467	1
31055	16341	1
31056	12520	1
31057	12520	1
31058	11529	1
31059	11529	1
31060	3697	1
31061	3697	1
31062	15755	1
31063	15755	1
31064	8133	1
31065	8133	1
31066	12196	1
31068	6435	1
31069	6435	1
31070	17522	1
31073	14295	1
31074	17173	1
31075	17173	1
31077	3653	1
31078	10183	1
31079	10183	1
31080	12765	1
31081	12765	1
31083	14735	1
31084	12380	1
31085	12380	1
31086	8390	1
31087	8390	1
31088	3961	1
31093	15070	1
31094	2898	1
31095	2898	1
31096	16245	1
31097	16245	1
31098	7330	1
31100	6049	1
31101	6049	1
31102	9390	1
31103	9390	1
31104	9434	1
31105	9434	1
31106	14032	1
31106	16996	1
31109	9455	1
31110	2351	1
31111	2351	1
31112	13129	1
31113	13129	1
31114	7956	1
31116	15233	1
31117	15233	1
31118	11751	1
31119	11751	1
31120	16778	1
31121	16778	1
31122	5029	1
31123	5029	1
31125	16587	1
31126	15790	1
31127	15790	1
31128	5879	1
31129	5879	1
31130	15049	1
31131	15049	1
31132	5300	1
31133	5300	1
31134	9446	1
31135	9446	1
31136	12681	1
31137	12681	1
31138	2257	1
31139	2257	1
31140	3554	1
31142	2246	1
31145	15106	1
31146	12328	1
31148	3609	1
31149	3609	1
31150	91	1
31151	91	1
31152	12820	1
31154	15929	1
31156	12595	1
31157	12595	1
31158	12584	1
31159	12584	1
31161	3306	1
31163	9206	1
31164	4917	1
31165	4917	1
31166	5265	1
31168	16024	1
31169	16024	1
31170	5016	1
31171	5016	1
31173	9269	1
31174	1210	1
31175	1210	1
31177	6360	1
31178	18119	1
31179	18119	1
31180	3423	1
31181	3423	1
31182	12760	1
31183	12760	1
31184	16655	1
31185	16655	1
31186	13644	1
31187	13644	1
31188	7522	1
31189	7522	1
31190	6504	1
31192	16420	1
31193	16420	1
31194	16377	1
31195	16377	1
31198	12837	1
31199	12837	1
31200	6344	1
31201	6344	1
31202	5455	1
31203	5455	1
31204	7801	1
31204	17027	1
31205	7801	1
31205	17027	1
31206	11758	1
31207	11758	1
31209	2853	1
31210	10994	1
31211	10994	1
31213	8208	1
31214	15198	1
31215	15198	1
31217	11241	1
31218	15272	1
31219	15272	1
31220	15323	1
31221	15323	1
31222	6106	1
31223	6106	1
31224	16936	1
31225	16936	1
31226	13695	1
31227	13695	1
31229	2624	1
31230	13000	1
31231	13000	1
31232	18111	1
31233	18111	1
31235	9028	1
31236	8322	1
31237	8322	1
31238	8427	1
31239	8427	1
31240	2294	1
31240	2910	1
31241	2294	1
31241	2910	1
31242	8696	1
31243	8696	1
31244	403	1
31245	403	1
31246	599	1
31246	8880	1
31248	3445	1
31249	3445	1
31250	4940	1
31250	6449	1
31250	13114	1
31251	4940	1
31251	6449	1
31251	13114	1
31252	1948	1
31252	3559	1
31253	1948	1
31253	3559	1
31254	539	1
31255	539	1
31257	2091	1
31258	2478	1
31259	2478	1
31260	13225	1
31261	13225	1
31263	4498	1
31264	14311	1
31266	951	1
31267	951	1
31268	7307	1
31269	7307	1
31271	2387	1
31272	9748	1
31273	9748	1
31274	290	1
31276	17290	1
31277	17290	1
31278	16279	1
31280	4253	1
31282	6190	1
31283	6190	1
31284	10918	1
31286	7044	1
31287	7044	1
31288	13965	1
31289	13965	1
31290	5114	1
31291	5114	1
31292	8349	1
31293	8349	1
31294	8197	1
31295	8197	1
31297	15717	1
31299	11983	1
31301	2933	1
31302	12915	1
31303	12915	1
31304	17201	1
31305	17201	1
31307	11599	1
31309	14054	1
31310	570	1
31311	570	1
31312	10966	1
31314	4678	1
31314	6336	1
31314	15802	1
31315	4678	1
31315	6336	1
31315	15802	1
31317	6793	1
31320	7137	1
31321	7137	1
31322	5574	1
31323	5574	1
31324	7080	1
31325	7080	1
31327	15313	1
31328	15596	1
31329	15596	1
31330	14860	1
31331	14860	1
31332	9447	1
31333	9447	1
31335	6831	1
31338	8356	1
31338	14983	1
31339	8356	1
31339	14983	1
31340	3995	1
31341	3995	1
31343	15057	1
31344	4513	1
31345	4513	1
31346	5790	1
31347	5790	1
31348	964	1
31348	6580	1
31349	964	1
31349	6580	1
31351	2432	1
31352	3550	1
31353	3550	1
31354	17921	1
31355	17921	1
31356	6147	1
31357	6147	1
31358	362	1
31359	362	1
31360	7101	1
31361	7101	1
31362	9159	1
31363	9159	1
31364	3641	1
31365	3641	1
31366	18125	1
31369	17482	1
31370	7497	1
31371	7497	1
31373	9649	1
31373	17492	1
31374	10124	1
31375	10124	1
31376	6849	1
31377	6849	1
31378	12403	1
31379	12403	1
31380	5050	1
31381	5050	1
31382	9424	1
31383	9424	1
31384	8583	1
31385	8583	1
31388	15366	1
31389	15366	1
31391	13688	1
31393	2595	1
31394	6820	1
31396	5164	1
31396	14828	1
31397	5164	1
31397	14828	1
31399	1476	1
31400	2269	1
31401	2269	1
31402	9891	1
31403	9891	1
31404	5301	1
31405	5301	1
31406	4421	1
31407	4421	1
31408	10251	1
31409	10251	1
31411	10973	1
31412	4075	1
31413	4075	1
31419	3501	1
31420	13370	1
31422	6788	1
31424	18020	1
31425	18020	1
31426	15982	1
31427	15982	1
31430	4103	1
31431	4103	1
31433	691	1
31434	611	1
31435	611	1
31436	10109	1
31437	10109	1
31438	7812	1
31439	7812	1
31440	11192	1
31441	11192	1
31442	6067	1
31443	6067	1
31444	17721	1
31446	3338	1
31449	15674	1
31450	12194	1
31451	12194	1
31453	17789	1
31454	11644	1
31456	766	1
31457	766	1
31459	9942	1
31460	4381	1
31461	4381	1
31462	4834	1
31463	4834	1
31465	12413	1
31466	8343	1
31468	1773	1
31469	1773	1
31470	16966	1
31471	16966	1
31472	1839	1
31473	1839	1
31474	14667	1
31475	14667	1
31477	9648	1
31478	16930	1
31479	16930	1
31480	4572	1
31482	16353	1
31483	16353	1
31484	12431	1
31485	12431	1
31486	9037	1
31487	9037	1
31488	12929	1
31489	12929	1
31490	5446	1
31490	8378	1
31491	5446	1
31491	8378	1
31492	5252	1
31493	5252	1
31494	5494	1
31495	5494	1
31498	15172	1
31499	15172	1
31500	11132	1
31501	11132	1
31502	2669	1
31504	7178	1
31504	13107	1
31505	7178	1
31505	13107	1
31506	4427	1
31507	4427	1
31508	1851	1
31509	1851	1
31510	1419	1
31511	1419	1
31513	5974	1
31513	12967	1
31515	12111	1
31516	5132	1
31517	5132	1
31518	9723	1
31521	4129	1
31522	6886	1
31524	16457	1
31525	16457	1
31528	14137	1
31529	14137	1
31530	13717	1
31531	13717	1
31532	11031	1
31533	11031	1
31534	10431	1
31535	10431	1
31536	8850	1
31538	14199	1
31539	14199	1
31541	11075	1
31542	9078	1
31543	9078	1
31544	16831	1
31545	16831	1
31546	6962	1
31547	6962	1
31548	3756	1
31549	3756	1
31550	10266	1
31552	14558	1
31553	14558	1
31554	17927	1
31555	17927	1
31557	4429	1
31559	11033	1
31560	3444	1
31562	6032	1
31563	6032	1
31564	13552	1
31565	13552	1
31567	7531	1
31569	5739	1
31570	5901	1
31572	3009	1
31573	3009	1
31574	10016	1
31575	10016	1
31576	9071	1
31577	9071	1
31578	3488	1
31580	1515	1
31581	1515	1
31582	14573	1
31583	14573	1
31585	10864	1
31588	2173	1
31589	2173	1
31590	13440	1
31591	13440	1
31592	4532	1
31593	4532	1
31594	3289	1
31595	3289	1
31596	6029	1
31597	6029	1
31598	13016	1
31599	13016	1
31601	5515	1
31601	11463	1
31604	12004	1
31605	12004	1
31606	9568	1
31607	9568	1
31608	16205	1
31609	16205	1
31610	17102	1
31611	17102	1
31613	1607	1
31616	9320	1
31617	9320	1
31618	16557	1
31619	16557	1
31620	947	1
31621	947	1
31622	14232	1
31623	14232	1
31624	6215	1
31625	6215	1
31626	4027	1
31628	15367	1
31629	15367	1
31630	13518	1
31631	13518	1
31632	14767	1
31633	14767	1
31634	11554	1
31635	11554	1
31637	9538	1
31638	17770	1
31639	17770	1
31640	9668	1
31641	9668	1
31642	4388	1
31643	4388	1
31645	13502	1
31647	13213	1
31648	5028	1
31649	5028	1
31650	10499	1
31651	10499	1
31653	11535	1
31654	18135	1
31655	18135	1
31656	4025	1
31657	4025	1
31659	11341	1
31660	2871	1
31662	11959	1
31663	11959	1
31664	3510	1
31665	3510	1
31668	4957	1
31669	4957	1
31671	14207	1
31672	3085	1
31673	3085	1
31674	8024	1
31675	8024	1
31677	6242	1
31678	12668	1
31679	12668	1
31680	3937	1
31681	3937	1
31683	10936	1
31684	15628	1
31685	15628	1
31686	9108	1
31687	9108	1
31688	16888	1
31690	6770	1
31691	6770	1
31692	13333	1
31693	13333	1
31695	8700	1
31696	12770	1
31697	12770	1
31698	179	1
31699	179	1
31700	9862	1
31702	1253	1
31703	1253	1
31705	6135	1
31706	13912	1
31707	13912	1
31708	14381	1
31709	14381	1
31710	15761	1
31711	15761	1
31712	3977	1
31714	7600	1
31715	7600	1
31716	10248	1
31717	10248	1
31718	10517	1
31719	10517	1
31720	8940	1
31721	8940	1
31722	8952	1
31723	8952	1
31724	5152	1
31725	5152	1
31726	7036	1
31728	14288	1
31729	14288	1
31730	13635	1
31731	13635	1
31732	506	1
31733	506	1
31734	7250	1
31736	4100	1
31737	4100	1
31738	4080	1
31739	4080	1
31740	961	1
31740	14028	1
31741	961	1
31741	14028	1
31742	14322	1
31743	14322	1
31746	16388	1
31747	16388	1
31748	5097	1
31749	5097	1
31750	13973	1
31751	13973	1
31752	14654	1
31753	14654	1
31754	4441	1
31755	4441	1
31757	12632	1
31758	18036	1
31759	18036	1
31760	6169	1
31760	16295	1
31761	6169	1
31761	16295	1
31762	1201	1
31764	11835	1
31766	10718	1
31767	10718	1
31768	4312	1
31769	4312	1
31770	12001	1
31771	12001	1
31772	10511	1
31774	11522	1
31774	15766	1
31775	11522	1
31775	15766	1
31776	5325	1
31777	5325	1
31778	1656	1
31779	1656	1
31781	6300	1
31782	9429	1
31783	9429	1
31784	2273	1
31785	2273	1
31786	14218	1
31787	14218	1
31788	14237	1
31789	14237	1
31791	5940	1
31792	1887	1
31793	1887	1
31795	13152	1
31796	1028	1
31797	1028	1
31798	10595	1
31798	16119	1
31799	10595	1
31799	16119	1
31800	4563	1
31801	4563	1
31802	17228	1
31804	6432	1
31805	6432	1
31806	3963	1
31807	3963	1
31809	8348	1
31811	7827	1
31812	10254	1
31813	10254	1
31814	14716	1
31815	14716	1
31816	1804	1
31817	1804	1
31818	11636	1
31820	6424	1
31821	6424	1
31822	7189	1
31823	7189	1
31824	15552	1
31825	15552	1
31826	14167	1
31827	14167	1
31828	5449	1
31829	5449	1
31830	14033	1
31831	14033	1
31832	5403	1
31833	5403	1
31834	16102	1
31835	16102	1
31836	11315	1
31837	11315	1
31838	17245	1
31839	17245	1
31840	3482	1
31841	3482	1
31842	3589	1
31843	3589	1
31844	4203	1
31845	4203	1
31846	11240	1
31847	11240	1
31848	692	1
31848	16248	1
31849	692	1
31849	16248	1
31851	11970	1
31852	16416	1
31854	2874	1
31855	2874	1
31856	6923	1
31857	6923	1
31858	397	1
31860	8508	1
31861	8508	1
31862	9644	1
31863	9644	1
31864	1492	1
31865	1492	1
31868	3632	1
31869	3632	1
31870	11228	1
31871	11228	1
31872	9972	1
31873	9972	1
31874	1518	1
31875	1518	1
31876	16291	1
31877	16291	1
31878	16876	1
31879	16876	1
31880	16449	1
31880	17390	1
31882	13053	1
31883	13053	1
31886	14973	1
31887	14973	1
31888	8587	1
31889	8587	1
31890	6497	1
31891	6497	1
31893	11715	1
31894	16327	1
31896	56	1
31897	56	1
31898	1135	1
31899	1135	1
31900	16374	1
31902	4344	1
31904	7461	1
31905	7461	1
31907	12186	1
31908	14045	1
31909	14045	1
31910	14959	1
31911	14959	1
31912	11431	1
31915	2523	1
31916	13594	1
31917	13594	1
31918	8384	1
31919	8384	1
31920	9927	1
31921	9927	1
31922	734	1
31923	734	1
31925	10380	1
31926	15546	1
31927	15546	1
31928	3329	1
31929	3329	1
31930	14366	1
31931	14366	1
31933	1418	1
31934	7263	1
31934	7518	1
31935	7263	1
31935	7518	1
31936	7885	1
31938	5367	1
31940	12894	1
31941	12894	1
31944	17150	1
31945	17150	1
31946	11986	1
31947	11986	1
31950	4280	1
31951	4280	1
31953	4861	1
31954	11926	1
31957	17032	1
31958	4354	1
31959	4354	1
31960	11016	1
31961	11016	1
31962	17757	1
31963	17757	1
31964	13870	1
31965	13870	1
31966	2374	1
31967	2374	1
31969	15361	1
31970	4894	1
31970	9602	1
31971	4894	1
31971	9602	1
31972	14904	1
31973	14904	1
31974	15424	1
31976	11104	1
31977	11104	1
31978	7965	1
31979	7965	1
31981	14873	1
31984	13624	1
31985	13624	1
31987	9153	1
31988	671	1
31989	671	1
31990	9636	1
31991	9636	1
31992	7658	1
31993	7658	1
31994	12602	1
31995	12602	1
31996	5153	1
31996	14685	1
31997	5153	1
31997	14685	1
31998	16157	1
31999	16157	1
32000	10184	1
32001	10184	1
32003	8761	1
32004	17815	1
32005	17815	1
32006	5310	1
32009	4527	1
32012	17681	1
32013	17681	1
32014	5632	1
32015	5632	1
32017	7667	1
32018	12016	1
32019	12016	1
32020	16454	1
32021	16454	1
32022	7200	1
32022	7231	1
32023	7200	1
32023	7231	1
32024	17949	1
32025	17949	1
32026	13085	1
32027	13085	1
32029	14640	1
32030	7003	1
32031	7003	1
32032	8079	1
32033	8079	1
32034	6867	1
32035	6867	1
32036	17999	1
32037	17999	1
32039	17905	1
32040	13408	1
32041	13408	1
32044	6145	1
32045	6145	1
32046	9188	1
32047	9188	1
32049	3941	1
32050	13553	1
32052	9163	1
32052	14894	1
32054	6021	1
32055	6021	1
32056	1006	1
32057	1006	1
32058	9106	1
32059	9106	1
32060	2976	1
32061	2976	1
32063	13222	1
32064	14740	1
32066	2964	1
32067	2964	1
32068	14158	1
32069	14158	1
32070	6767	1
32071	6767	1
32073	15400	1
32076	2288	1
32077	2288	1
32079	119	1
32080	13256	1
32081	13256	1
32084	2236	1
32085	2236	1
32087	1553	1
32089	17479	1
32090	3170	1
32091	3170	1
32092	14750	1
32093	14750	1
32094	14454	1
32096	14460	1
32098	17002	1
32099	17002	1
32101	3440	1
32102	17598	1
32103	17598	1
32104	3979	1
32106	10696	1
32108	11497	1
32108	14449	1
32109	11497	1
32109	14449	1
32110	15993	1
32111	15993	1
32112	4268	1
32114	9486	1
32115	9486	1
32117	3076	1
32118	2749	1
32120	9943	1
32121	9943	1
32122	2379	1
32123	2379	1
32125	6267	1
32126	3254	1
32129	8993	1
32130	17634	1
32131	17634	1
32132	3638	1
32134	15872	1
32135	15872	1
32136	6575	1
32137	6575	1
32138	16165	1
32139	16165	1
32141	2483	1
32142	6452	1
32143	6452	1
32144	5554	1
32145	5554	1
32146	11944	1
32148	502	1
32149	502	1
32151	12583	1
32153	5205	1
32153	15572	1
32154	10101	1
32155	10101	1
32156	361	1
32157	361	1
32158	10958	1
32159	10958	1
32160	12921	1
32161	12921	1
32162	4417	1
32164	7865	1
32165	7865	1
32166	4919	1
32167	4919	1
32170	13455	1
32171	13455	1
32172	7692	1
32172	12301	1
32174	12812	1
32175	12812	1
32176	13940	1
32177	13940	1
32178	7078	1
32180	143	1
32181	143	1
32184	9600	1
32185	9600	1
32186	14107	1
32187	14107	1
32189	16186	1
32190	14003	1
32192	16224	1
32193	16224	1
32194	3011	1
32195	3011	1
32196	15880	1
32197	15880	1
32198	11234	1
32201	12464	1
32202	9066	1
32204	8588	1
32205	8588	1
32206	11872	1
32207	11872	1
32208	14621	1
32209	14621	1
32210	11941	1
32211	11941	1
32212	7207	1
32213	7207	1
32214	7907	1
32214	13592	1
32215	7907	1
32215	13592	1
32216	14057	1
32218	17605	1
32219	17605	1
32222	1332	1
32223	1332	1
32224	15545	1
32225	15545	1
32226	14693	1
32227	14693	1
32229	4855	1
32230	8841	1
32231	8841	1
32232	14898	1
32235	2895	1
32237	14066	1
32238	7336	1
32239	7336	1
32240	11639	1
32241	11639	1
32243	13574	1
32244	14584	1
32244	16725	1
32245	14584	1
32245	16725	1
32246	15242	1
32247	15242	1
32248	10439	1
32248	10568	1
32249	10439	1
32249	10568	1
32250	7805	1
32251	7805	1
32253	16971	1
32254	5881	1
32255	5881	1
32257	13673	1
32258	15075	1
32259	15075	1
32261	4048	1
32264	10628	1
32265	10628	1
32266	4910	1
32267	4910	1
32268	8932	1
32272	5711	1
32273	5711	1
32274	15497	1
32277	2247	1
32278	385	1
32278	3523	1
32279	385	1
32279	3523	1
32280	4991	1
32281	4991	1
32282	8430	1
32282	15847	1
32283	8430	1
32283	15847	1
32284	7866	1
32285	7866	1
32286	9482	1
32287	9482	1
32288	14049	1
32290	13430	1
32291	13430	1
32292	11260	1
32293	11260	1
32294	9982	1
32295	9982	1
32296	11693	1
32297	11693	1
32299	16970	1
32300	13818	1
32301	13818	1
32302	14819	1
32303	14819	1
32305	12613	1
32306	5782	1
32307	5782	1
32308	11702	1
32309	11702	1
32310	13712	1
32310	17361	1
32311	13712	1
32311	17361	1
32312	15237	1
32313	15237	1
32314	5451	1
32315	5451	1
32316	3047	1
32317	3047	1
32318	3188	1
32319	3188	1
32320	1057	1
32322	253	1
32323	253	1
32324	15954	1
32325	15954	1
32327	10665	1
32328	18011	1
32329	18011	1
32330	15990	1
32331	15990	1
32332	6337	1
32333	6337	1
32336	5733	1
32337	5733	1
32338	7770	1
32339	7770	1
32340	6914	1
32341	6914	1
32343	5637	1
32344	10891	1
32345	10891	1
32346	7251	1
32347	7251	1
32348	3171	1
32349	3171	1
32350	16428	1
32351	16428	1
32352	17672	1
32353	17672	1
32354	3610	1
32355	3610	1
32356	14436	1
32357	14436	1
32358	14240	1
32360	17010	1
32361	17010	1
32362	10794	1
32365	16285	1
32366	1337	1
32370	9925	1
32371	9925	1
32372	5907	1
32372	15812	1
32373	5907	1
32373	15812	1
32375	555	1
32376	14681	1
32377	14681	1
32379	17708	1
32380	2160	1
32381	2160	1
32382	13968	1
32383	13968	1
32384	660	1
32384	7175	1
32385	660	1
32385	7175	1
32386	849	1
32387	849	1
32389	10061	1
32391	3427	1
32392	7041	1
32393	7041	1
32394	11810	1
32395	11810	1
32396	8701	1
32398	14438	1
32399	14438	1
32400	9652	1
32401	9652	1
32403	1764	1
32404	15477	1
32406	1347	1
32407	1347	1
32408	16337	1
32409	16337	1
32410	5802	1
32411	5802	1
32413	7582	1
32415	6976	1
32416	17370	1
32418	5935	1
32420	1638	1
32421	1638	1
32422	17088	1
32423	17088	1
32424	10500	1
32425	10500	1
32426	12374	1
32427	12374	1
32428	17795	1
32429	17795	1
32430	14214	1
32430	15522	1
32431	14214	1
32431	15522	1
32433	10673	1
32437	15279	1
32438	9730	1
32439	9730	1
32440	17924	1
32441	17924	1
32442	16063	1
32443	16063	1
32444	16730	1
32445	16730	1
32446	7950	1
32447	7950	1
32448	16277	1
32449	16277	1
32450	5710	1
32451	5710	1
32452	15338	1
32454	11433	1
32455	11433	1
32456	3520	1
32458	16133	1
32459	16133	1
32460	16572	1
32461	16572	1
32462	17200	1
32463	17200	1
32464	7743	1
32465	7743	1
32466	5514	1
32470	10733	1
32471	10733	1
32472	4386	1
32473	4386	1
32474	9089	1
32475	9089	1
32477	9901	1
32478	1254	1
32478	2193	1
32478	10928	1
32479	1254	1
32479	2193	1
32479	10928	1
32481	3803	1
32482	10340	1
32483	10340	1
32485	17788	1
32486	12596	1
32487	12596	1
32488	12231	1
32490	12557	1
32491	12557	1
32493	2638	1
32495	15706	1
32496	17792	1
32497	17792	1
32498	17	1
32499	17	1
32500	1060	1
32500	18093	1
32501	1060	1
32501	18093	1
32503	6715	1
32506	5397	1
32507	5397	1
32508	716	1
32509	716	1
32511	14729	1
32512	1042	1
32513	1042	1
32515	13097	1
32516	13597	1
32516	16087	1
32518	2926	1
32519	2926	1
32521	4592	1
32522	16991	1
32523	16991	1
32524	4835	1
32525	4835	1
32527	5607	1
32527	8804	1
32528	11922	1
32530	13942	1
32531	13942	1
32532	6833	1
32533	6833	1
32535	8577	1
32537	10901	1
32538	5795	1
32539	5795	1
32540	669	1
32541	669	1
32542	5540	1
32543	5540	1
32545	7720	1
32548	15962	1
32549	15962	1
32550	135	1
32551	135	1
32552	4106	1
32553	4106	1
32554	12244	1
32555	12244	1
32556	10941	1
32557	10941	1
32558	5904	1
32563	580	1
32564	13786	1
32565	13786	1
32567	7845	1
32568	6721	1
32569	6721	1
32570	17435	1
32571	17435	1
32573	16346	1
32574	1883	1
32575	1883	1
32577	10939	1
32578	6479	1
32579	6479	1
32580	6341	1
32583	9502	1
32584	9550	1
32585	9550	1
32586	16674	1
32589	9714	1
32590	13943	1
32591	13943	1
32592	16453	1
32593	16453	1
32594	9760	1
32595	9760	1
32596	12518	1
32597	12518	1
32598	15267	1
32599	15267	1
32600	4079	1
32602	1238	1
32603	1238	1
32604	15801	1
32606	6644	1
32608	6692	1
32611	4743	1
32611	12477	1
32612	17238	1
32613	17238	1
32614	7188	1
32615	7188	1
32616	12655	1
32618	9325	1
32619	9325	1
32621	15770	1
32622	13745	1
32623	13745	1
32624	4879	1
32625	4879	1
32626	11729	1
32628	850	1
32629	850	1
32630	1509	1
32631	1509	1
32632	10362	1
32633	10362	1
32634	17481	1
32636	13375	1
32638	13584	1
32639	13584	1
32640	107	1
32643	17274	1
32645	4450	1
32645	13384	1
32648	7542	1
32649	7542	1
32650	8236	1
32651	8236	1
32652	2790	1
32655	2867	1
32656	13785	1
32657	13785	1
32658	11549	1
32659	11549	1
32660	15386	1
32661	15386	1
32663	3798	1
32665	4760	1
32666	10974	1
32669	8902	1
32671	8956	1
32672	14372	1
32672	17117	1
32673	14372	1
32673	17117	1
32675	3828	1
32677	10843	1
32679	12833	1
32679	15046	1
32680	15259	1
32681	15259	1
32682	1382	1
32683	1382	1
32684	4208	1
32685	4208	1
32686	5454	1
32687	5454	1
32689	18134	1
32691	12523	1
32692	4405	1
32693	4405	1
32694	11324	1
32695	11324	1
32696	14486	1
32697	14486	1
32699	1092	1
32699	14815	1
32701	2856	1
32702	4414	1
32703	4414	1
32704	11163	1
32705	11163	1
32706	9546	1
32707	9546	1
32708	5645	1
32709	5645	1
32710	11420	1
32711	11420	1
32712	11225	1
32713	11225	1
32714	9407	1
32715	9407	1
32716	5469	1
32717	5469	1
32718	14474	1
32719	14474	1
32720	2161	1
32723	12658	1
32724	455	1
32725	455	1
32726	14560	1
32727	14560	1
32729	6111	1
32731	9487	1
32732	2357	1
32733	2357	1
32734	9716	1
32735	9716	1
32736	61	1
32737	61	1
32739	2101	1
32741	13503	1
32742	1789	1
32743	1789	1
32744	12363	1
32746	6140	1
32747	6140	1
32748	15178	1
32750	4837	1
32751	4837	1
32752	6918	1
32753	6918	1
32754	7533	1
32755	7533	1
32756	8201	1
32757	8201	1
32758	2568	1
32760	5461	1
32761	5461	1
32762	1975	1
32763	1975	1
32765	2276	1
32765	15783	1
32766	13557	1
32767	13557	1
32769	682	1
32770	8939	1
32772	2774	1
32773	2774	1
32774	15594	1
32775	15594	1
32776	12113	1
32781	4880	1
32783	12147	1
32784	15612	1
32785	15612	1
32786	7293	1
32787	7293	1
32788	579	1
32789	579	1
32790	5366	1
32790	6898	1
32790	15151	1
32791	5366	1
32791	6898	1
32791	15151	1
32793	13463	1
32794	12006	1
32794	13993	1
32795	12006	1
32795	13993	1
32797	2156	1
32798	1727	1
32799	1727	1
32800	10494	1
32802	8878	1
32804	14064	1
32805	14064	1
32806	9013	1
32808	12070	1
32810	11775	1
32811	11775	1
32812	12168	1
32813	12168	1
32814	13716	1
32816	13989	1
32818	4306	1
32819	4306	1
32820	8254	1
32821	8254	1
32822	9718	1
32823	9718	1
32824	4717	1
32825	4717	1
32827	17928	1
32828	2528	1
32829	2528	1
32830	4803	1
32831	4803	1
32832	12370	1
32833	12370	1
32836	1762	1
32837	1762	1
32838	4043	1
32840	6311	1
32841	6311	1
32842	8581	1
32843	8581	1
32844	10142	1
32846	15213	1
32847	15213	1
32850	9266	1
32851	9266	1
32852	5501	1
32853	5501	1
32854	17441	1
32856	467	1
32857	467	1
32860	9589	1
32861	9589	1
32862	714	1
32863	714	1
32864	2862	1
32864	9084	1
32865	2862	1
32865	9084	1
32867	6398	1
32869	8625	1
32870	7572	1
32870	8807	1
32871	7572	1
32871	8807	1
32872	14528	1
32873	14528	1
32874	14723	1
32875	14723	1
32876	16789	1
32878	5009	1
32880	6467	1
32881	6467	1
32883	15203	1
32886	4418	1
32887	4418	1
32888	5660	1
32890	15734	1
32891	15734	1
32892	12890	1
32893	12890	1
32894	790	1
32895	790	1
32896	9801	1
32899	9896	1
32900	9932	1
32903	16905	1
32905	4023	1
32906	14159	1
32908	13887	1
32909	13887	1
32910	260	1
32911	260	1
32912	16043	1
32914	5014	1
32916	13701	1
32919	10529	1
32920	3234	1
32921	3234	1
32922	10885	1
32923	10885	1
32924	13399	1
32928	10249	1
32932	5177	1
32933	5177	1
32934	2927	1
32935	2927	1
32936	4400	1
32938	2907	1
32939	2907	1
32940	3739	1
32941	3739	1
32944	3363	1
32945	3363	1
32946	9302	1
32946	13868	1
32947	9302	1
32947	13868	1
32949	298	1
32950	9929	1
32951	9929	1
32953	10150	1
32954	9501	1
32955	9501	1
32956	15938	1
32957	15938	1
32958	12918	1
32960	11349	1
32961	11349	1
32962	17172	1
32963	17172	1
32964	17534	1
32965	17534	1
32967	7581	1
32968	11459	1
32971	14020	1
32972	16180	1
32973	16180	1
32974	13740	1
32976	5035	1
32977	5035	1
32979	15063	1
32980	6455	1
32981	6455	1
32982	7887	1
32983	7887	1
32984	16131	1
32985	16131	1
32988	4057	1
32989	4057	1
32990	13367	1
32991	13367	1
32992	13515	1
32993	13515	1
32994	16729	1
32996	1091	1
32997	1091	1
32998	7057	1
32999	7057	1
33000	12138	1
33002	3083	1
33003	3083	1
33005	10798	1
33007	13474	1
33008	5295	1
33009	5295	1
33010	12354	1
33011	12354	1
33015	2789	1
33017	3163	1
33018	14378	1
33019	14378	1
33021	2235	1
33022	15283	1
33023	15283	1
33024	8743	1
33025	8743	1
33026	8965	1
33026	13783	1
33027	8965	1
33027	13783	1
33028	7383	1
33029	7383	1
33031	5522	1
33032	16921	1
33034	1108	1
33035	1108	1
33036	624	1
33038	15711	1
33039	15711	1
33040	11562	1
33043	15391	1
33044	14626	1
33045	14626	1
33046	5534	1
33047	5534	1
33049	8916	1
33050	2341	1
33051	2341	1
33052	18043	1
33053	18043	1
33054	13992	1
33056	5202	1
33057	5202	1
33058	4987	1
33060	6640	1
33061	6640	1
33063	16365	1
33064	14948	1
33065	14948	1
33067	14293	1
33068	6998	1
33069	6998	1
33070	6774	1
33071	6774	1
33072	15162	1
33073	15162	1
33074	9560	1
33075	9560	1
33076	5362	1
33077	5362	1
33078	16900	1
33079	16900	1
33080	6281	1
33081	6281	1
33082	7242	1
33083	7242	1
33084	11891	1
33085	11891	1
33086	838	1
33086	9703	1
33087	838	1
33087	9703	1
33088	2305	1
33090	3107	1
33090	9992	1
33091	3107	1
33091	9992	1
33092	3300	1
33093	3300	1
33094	9150	1
33095	9150	1
33096	2489	1
33097	2489	1
33099	15153	1
33100	8852	1
33101	8852	1
33103	1737	1
33104	3131	1
33106	1901	1
33107	1901	1
33108	12394	1
33109	12394	1
33110	17500	1
33111	17500	1
33113	15643	1
33114	3109	1
33115	3109	1
33116	13034	1
33117	13034	1
33119	9335	1
33121	9356	1
33122	13530	1
33123	13530	1
33124	9789	1
33127	6409	1
33127	11485	1
33128	12639	1
33129	12639	1
33130	4546	1
33131	4546	1
33132	17422	1
33133	17422	1
33134	8253	1
33136	6156	1
33137	6156	1
33138	6098	1
33139	6098	1
33140	1119	1
33141	1119	1
33142	17773	1
33143	17773	1
33144	627	1
33146	4542	1
33147	4542	1
33148	11523	1
33150	1619	1
33153	4931	1
33154	3103	1
33155	3103	1
33156	4524	1
33157	4524	1
33158	7238	1
33159	7238	1
33160	13676	1
33163	7712	1
33164	3600	1
33165	3600	1
33167	12213	1
33168	3475	1
33168	10308	1
33169	3475	1
33169	10308	1
33170	12436	1
33171	12436	1
33172	7358	1
33173	7358	1
33174	12958	1
33175	12958	1
33176	10287	1
33178	12827	1
33179	12827	1
33180	11156	1
33181	11156	1
33182	11709	1
33183	11709	1
33184	8895	1
33185	8895	1
33188	10747	1
33189	10747	1
33190	16288	1
33191	16288	1
33192	10074	1
33193	10074	1
33195	3935	1
33196	3635	1
33197	3635	1
33198	9443	1
33199	9443	1
33200	1037	1
33201	1037	1
33202	375	1
33202	17236	1
33202	18059	1
33203	375	1
33203	17236	1
33203	18059	1
33204	17834	1
33205	17834	1
33206	5287	1
33206	12230	1
33207	5287	1
33207	12230	1
33209	13580	1
33210	5566	1
33211	5566	1
33212	14845	1
33213	14845	1
33215	15541	1
33216	3587	1
33217	3587	1
33218	14294	1
33219	14294	1
33221	7441	1
33222	3652	1
33223	3652	1
33224	11512	1
33225	11512	1
33226	4790	1
33229	6484	1
33230	15382	1
33231	15382	1
33232	15197	1
33233	15197	1
33234	755	1
33236	1802	1
33238	15891	1
33240	2633	1
33240	17496	1
33241	2633	1
33241	17496	1
33244	3551	1
33245	3551	1
33246	2057	1
33247	2057	1
33250	2993	1
33252	14593	1
33253	14593	1
33254	5615	1
33256	17793	1
33257	17793	1
33258	10213	1
33259	10213	1
33260	4590	1
33261	4590	1
33262	2116	1
33263	2116	1
33265	8105	1
33266	5557	1
33267	5557	1
33268	3626	1
33268	4893	1
33268	15613	1
33269	3626	1
33269	4893	1
33269	15613	1
33270	8335	1
33271	8335	1
33272	1367	1
33273	1367	1
33274	8903	1
33275	8903	1
33276	4369	1
33277	4369	1
33279	11179	1
33280	1500	1
33281	1500	1
33282	9631	1
33283	9631	1
33285	18002	1
33286	7877	1
33287	7877	1
33288	13236	1
33290	824	1
33291	824	1
33292	9626	1
33294	16958	1
33296	4359	1
33297	4359	1
33298	3574	1
33302	3565	1
33303	3565	1
33304	5022	1
33304	14417	1
33306	3196	1
33307	3196	1
33310	8951	1
33311	8951	1
33312	3827	1
33312	8216	1
33313	3827	1
33313	8216	1
33314	12309	1
33315	12309	1
33317	15595	1
33318	9324	1
33319	9324	1
33320	3029	1
33321	3029	1
33322	14044	1
33323	14044	1
33324	10198	1
33329	15018	1
33330	7548	1
33331	7548	1
33333	10753	1
33335	9847	1
33336	9542	1
33337	9542	1
33338	9625	1
33339	9625	1
33341	2928	1
33342	2046	1
33343	2046	1
33344	9571	1
33345	9571	1
33348	3134	1
33351	16360	1
33352	14119	1
33353	14119	1
33354	7857	1
33355	7857	1
33356	9244	1
33357	9244	1
33358	7191	1
33362	2990	1
33363	2990	1
33364	9895	1
33366	3359	1
33367	3359	1
33369	12249	1
33370	18097	1
33372	2318	1
33374	9633	1
33375	9633	1
33376	17301	1
33377	17301	1
33379	11224	1
33380	4646	1
33382	7752	1
33384	15032	1
33385	15032	1
33386	10953	1
33387	10953	1
33388	8831	1
33390	390	1
33392	3458	1
33394	14230	1
33395	14230	1
33396	1880	1
33397	1880	1
33398	3422	1
33399	3422	1
33400	989	1
33401	989	1
33404	16168	1
33406	6414	1
33407	6414	1
33408	11291	1
33408	13633	1
33409	11291	1
33409	13633	1
33410	3185	1
33411	3185	1
33412	10217	1
33413	10217	1
33414	845	1
33415	845	1
33416	14078	1
33416	16875	1
33418	8149	1
33419	8149	1
33421	13007	1
33421	16559	1
33422	729	1
33423	729	1
33424	6856	1
33426	6448	1
33427	6448	1
33428	10487	1
33429	10487	1
33431	6678	1
33433	5770	1
33433	16839	1
33434	925	1
33435	925	1
33436	14587	1
33437	14587	1
33438	2475	1
33439	2475	1
33440	15818	1
33441	15818	1
33443	1033	1
33444	6241	1
33446	319	1
33447	319	1
33448	15692	1
33449	15692	1
33450	14611	1
33451	14611	1
33452	10001	1
33453	10001	1
33455	2965	1
33456	13657	1
33457	13657	1
33458	10418	1
33460	5289	1
33461	5289	1
33462	1566	1
33463	1566	1
33464	2149	1
33465	2149	1
33466	3953	1
33470	750	1
33471	750	1
33472	7051	1
33473	7051	1
33474	1178	1
33475	1178	1
33476	9988	1
33477	9988	1
33478	16547	1
33479	16547	1
33480	495	1
33481	495	1
33482	12503	1
33483	12503	1
33484	10632	1
33486	8372	1
33487	8372	1
33488	13863	1
33489	13863	1
33490	5391	1
33493	14695	1
33494	3286	1
33495	3286	1
33497	17067	1
33498	12572	1
33500	8776	1
33501	8776	1
33502	4430	1
33503	4430	1
33504	13378	1
33505	13378	1
33506	5402	1
33507	5402	1
33509	5617	1
33510	3187	1
33513	1971	1
33514	1527	1
33515	1527	1
33517	14363	1
33518	10668	1
33519	10668	1
33520	16771	1
33521	16771	1
33522	2661	1
33523	2661	1
33524	2261	1
33525	2261	1
33526	12123	1
33529	7798	1
33530	10604	1
33531	10604	1
33532	9129	1
33532	14318	1
33534	1435	1
33536	15003	1
33537	15003	1
33538	3174	1
33539	3174	1
33540	10232	1
33541	10232	1
33543	4408	1
33544	1639	1
33546	13316	1
33547	13316	1
33548	6235	1
33549	6235	1
33550	11093	1
33552	3736	1
33554	17748	1
33555	17748	1
33556	8561	1
33557	8561	1
33559	12941	1
33560	8935	1
33561	8935	1
33562	12264	1
33563	12264	1
33564	17628	1
33565	17628	1
33566	1757	1
33566	11609	1
33567	1757	1
33567	11609	1
33569	11824	1
33572	16183	1
33573	16183	1
33575	6482	1
33577	1022	1
33578	3262	1
33579	3262	1
33580	3951	1
33581	3951	1
33583	8665	1
33586	3399	1
33587	3399	1
33588	15633	1
33589	15633	1
33590	17329	1
33592	13511	1
33593	13511	1
33594	2454	1
33596	15841	1
33596	16819	1
33597	15841	1
33597	16819	1
33598	3944	1
33600	17018	1
33601	17018	1
33602	3566	1
33603	3566	1
33604	271	1
33605	271	1
33606	15505	1
33607	15505	1
33608	12169	1
33609	12169	1
33610	10697	1
33611	10697	1
33612	16471	1
33613	16471	1
33614	10825	1
33616	18029	1
33618	5426	1
33619	5426	1
33620	2293	1
33621	2293	1
33624	8247	1
33625	8247	1
33626	8752	1
33628	879	1
33629	879	1
33630	9201	1
33631	9201	1
33632	4624	1
33634	2798	1
33635	2798	1
33638	2188	1
33641	9495	1
33642	17520	1
33643	17520	1
33644	16650	1
33645	16650	1
33646	14672	1
33647	14672	1
33648	8688	1
33649	8688	1
33650	7211	1
33651	7211	1
33652	4488	1
33654	1646	1
33655	1646	1
33656	2560	1
33657	2560	1
33658	274	1
33659	274	1
33660	18071	1
33661	18071	1
33662	11917	1
33663	11917	1
33664	4056	1
33666	7687	1
33667	7687	1
33668	5447	1
33671	2431	1
33672	16722	1
33673	16722	1
33675	9902	1
33676	9179	1
33677	9179	1
33678	5278	1
33679	5278	1
33680	5240	1
33681	5240	1
33682	5401	1
33683	5401	1
33685	7689	1
33686	2969	1
33687	2969	1
33688	16244	1
33689	16244	1
33690	15490	1
33691	15490	1
33692	7672	1
33693	7672	1
33694	8297	1
33696	14857	1
33697	14857	1
33698	4309	1
33699	4309	1
33700	1953	1
33701	1953	1
33702	1973	1
33703	1973	1
33704	2966	1
33707	10627	1
33709	11365	1
33710	10909	1
33711	10909	1
33712	6351	1
33714	9934	1
33715	9934	1
33716	5162	1
33717	5162	1
33718	1416	1
33720	7331	1
33721	7331	1
33723	10540	1
33725	9415	1
33726	7602	1
33727	7602	1
33729	8095	1
33730	5100	1
33731	5100	1
33732	1090	1
33733	1090	1
33734	12917	1
33736	123	1
33736	11934	1
33738	1528	1
33739	1528	1
33741	11160	1
33742	12492	1
33743	12492	1
33744	5744	1
33746	784	1
33747	784	1
33748	9590	1
33749	9590	1
33750	8734	1
33751	8734	1
33754	4545	1
33755	4545	1
33756	2707	1
33757	2707	1
33758	15965	1
33759	15965	1
33761	10015	1
33762	7300	1
33763	7300	1
33764	5419	1
33765	5419	1
33766	6483	1
33767	6483	1
33768	9700	1
33769	9700	1
33771	6853	1
33771	10235	1
33772	16570	1
33773	16570	1
33774	1093	1
33776	5862	1
33777	5862	1
33780	1396	1
33782	7935	1
33783	7935	1
33784	3818	1
33785	3818	1
33786	9749	1
33788	988	1
33790	12463	1
33791	12463	1
33792	13519	1
33793	13519	1
33794	12575	1
33795	12575	1
33796	8710	1
33796	14195	1
33796	15772	1
33797	8710	1
33797	14195	1
33797	15772	1
33798	16403	1
33799	16403	1
33800	6001	1
33801	6001	1
33802	6685	1
33803	6685	1
33804	5779	1
33805	5779	1
33806	12441	1
33807	12441	1
33809	2186	1
33809	16941	1
33810	11100	1
33811	11100	1
33812	17997	1
33813	17997	1
33814	2122	1
33815	2122	1
33816	10790	1
33817	10790	1
33818	7990	1
33819	7990	1
33820	10888	1
33821	10888	1
33822	5716	1
33823	5716	1
33824	13235	1
33825	13235	1
33826	10751	1
33827	10751	1
33828	14600	1
33829	14600	1
33830	6652	1
33833	6985	1
33835	346	1
33836	9003	1
33837	9003	1
33839	12258	1
33841	572	1
33841	6302	1
33842	1405	1
33843	1405	1
33844	13652	1
33845	13652	1
33846	11981	1
33847	11981	1
33848	2211	1
33848	7623	1
33849	2211	1
33849	7623	1
33851	6826	1
33852	8930	1
33853	8930	1
33854	16969	1
33854	18126	1
33855	16969	1
33855	18126	1
33856	12733	1
33856	17900	1
33857	12733	1
33857	17900	1
33858	11598	1
33859	11598	1
33860	17844	1
33861	17844	1
33863	15895	1
33864	7450	1
33865	7450	1
33866	7578	1
33866	15969	1
33867	7578	1
33867	15969	1
33868	10203	1
33869	10203	1
33870	16999	1
33872	5060	1
33873	5060	1
33874	10935	1
33875	10935	1
33876	17355	1
33877	17355	1
33878	9778	1
33879	9778	1
33880	10642	1
33881	10642	1
33882	13675	1
33883	13675	1
33884	242	1
33885	242	1
33886	14628	1
33887	14628	1
33888	3002	1
33890	16800	1
33891	16800	1
33892	122	1
33893	122	1
33894	1571	1
33895	1571	1
33896	16128	1
33897	16128	1
33898	11162	1
33899	11162	1
33900	12507	1
33902	13881	1
33903	13881	1
33905	4116	1
33906	13350	1
33907	13350	1
33908	11409	1
33909	11409	1
33910	15264	1
33911	15264	1
33912	4067	1
33912	9595	1
33913	4067	1
33913	9595	1
33914	5398	1
33915	5398	1
33916	17726	1
33917	17726	1
33918	9371	1
33919	9371	1
33921	4969	1
33922	14800	1
33924	3538	1
33925	3538	1
33926	382	1
33928	2201	1
33932	1299	1
33933	1299	1
33934	764	1
33935	764	1
33938	12716	1
33939	12716	1
33940	4827	1
33940	13924	1
33941	4827	1
33941	13924	1
33942	9062	1
33942	14711	1
33943	9062	1
33943	14711	1
33944	10755	1
33945	10755	1
33946	16202	1
33947	16202	1
33949	6994	1
33950	7862	1
33951	7862	1
33952	8540	1
33953	8540	1
33954	7069	1
33955	7069	1
33956	5561	1
33957	5561	1
33958	10234	1
33959	10234	1
33960	7229	1
33962	10921	1
33964	16801	1
33965	16801	1
33966	8651	1
33967	8651	1
33968	4092	1
33969	4092	1
33970	15649	1
33971	15649	1
33972	7604	1
33975	4510	1
33978	13400	1
33979	13400	1
33980	5644	1
33981	5644	1
33982	24	1
33983	24	1
33984	2148	1
33986	8812	1
33987	8812	1
33988	3438	1
33990	13207	1
33991	13207	1
33992	7295	1
33993	7295	1
33996	10300	1
33997	10300	1
33999	12218	1
34000	7290	1
34001	7290	1
34002	15012	1
34003	15012	1
34004	9954	1
34005	9954	1
34006	17593	1
34006	17751	1
34007	17593	1
34007	17751	1
34008	9997	1
34009	9997	1
34010	15718	1
34011	15718	1
34012	14915	1
34013	14915	1
34014	9773	1
34015	9773	1
34016	278	1
34017	278	1
34018	8130	1
34019	8130	1
34021	3089	1
34022	1945	1
34023	1945	1
34024	15176	1
34026	10377	1
34027	10377	1
34028	9211	1
34029	9211	1
34031	12614	1
34032	3998	1
34032	7402	1
34033	3998	1
34033	7402	1
34034	5817	1
34035	5817	1
34036	563	1
34037	563	1
34038	16652	1
34039	16652	1
34042	5141	1
34045	5306	1
34046	16191	1
34047	16191	1
34048	11292	1
34049	11292	1
34051	923	1
34052	16811	1
34053	16811	1
34054	13052	1
34055	13052	1
34057	3213	1
34058	4973	1
34059	4973	1
34060	8922	1
34061	8922	1
34063	12950	1
34064	10585	1
34065	10585	1
34066	3514	1
34067	3514	1
34068	5021	1
34069	5021	1
34070	735	1
34072	7077	1
34073	7077	1
34074	11466	1
34076	5422	1
34077	5422	1
34079	12101	1
34081	13564	1
34083	15114	1
34084	3485	1
34084	16093	1
34085	3485	1
34085	16093	1
34086	18068	1
34087	18068	1
34089	8759	1
34090	9102	1
34091	9102	1
34092	15621	1
34094	405	1
34095	405	1
34096	18095	1
34098	11812	1
34099	11812	1
34100	9156	1
34101	9156	1
34104	10872	1
34105	10872	1
34106	11494	1
34107	11494	1
34109	300	1
34110	8857	1
34111	8857	1
34114	1988	1
34115	1988	1
34116	13723	1
34119	13238	1
34120	12749	1
34121	12749	1
34122	3001	1
34123	3001	1
34124	15688	1
34126	13827	1
34127	13827	1
34128	4659	1
34129	4659	1
34130	6530	1
34131	6530	1
34132	262	1
34134	11017	1
34135	11017	1
34136	15687	1
34137	15687	1
34138	827	1
34139	827	1
34140	6137	1
34141	6137	1
34142	3446	1
34143	3446	1
34144	14011	1
34145	14011	1
34149	5603	1
34150	5697	1
34151	5697	1
34152	14564	1
34153	14564	1
34155	15625	1
34157	4537	1
34158	4293	1
34159	4293	1
34160	5345	1
34161	5345	1
34168	15725	1
34169	15725	1
34172	13226	1
34173	13226	1
34174	3608	1
34175	3608	1
34177	6307	1
34178	12174	1
34179	12174	1
34181	3296	1
34182	4734	1
34183	4734	1
34184	10070	1
34185	10070	1
34186	17273	1
34189	1485	1
34190	16885	1
34191	16885	1
34192	15423	1
34193	15423	1
34194	14882	1
34196	13919	1
34197	13919	1
34199	15719	1
34200	15940	1
34201	15940	1
34202	15425	1
34203	15425	1
34204	3585	1
34205	3585	1
34206	3543	1
34206	3848	1
34207	3543	1
34207	3848	1
34208	8423	1
34209	8423	1
34210	17316	1
34211	17316	1
34213	10686	1
34214	13427	1
34215	13427	1
34217	8217	1
34219	5542	1
34220	9397	1
34222	952	1
34223	952	1
34224	15685	1
34226	16268	1
34229	234	1
34230	5428	1
34231	5428	1
34233	10959	1
34234	15693	1
34235	15693	1
34237	6254	1
34239	17248	1
34240	3030	1
34241	3030	1
34242	5279	1
34243	5279	1
34244	1407	1
34245	1407	1
34246	5507	1
34247	5507	1
34248	13720	1
34249	13720	1
34251	4366	1
34252	10805	1
34253	10805	1
34254	4528	1
34255	4528	1
34257	17055	1
34259	3202	1
34260	7519	1
34261	7519	1
34262	4727	1
34263	4727	1
34265	81	1
34265	16293	1
34266	8591	1
34267	8591	1
34268	11786	1
34269	11786	1
34270	12332	1
34271	12332	1
34273	14209	1
34274	2494	1
34276	12434	1
34279	12615	1
34280	2168	1
34282	6747	1
34283	6747	1
34285	18086	1
34287	3224	1
34288	16707	1
34289	16707	1
34290	7766	1
34291	7766	1
34292	9746	1
34294	8357	1
34295	8357	1
34296	14349	1
34297	14349	1
34299	7006	1
34299	15665	1
34299	16292	1
34300	11741	1
34301	11741	1
34302	13715	1
34304	8533	1
34305	8533	1
34306	14095	1
34307	14095	1
34308	10102	1
34309	10102	1
34310	7457	1
34311	7457	1
34312	15591	1
34313	15591	1
34315	10746	1
34316	6674	1
34316	14648	1
34317	6674	1
34317	14648	1
34318	5731	1
34320	12342	1
34321	12342	1
34322	17780	1
34323	17780	1
34326	12674	1
34327	12674	1
34328	12897	1
34329	12897	1
34330	12054	1
34331	12054	1
34332	13928	1
34333	13928	1
34334	221	1
34335	221	1
34336	4603	1
34338	332	1
34339	332	1
34341	14399	1
34344	13141	1
34345	13141	1
34346	9938	1
34348	7521	1
34349	7521	1
34350	1519	1
34351	1519	1
34352	11358	1
34353	11358	1
34354	17802	1
34358	4948	1
34359	4948	1
34360	8871	1
34361	8871	1
34362	10629	1
34363	10629	1
34364	478	1
34365	478	1
34368	10019	1
34369	10019	1
34370	10094	1
34371	10094	1
34373	1455	1
34374	11954	1
34375	11954	1
34377	10024	1
34378	3956	1
34379	3956	1
34380	18017	1
34381	18017	1
34382	2089	1
34383	2089	1
34385	3793	1
34386	8202	1
34387	8202	1
34388	5922	1
34389	5922	1
34390	13914	1
34391	13914	1
34394	12255	1
34395	12255	1
34396	7158	1
34397	7158	1
34398	11947	1
34400	16207	1
34401	16207	1
34403	5899	1
34404	4499	1
34406	8255	1
34408	12792	1
34409	12792	1
34410	7434	1
34411	7434	1
34412	8936	1
34412	15339	1
34413	8936	1
34413	15339	1
34414	1453	1
34415	1453	1
34416	5896	1
34417	5896	1
34418	12501	1
34419	12501	1
34421	2497	1
34423	1968	1
34425	6226	1
34426	6305	1
34427	6305	1
34428	7364	1
34429	7364	1
34431	1831	1
34432	18008	1
34433	18008	1
34434	13809	1
34435	13809	1
34436	2925	1
34437	2925	1
34438	16182	1
34439	16182	1
34440	52	1
34441	52	1
34442	1755	1
34443	1755	1
34444	6781	1
34445	6781	1
34446	912	1
34447	912	1
34448	11594	1
34451	13011	1
34452	14655	1
34453	14655	1
34455	12824	1
34456	2323	1
34457	2323	1
34458	15142	1
34459	15142	1
34460	15474	1
34461	15474	1
34462	7992	1
34463	7992	1
34464	10233	1
34466	1173	1
34466	10463	1
34467	1173	1
34467	10463	1
34468	3022	1
34469	3022	1
34471	10008	1
34472	8835	1
34473	8835	1
34474	11667	1
34475	11667	1
34476	13280	1
34477	13280	1
34478	13464	1
34479	13464	1
34480	3616	1
34480	12659	1
34481	3616	1
34481	12659	1
34482	7679	1
34484	4214	1
34486	2170	1
34487	2170	1
34489	15518	1
34490	6625	1
34492	14619	1
34493	14619	1
34494	1796	1
34495	1796	1
34496	11081	1
34498	16356	1
34499	16356	1
34500	6940	1
34501	6940	1
34504	11500	1
34505	11500	1
34506	14491	1
34510	15190	1
34511	15190	1
34512	12030	1
34513	12030	1
34514	16496	1
34515	16496	1
34516	6805	1
34517	6805	1
34518	10427	1
34519	10427	1
34520	3927	1
34520	6549	1
34521	3927	1
34521	6549	1
34522	5562	1
34523	5562	1
34525	5187	1
34526	10099	1
34527	10099	1
34528	2837	1
34529	2837	1
34530	5723	1
34531	5723	1
34532	4481	1
34533	4481	1
34534	7823	1
34535	7823	1
34536	17509	1
34537	17509	1
34538	11403	1
34539	11403	1
34540	6634	1
34541	6634	1
34542	14942	1
34543	14942	1
34545	1602	1
34546	15710	1
34547	15710	1
34548	12393	1
34549	12393	1
34550	10745	1
34551	10745	1
34552	3340	1
34552	13248	1
34553	3340	1
34553	13248	1
34554	17970	1
34555	17970	1
34556	8073	1
34557	8073	1
34560	6240	1
34561	6240	1
34563	8724	1
34564	3008	1
34565	3008	1
34566	8228	1
34567	8228	1
34568	8114	1
34569	8114	1
34570	4186	1
34571	4186	1
34572	15704	1
34573	15704	1
34575	379	1
34577	11462	1
34578	11720	1
34579	11720	1
34580	4601	1
34581	4601	1
34582	6656	1
34583	6656	1
34584	15037	1
34585	15037	1
34587	6722	1
34588	5883	1
34589	5883	1
34590	16135	1
34591	16135	1
34592	4605	1
34593	4605	1
34594	14120	1
34595	14120	1
34596	15125	1
34598	8873	1
34601	14525	1
34603	722	1
34604	6328	1
34606	4723	1
34607	4723	1
34608	528	1
34608	7914	1
34608	9489	1
34613	7974	1
34614	1342	1
34615	1342	1
34616	13284	1
34617	13284	1
34618	13163	1
34620	9635	1
34621	9635	1
34622	2398	1
34624	6528	1
34625	6528	1
34626	11661	1
34627	11661	1
34629	9271	1
34630	3675	1
34631	3675	1
34632	10211	1
34633	10211	1
34635	16390	1
34636	2082	1
34637	2082	1
34639	172	1
34640	13649	1
34641	13649	1
34642	204	1
34643	204	1
34644	17269	1
34645	17269	1
34646	10127	1
34647	10127	1
34648	8698	1
34651	8295	1
34652	6863	1
34652	17720	1
34653	6863	1
34653	17720	1
34654	7095	1
34655	7095	1
34656	4828	1
34656	11296	1
34657	4828	1
34657	11296	1
34658	677	1
34659	677	1
34661	12375	1
34662	15449	1
34663	15449	1
34664	14852	1
34665	14852	1
34666	9358	1
34669	6035	1
34672	16147	1
34673	16147	1
34674	4261	1
34675	4261	1
34676	15728	1
34677	15728	1
34678	8605	1
34679	8605	1
34680	16296	1
34681	16296	1
34683	6597	1
34684	8345	1
34686	8394	1
34687	8394	1
34688	14578	1
34689	14578	1
34690	9864	1
34691	9864	1
34692	16671	1
34693	16671	1
34694	12796	1
34695	12796	1
34696	1833	1
34697	1833	1
34699	9236	1
34700	758	1
34701	758	1
34702	15138	1
34703	15138	1
34704	2859	1
34705	2859	1
34707	9400	1
34708	13392	1
34709	13392	1
34710	15438	1
34711	15438	1
34712	1642	1
34713	1642	1
34714	9346	1
34715	9346	1
34717	5220	1
34718	14572	1
34719	14572	1
34721	2723	1
34724	9112	1
34725	9112	1
34726	15599	1
34728	6189	1
34730	6590	1
34732	2680	1
34733	2680	1
34734	2505	1
34735	2505	1
34737	12697	1
34738	116	1
34739	116	1
34740	7395	1
34741	7395	1
34742	15884	1
34743	15884	1
34744	8811	1
34745	8811	1
34746	6366	1
34747	6366	1
34748	2948	1
34749	2948	1
34750	18088	1
34751	18088	1
34752	9863	1
34753	9863	1
34754	14157	1
34755	14157	1
34756	4086	1
34757	4086	1
34758	8476	1
34759	8476	1
34760	8164	1
34762	11309	1
34763	11309	1
34766	14561	1
34767	14561	1
34768	938	1
34769	938	1
34771	12139	1
34773	5638	1
34774	15508	1
34776	2381	1
34777	2381	1
34778	6496	1
34780	10640	1
34781	10640	1
34782	16235	1
34783	16235	1
34784	15976	1
34785	15976	1
34786	7629	1
34787	7629	1
34788	8959	1
34789	8959	1
34790	6244	1
34791	6244	1
34792	10153	1
34793	10153	1
34794	5753	1
34796	6313	1
34797	6313	1
34799	416	1
34801	14279	1
34802	15206	1
34803	15206	1
34804	9779	1
34805	9779	1
34806	4759	1
34807	4759	1
34808	13486	1
34809	13486	1
34810	12256	1
34811	12256	1
34812	10574	1
34814	5747	1
34816	4000	1
34817	4000	1
34818	17226	1
34819	17226	1
34822	16651	1
34823	16651	1
34824	10381	1
34826	2758	1
34827	2758	1
34828	5149	1
34830	16879	1
34831	16879	1
34832	7757	1
34833	7757	1
34834	8747	1
34835	8747	1
34836	13707	1
34837	13707	1
34838	18072	1
34838	18080	1
34839	18072	1
34839	18080	1
34840	17369	1
34841	17369	1
34843	13009	1
34844	3433	1
34845	3433	1
34846	12181	1
34847	12181	1
34848	126	1
34851	8219	1
34852	4146	1
34853	4146	1
34854	4697	1
34855	4697	1
34856	15603	1
34857	15603	1
34859	17158	1
34860	17345	1
34861	17345	1
34862	12135	1
34864	13269	1
34865	13269	1
34866	15675	1
34867	15675	1
34868	14913	1
34869	14913	1
34870	5253	1
34871	5253	1
34873	5267	1
34874	4442	1
34877	4817	1
34878	16269	1
34879	16269	1
34881	16582	1
34882	12252	1
34883	12252	1
34884	14590	1
34885	14590	1
34886	205	1
34887	205	1
34888	12962	1
34889	12962	1
34890	17072	1
34891	17072	1
34892	2611	1
34893	2611	1
34894	719	1
34895	719	1
34896	1431	1
34897	1431	1
34898	11410	1
34899	11410	1
34900	5321	1
34901	5321	1
34902	6060	1
34905	3317	1
34907	16796	1
34908	9804	1
34910	16232	1
34911	16232	1
34913	9941	1
34914	6866	1
34915	6866	1
34917	14661	1
34918	11417	1
34919	11417	1
34920	9844	1
34921	9844	1
34923	15249	1
34924	15889	1
34926	7735	1
34927	7735	1
34928	1331	1
34929	1331	1
34930	1847	1
34931	1847	1
34932	12475	1
34933	12475	1
34934	4769	1
34935	4769	1
34936	647	1
34937	647	1
34938	13891	1
34939	13891	1
34941	2841	1
34942	5086	1
34943	5086	1
34944	9295	1
34945	9295	1
34946	1806	1
34947	1806	1
34948	14386	1
34949	14386	1
34950	3671	1
34953	11355	1
34954	15886	1
34955	15886	1
34957	16455	1
34958	14809	1
34959	14809	1
34960	8471	1
34961	8471	1
34962	9642	1
34962	11789	1
34963	9642	1
34963	11789	1
34964	11740	1
34966	1841	1
34967	1841	1
34968	12190	1
34969	12190	1
34970	9059	1
34972	6087	1
34972	6349	1
34973	6087	1
34973	6349	1
34974	566	1
34975	566	1
34976	737	1
34978	867	1
34979	867	1
34980	7111	1
34982	11851	1
34984	2778	1
34984	9702	1
34985	2778	1
34985	9702	1
34986	2232	1
34987	2232	1
34988	17085	1
34989	17085	1
34990	16476	1
34991	16476	1
34992	268	1
34993	268	1
34994	14238	1
34995	14238	1
34996	15430	1
34998	7354	1
35000	1305	1
35001	1305	1
35002	16734	1
35003	16734	1
35004	9839	1
35005	9839	1
35007	10648	1
35008	5707	1
35010	3662	1
35011	3662	1
35012	10933	1
35014	2278	1
35016	5039	1
35018	9681	1
35020	7875	1
35021	7875	1
35022	5285	1
35023	5285	1
35024	1679	1
35026	3725	1
35027	3725	1
35028	2602	1
35029	2602	1
35030	4584	1
35030	11088	1
35031	4584	1
35031	11088	1
35032	3820	1
35034	10178	1
35037	9360	1
35038	1683	1
35039	1683	1
35040	13104	1
35042	3940	1
35042	15727	1
35043	3940	1
35043	15727	1
35047	2233	1
35048	5456	1
35049	5456	1
35050	2015	1
35055	4963	1
35056	2085	1
35058	15932	1
35059	15932	1
35060	643	1
35061	643	1
35066	2800	1
35068	16840	1
35070	17805	1
35072	5849	1
35073	5849	1
35074	12200	1
35075	12200	1
35076	4523	1
35077	4523	1
35078	10550	1
35080	11418	1
35081	11418	1
35083	4273	1
35084	5225	1
35085	5225	1
35086	9031	1
35087	9031	1
35089	6408	1
35090	7409	1
35091	7409	1
35092	4966	1
35093	4966	1
35096	2099	1
35098	17312	1
35099	17312	1
35101	10034	1
35102	5785	1
35104	3301	1
35105	3301	1
35106	6184	1
35109	11838	1
35110	6897	1
35111	6897	1
35113	666	1
35114	7772	1
35115	7772	1
35116	11830	1
35117	11830	1
35120	943	1
35121	943	1
35122	13711	1
35123	13711	1
35124	2139	1
35125	2139	1
35126	15915	1
35127	15915	1
35129	544	1
35130	7081	1
35131	7081	1
35132	10782	1
35133	10782	1
35134	17602	1
35135	17602	1
35137	4192	1
35138	6988	1
35138	17189	1
35139	6988	1
35139	17189	1
35141	6959	1
35142	2218	1
35143	2218	1
35145	4177	1
35146	15647	1
35147	15647	1
35148	8915	1
35149	8915	1
35150	4594	1
35151	4594	1
35152	1370	1
35153	1370	1
35155	7348	1
35156	16682	1
35157	16682	1
35158	12698	1
35159	12698	1
35160	637	1
35161	637	1
35162	4927	1
35163	4927	1
35165	11457	1
35166	9516	1
35167	9516	1
35168	3283	1
35169	3283	1
35170	981	1
35171	981	1
35174	3595	1
35174	16241	1
35174	16619	1
35175	3595	1
35175	16241	1
35175	16619	1
35176	7843	1
35176	15308	1
35177	7843	1
35177	15308	1
35178	18121	1
35179	18121	1
35180	12149	1
35181	12149	1
35182	7323	1
35183	7323	1
35184	2242	1
35185	2242	1
35186	4505	1
35187	4505	1
35188	17521	1
35189	17521	1
35192	9731	1
35193	9731	1
35194	17240	1
35195	17240	1
35196	3973	1
35197	3973	1
35198	13140	1
35199	13140	1
35200	1482	1
35201	1482	1
35202	3468	1
35203	3468	1
35204	9033	1
35205	9033	1
35206	3878	1
35207	3878	1
35209	5470	1
35211	7001	1
35212	8972	1
35213	8972	1
35214	16056	1
35215	16056	1
35216	14941	1
35217	14941	1
35218	10954	1
35219	10954	1
35221	2000	1
35221	16836	1
35222	3243	1
35223	3243	1
35224	9537	1
35225	9537	1
35226	17308	1
35227	17308	1
35229	16041	1
35230	16780	1
35231	16780	1
35232	8433	1
35233	8433	1
35235	8366	1
35236	12228	1
35237	12228	1
35238	8678	1
35239	8678	1
35240	11443	1
35241	11443	1
35242	10664	1
35242	12713	1
35243	10664	1
35243	12713	1
35245	9393	1
35247	7820	1
35248	1699	1
35249	1699	1
35251	11399	1
35254	4016	1
35255	4016	1
35256	3129	1
35256	15443	1
35258	520	1
35259	520	1
35260	16425	1
35261	16425	1
35262	4814	1
35263	4814	1
35264	6847	1
35265	6847	1
35266	5034	1
35267	5034	1
35269	5330	1
35270	2822	1
35271	2822	1
35273	15394	1
35274	13438	1
35275	13438	1
35276	927	1
35277	927	1
35278	1820	1
35279	1820	1
35281	15492	1
35283	13661	1
35284	14268	1
35288	5457	1
35289	5457	1
35290	3478	1
35291	3478	1
35294	2203	1
35295	2203	1
35296	12346	1
35297	12346	1
35298	5903	1
35299	5903	1
35300	2831	1
35303	12662	1
35306	5498	1
35307	5498	1
35308	1144	1
35309	1144	1
35310	3115	1
35311	3115	1
35312	2055	1
35314	1429	1
35316	15955	1
35318	13797	1
35320	15996	1
35321	15996	1
35322	12073	1
35323	12073	1
35324	17020	1
35325	17020	1
35326	10405	1
35327	10405	1
35328	3863	1
35330	6818	1
35331	6818	1
35332	6405	1
35333	6405	1
35334	5847	1
35335	5847	1
35336	3908	1
35336	12916	1
35337	3908	1
35337	12916	1
35339	10443	1
35340	711	1
35341	711	1
35342	10812	1
35343	10812	1
35344	13273	1
35345	13273	1
35346	8644	1
35347	8644	1
35348	6928	1
35349	6928	1
35350	3947	1
35351	3947	1
35352	1692	1
35353	1692	1
35354	4335	1
35355	4335	1
35356	16311	1
35357	16311	1
35359	15667	1
35361	12364	1
35362	6465	1
35363	6465	1
35364	12756	1
35365	12756	1
35367	17124	1
35368	7274	1
35370	235	1
35372	17272	1
35373	17272	1
35374	17450	1
35375	17450	1
35378	5692	1
35379	5692	1
35380	11383	1
35381	11383	1
35383	6982	1
35385	10394	1
35386	8847	1
35387	8847	1
35388	16531	1
35390	13345	1
35391	13345	1
35393	13879	1
35394	15951	1
35395	15951	1
35396	2515	1
35397	2515	1
35398	2524	1
35399	2524	1
35400	7182	1
35401	7182	1
35402	14542	1
35403	14542	1
35404	14456	1
35406	5435	1
35407	5435	1
35409	12919	1
35410	16814	1
35411	16814	1
35412	7104	1
35413	7104	1
35414	8290	1
35415	8290	1
35416	8406	1
35417	8406	1
35418	8118	1
35420	3680	1
35421	3680	1
35422	1015	1
35423	1015	1
35424	7650	1
35425	7650	1
35427	559	1
35429	13687	1
35430	15325	1
35431	15325	1
35433	3063	1
35434	5379	1
35435	5379	1
35436	11434	1
35437	11434	1
35438	3048	1
35439	3048	1
35440	17148	1
35441	17148	1
35442	11617	1
35444	8756	1
35446	8339	1
35447	8339	1
35448	5190	1
35448	18123	1
35449	5190	1
35449	18123	1
35450	6228	1
35451	6228	1
35452	1352	1
35453	1352	1
35454	889	1
35455	889	1
35456	14575	1
35457	14575	1
35458	11187	1
35459	11187	1
35460	4703	1
35461	4703	1
35463	10497	1
35464	8404	1
35465	8404	1
35466	15146	1
35467	15146	1
35468	11882	1
35472	17951	1
35473	17951	1
35475	6498	1
35477	5407	1
35479	5555	1
35479	15970	1
35480	13332	1
35480	17413	1
35481	13332	1
35481	17413	1
35482	14181	1
35483	14181	1
35484	10036	1
35485	10036	1
35486	1926	1
35488	16284	1
35489	16284	1
35490	6568	1
35491	6568	1
35492	5527	1
35493	5527	1
35494	13957	1
35495	13957	1
35496	11090	1
35497	11090	1
35498	12528	1
35499	12528	1
35500	156	1
35500	5462	1
35500	5767	1
35501	156	1
35501	5462	1
35501	5767	1
35502	3611	1
35503	3611	1
35504	15155	1
35505	15155	1
35506	11445	1
35507	11445	1
35508	3484	1
35509	3484	1
35510	11652	1
35511	11652	1
35512	4535	1
35513	4535	1
35515	8294	1
35516	13457	1
35517	13457	1
35519	10549	1
35522	9599	1
35524	16222	1
35525	16222	1
35526	10938	1
35528	3068	1
35529	3068	1
35530	7174	1
35532	12963	1
35533	12963	1
35535	9411	1
35538	5101	1
35539	5101	1
35542	2205	1
35543	2205	1
35544	11385	1
35545	11385	1
35547	13807	1
35548	13426	1
35549	13426	1
35551	5370	1
35552	1907	1
35553	1907	1
35554	18108	1
35555	18108	1
35556	8052	1
35557	8052	1
35558	875	1
35558	13981	1
35559	875	1
35559	13981	1
35560	7011	1
35561	7011	1
35562	3780	1
35563	3780	1
35564	12422	1
35566	16418	1
35567	16418	1
35568	13047	1
35569	13047	1
35570	9622	1
35571	9622	1
35572	6665	1
35573	6665	1
35574	14145	1
35575	14145	1
35578	17918	1
35579	17918	1
35580	13423	1
35581	13423	1
35582	12972	1
35583	12972	1
35585	4152	1
35586	17630	1
35588	8310	1
35589	8310	1
35590	12946	1
35591	12946	1
35592	4005	1
35594	707	1
35596	12961	1
35597	12961	1
35598	7261	1
35599	7261	1
35600	8000	1
35601	8000	1
35602	10695	1
35603	10695	1
35604	8684	1
35605	8684	1
35606	5661	1
35609	9279	1
35611	12717	1
35612	8123	1
35614	12635	1
35616	8514	1
35616	12184	1
35617	8514	1
35617	12184	1
35618	7312	1
35619	7312	1
35620	7824	1
35621	7824	1
35624	1152	1
35625	1152	1
35626	13406	1
35627	13406	1
35629	15713	1
35630	12150	1
35633	13510	1
35636	1503	1
35637	1503	1
35638	4580	1
35639	4580	1
35640	10323	1
35641	10323	1
35643	8641	1
35644	11286	1
35645	11286	1
35646	14308	1
35648	6952	1
35650	3916	1
35651	3916	1
35652	17167	1
35653	17167	1
35655	13331	1
35656	14826	1
35657	14826	1
35658	12159	1
35659	12159	1
35660	14455	1
35661	14455	1
35663	6065	1
35664	5902	1
35665	5902	1
35666	7326	1
35668	11105	1
35669	11105	1
35670	3155	1
35671	3155	1
35672	3175	1
35673	3175	1
35674	9332	1
35675	9332	1
35677	2472	1
35679	5674	1
35680	739	1
35681	739	1
35682	12851	1
35683	12851	1
35685	15533	1
35685	16275	1
35686	8225	1
35687	8225	1
35688	10333	1
35690	697	1
35692	11505	1
35693	11505	1
35694	1489	1
35695	1489	1
35696	5868	1
35697	5868	1
35698	16549	1
35699	16549	1
35700	13778	1
35701	13778	1
35702	15794	1
35703	15794	1
35704	8859	1
35706	2876	1
35707	2876	1
35708	8579	1
35709	8579	1
35710	10409	1
35711	10409	1
35712	5927	1
35713	5927	1
35716	7219	1
35718	7005	1
35719	7005	1
35720	14196	1
35721	14196	1
35723	16927	1
35724	2679	1
35725	2679	1
35726	675	1
35727	675	1
35728	14433	1
35729	14433	1
35730	9284	1
35731	9284	1
35732	6141	1
35733	6141	1
35734	16679	1
35735	16679	1
35736	1540	1
35737	1540	1
35738	8162	1
35740	11209	1
35741	11209	1
35742	16343	1
35743	16343	1
35744	17798	1
35746	8051	1
35747	8051	1
35748	2787	1
35749	2787	1
35750	5758	1
35751	5758	1
35752	7227	1
35753	7227	1
35754	16227	1
35755	16227	1
35758	14700	1
35759	14700	1
35760	6813	1
35761	6813	1
35762	7183	1
35763	7183	1
35764	8110	1
35765	8110	1
35766	11404	1
35766	15297	1
35767	11404	1
35767	15297	1
35768	13014	1
35770	15414	1
35771	15414	1
35772	12852	1
35773	12852	1
35774	12465	1
35775	12465	1
35776	11023	1
35777	11023	1
35778	10459	1
35779	10459	1
35780	8453	1
35782	1150	1
35783	1150	1
35784	11322	1
35785	11322	1
35787	17461	1
35788	10613	1
35789	10613	1
35791	6413	1
35792	1943	1
35793	1943	1
35794	18039	1
35794	18081	1
35795	18039	1
35795	18081	1
35797	11733	1
35798	6165	1
35799	6165	1
35801	13608	1
35802	16678	1
35803	16678	1
35804	11261	1
35805	11261	1
35806	15885	1
35807	15885	1
35810	118	1
35811	118	1
35812	9534	1
35813	9534	1
35814	7469	1
35815	7469	1
35816	11048	1
35817	11048	1
35818	13412	1
35819	13412	1
35820	6246	1
35820	13598	1
35822	18048	1
35823	18048	1
35824	1544	1
35824	3928	1
35824	6948	1
35825	1544	1
35825	3928	1
35825	6948	1
35826	3409	1
35827	3409	1
35831	16305	1
35832	13583	1
35833	13583	1
35837	8134	1
35838	17468	1
35839	17468	1
35841	12248	1
35842	8497	1
35843	8497	1
35844	3746	1
35845	3746	1
35847	6469	1
35848	10326	1
35849	10326	1
35850	3571	1
35851	3571	1
35852	969	1
35853	969	1
35854	13205	1
35855	13205	1
35857	6719	1
35858	4831	1
35859	4831	1
35860	11216	1
35861	11216	1
35863	15835	1
35864	5102	1
35865	5102	1
35866	2844	1
35867	2844	1
35869	10176	1
35870	5933	1
35871	5933	1
35872	15569	1
35874	16569	1
35875	16569	1
35876	7888	1
35882	10472	1
35884	6116	1
35885	6116	1
35886	13259	1
35889	15396	1
35890	12839	1
35891	12839	1
35892	2185	1
35893	2185	1
35894	2814	1
35895	2814	1
35896	2355	1
35897	2355	1
35898	2640	1
35899	2640	1
35900	7783	1
35901	7783	1
35903	17465	1
35904	4444	1
35905	4444	1
35906	5089	1
35908	10789	1
35909	10789	1
35910	664	1
35911	664	1
35912	8113	1
35913	8113	1
35914	15408	1
35916	6249	1
35917	6249	1
35918	8727	1
35919	8727	1
35920	1094	1
35921	1094	1
35922	9893	1
35924	8281	1
35925	8281	1
35926	5146	1
35926	6152	1
35926	17165	1
35927	5146	1
35927	6152	1
35927	17165	1
35928	1406	1
35929	1406	1
35930	12773	1
35931	12773	1
35932	848	1
35934	6673	1
35935	6673	1
35936	6720	1
35937	6720	1
35938	1896	1
35939	1896	1
35941	12597	1
35942	12912	1
35943	12912	1
35944	8934	1
35946	1129	1
35947	1129	1
35948	15941	1
35949	15941	1
35950	11318	1
35951	11318	1
35952	2135	1
35953	2135	1
35954	12275	1
35955	12275	1
35956	8439	1
35957	8439	1
35958	13243	1
35961	14382	1
35963	11056	1
35964	14289	1
35965	14289	1
35966	9757	1
35967	9757	1
35968	10457	1
35969	10457	1
35970	14550	1
35972	16298	1
35973	16298	1
35974	11337	1
35976	16318	1
35977	16318	1
35978	4570	1
35980	2249	1
35981	2249	1
35982	9018	1
35983	9018	1
35984	15369	1
35985	15369	1
35986	5140	1
35987	5140	1
35988	8572	1
35989	8572	1
35990	2727	1
35991	2727	1
35992	6951	1
35993	6951	1
35994	9987	1
35995	9987	1
35997	2010	1
35998	1358	1
35999	1358	1
36000	15377	1
36001	15377	1
36002	15204	1
36003	15204	1
36005	9464	1
36007	3658	1
36009	8507	1
36010	4046	1
36011	4046	1
36012	17916	1
36013	17916	1
36014	7570	1
36015	7570	1
36016	11146	1
36017	11146	1
36019	7884	1
36021	5618	1
36023	8187	1
36024	6578	1
36025	6578	1
36026	11706	1
36027	11706	1
36029	8970	1
36030	4172	1
36032	15201	1
36033	15201	1
36034	795	1
36034	7495	1
36034	10776	1
36035	795	1
36035	7495	1
36035	10776	1
36036	4267	1
36037	4267	1
36038	3957	1
36039	3957	1
36040	11713	1
36041	11713	1
36043	14061	1
36044	8544	1
36046	17623	1
36047	17623	1
36048	16986	1
36049	16986	1
36050	9165	1
36052	4290	1
36053	4290	1
36054	695	1
36055	695	1
36056	15227	1
36057	15227	1
36059	16435	1
36060	2565	1
36061	2565	1
36062	1236	1
36063	1236	1
36064	1243	1
36065	1243	1
36066	13	1
36067	13	1
36069	14211	1
36070	1613	1
36071	1613	1
36072	8033	1
36073	8033	1
36075	1302	1
36077	15005	1
36078	10180	1
36079	10180	1
36080	7197	1
36081	7197	1
36082	16838	1
36085	10940	1
36086	9186	1
36087	9186	1
36088	13615	1
36090	17933	1
36091	17933	1
36092	5518	1
36093	5518	1
36094	1403	1
36095	1403	1
36096	6977	1
36097	6977	1
36098	11654	1
36099	11654	1
36100	2506	1
36101	2506	1
36102	956	1
36102	4968	1
36104	4132	1
36105	4132	1
36106	2490	1
36107	2490	1
36108	12017	1
36109	12017	1
36113	66	1
36114	17470	1
36115	17470	1
36116	12947	1
36117	12947	1
36118	485	1
36119	485	1
36121	13826	1
36122	16000	1
36123	16000	1
36124	13834	1
36125	13834	1
36126	2067	1
36126	6050	1
36127	2067	1
36127	6050	1
36128	14380	1
36129	14380	1
36130	2044	1
36130	14023	1
36132	9843	1
36133	9843	1
36134	6612	1
36135	6612	1
36137	16068	1
36139	8881	1
36141	13845	1
36142	3233	1
36142	8381	1
36144	14638	1
36145	14638	1
36146	4226	1
36147	4226	1
36148	16316	1
36149	16316	1
36150	4653	1
36151	4653	1
36152	12984	1
36153	12984	1
36154	15179	1
36155	15179	1
36156	1542	1
36157	1542	1
36159	9052	1
36160	14390	1
36161	14390	1
36162	14993	1
36163	14993	1
36165	9312	1
36166	9907	1
36167	9907	1
36168	1782	1
36169	1782	1
36170	4898	1
36170	11091	1
36172	16597	1
36173	16597	1
36174	12768	1
36175	12768	1
36176	9821	1
36177	9821	1
36178	9549	1
36179	9549	1
36180	17769	1
36181	17769	1
36184	12785	1
36185	12785	1
36186	1787	1
36188	8391	1
36190	34	1
36191	34	1
36192	16450	1
36193	16450	1
36195	10808	1
36196	2894	1
36198	9303	1
36198	14103	1
36199	9303	1
36199	14103	1
36200	15828	1
36201	15828	1
36202	9900	1
36203	9900	1
36204	12692	1
36205	12692	1
36208	12951	1
36210	7496	1
36211	7496	1
36213	16978	1
36214	12729	1
36215	12729	1
36216	3437	1
36217	3437	1
36218	2088	1
36219	2088	1
36220	10716	1
36222	11326	1
36223	11326	1
36224	15899	1
36225	15899	1
36226	11840	1
36227	11840	1
36228	6668	1
36230	16175	1
36234	6385	1
36235	6385	1
36237	13318	1
36238	13606	1
36239	13606	1
36240	12234	1
36241	12234	1
36242	6127	1
36243	6127	1
36244	11518	1
36245	11518	1
36246	13672	1
36247	13672	1
36248	15539	1
36249	15539	1
36250	11405	1
36251	11405	1
36252	8898	1
36255	4296	1
36256	8418	1
36258	10874	1
36259	10874	1
36260	6485	1
36262	10527	1
36263	10527	1
36264	477	1
36268	15482	1
36269	15482	1
36271	315	1
36273	10072	1
36274	7954	1
36277	14450	1
36279	17091	1
36280	1287	1
36281	1287	1
36282	15273	1
36283	15273	1
36284	14383	1
36285	14383	1
36286	17038	1
36287	17038	1
36289	1904	1
36290	640	1
36291	640	1
36292	16030	1
36293	16030	1
36294	3844	1
36295	3844	1
36296	3639	1
36298	17221	1
36299	17221	1
36301	9879	1
36302	10998	1
36303	10998	1
36304	13294	1
36305	13294	1
36306	12137	1
36307	12137	1
36308	7957	1
36309	7957	1
36310	13921	1
36311	13921	1
36312	6996	1
36313	6996	1
36314	7738	1
36315	7738	1
36316	16990	1
36317	16990	1
36318	11219	1
36320	4423	1
36321	4423	1
36323	6836	1
36324	17292	1
36325	17292	1
36326	16414	1
36327	16414	1
36328	12643	1
36330	3511	1
36331	3511	1
36333	17332	1
36334	1345	1
36335	1345	1
36336	1023	1
36337	1023	1
36339	10310	1
36340	4204	1
36341	4204	1
36342	3862	1
36343	3862	1
36344	2053	1
36346	11883	1
36347	11883	1
36348	616	1
36349	616	1
36350	2717	1
36351	2717	1
36352	3545	1
36353	3545	1
36354	9310	1
36355	9310	1
36356	14411	1
36357	14411	1
36359	3813	1
36360	1746	1
36361	1746	1
36362	5647	1
36363	5647	1
36364	17230	1
36367	13699	1
36368	15332	1
36369	15332	1
36370	4434	1
36371	4434	1
36372	9431	1
36373	9431	1
36374	2763	1
36375	2763	1
36376	11301	1
36377	11301	1
36378	804	1
36379	804	1
36383	16151	1
36384	5046	1
36385	5046	1
36386	1349	1
36387	1349	1
36388	4184	1
36389	4184	1
36390	8370	1
36390	13092	1
36391	8370	1
36391	13092	1
36392	1609	1
36393	1609	1
36394	587	1
36395	587	1
36396	11432	1
36397	11432	1
36399	17879	1
36400	2521	1
36401	2521	1
36402	9884	1
36403	9884	1
36404	8275	1
36405	8275	1
36406	9222	1
36407	9222	1
36408	14036	1
36410	3613	1
36411	3613	1
36413	17371	1
36415	16323	1
36416	14001	1
36417	14001	1
36419	3432	1
36421	9288	1
36422	14067	1
36423	14067	1
36424	9882	1
36425	9882	1
36426	12879	1
36427	12879	1
36429	717	1
36430	12071	1
36431	12071	1
36432	5675	1
36432	16397	1
36433	5675	1
36433	16397	1
36434	16627	1
36434	17659	1
36435	16627	1
36435	17659	1
36436	17764	1
36437	17764	1
36438	16417	1
36440	12333	1
36441	12333	1
36442	163	1
36443	163	1
36444	10587	1
36445	10587	1
36446	8161	1
36448	5169	1
36448	15849	1
36449	5169	1
36449	15849	1
36450	10062	1
36451	10062	1
36452	17178	1
36453	17178	1
36454	1237	1
36454	4484	1
36455	1237	1
36455	4484	1
36457	14477	1
36458	7949	1
36459	7949	1
36460	9107	1
36461	9107	1
36462	15248	1
36464	6277	1
36467	102	1
36467	10579	1
36468	6069	1
36469	6069	1
36470	8657	1
36471	8657	1
36473	13864	1
36474	10342	1
36475	10342	1
36476	6922	1
36477	6922	1
36478	16357	1
36479	16357	1
36480	15788	1
36482	655	1
36483	655	1
36484	5791	1
36485	5791	1
36487	13444	1
36489	4091	1
36490	3719	1
36491	3719	1
36492	2504	1
36493	2504	1
36496	15290	1
36497	15290	1
36498	3564	1
36500	15458	1
36501	15458	1
36502	6092	1
36503	6092	1
36504	14026	1
36505	14026	1
36506	2605	1
36507	2605	1
36510	9660	1
36512	11625	1
36513	11625	1
36514	14022	1
36515	14022	1
36518	6488	1
36520	7568	1
36521	7568	1
36522	10317	1
36524	4744	1
36525	4744	1
36526	1770	1
36527	1770	1
36528	6148	1
36529	6148	1
36530	2740	1
36531	2740	1
36532	10149	1
36533	10149	1
36534	895	1
36534	8195	1
36535	895	1
36535	8195	1
36536	1018	1
36537	1018	1
36538	8466	1
36539	8466	1
36540	9065	1
36541	9065	1
36543	8770	1
36545	5941	1
36546	14586	1
36547	14586	1
36548	8085	1
36550	12052	1
36551	12052	1
36552	6545	1
36553	6545	1
36554	6007	1
36556	3376	1
36557	3376	1
36558	14806	1
36559	14806	1
36560	1300	1
36561	1300	1
36562	16817	1
36563	16817	1
36565	6967	1
36565	18116	1
36566	2879	1
36567	2879	1
36569	11338	1
36570	3838	1
36572	15056	1
36573	15056	1
36574	9682	1
36575	9682	1
36576	3341	1
36577	3341	1
36579	17093	1
36580	14721	1
36581	14721	1
36582	16242	1
36584	13776	1
36585	13776	1
36586	8352	1
36587	8352	1
36588	14652	1
36589	14652	1
36590	14504	1
36591	14504	1
36592	16822	1
36593	16822	1
36595	15939	1
36597	6904	1
36598	4650	1
36598	5000	1
36599	4650	1
36599	5000	1
36600	3790	1
36602	15362	1
36603	15362	1
36605	9567	1
36606	18159	1
36607	18159	1
36608	13271	1
36609	13271	1
36611	12570	1
36612	632	1
36613	632	1
36614	7755	1
36615	7755	1
36616	4714	1
36617	4714	1
36618	2274	1
36620	11524	1
36621	11524	1
36622	16755	1
36623	16755	1
36624	1372	1
36625	1372	1
36626	5125	1
36627	5125	1
36629	15562	1
36630	7501	1
36631	7501	1
36632	5318	1
36633	5318	1
36634	7576	1
36635	7576	1
36638	9323	1
36639	9323	1
36640	14846	1
36641	14846	1
36642	12286	1
36642	13819	1
36643	12286	1
36643	13819	1
36644	5436	1
36644	14059	1
36645	5436	1
36645	14059	1
36646	11123	1
36648	7700	1
36649	7700	1
36650	12539	1
36651	12539	1
36652	8950	1
36653	8950	1
36654	10599	1
36656	14257	1
36657	14257	1
36658	11427	1
36659	11427	1
36660	17581	1
36661	17581	1
36662	8076	1
36663	8076	1
36664	5096	1
36665	5096	1
36666	16378	1
36667	16378	1
36670	6097	1
36672	17425	1
36673	17425	1
36674	756	1
36675	756	1
36676	2635	1
36678	8707	1
36679	8707	1
36680	11161	1
36681	11161	1
36682	7291	1
36683	7291	1
36685	9514	1
36686	3281	1
36687	3281	1
36688	10513	1
36688	13880	1
36692	9947	1
36692	13296	1
36693	9947	1
36693	13296	1
36694	16443	1
36695	16443	1
36696	1049	1
36698	16032	1
36699	16032	1
36700	6769	1
36701	6769	1
36702	15444	1
36703	15444	1
36704	6178	1
36705	6178	1
36706	7663	1
36707	7663	1
36708	17570	1
36709	17570	1
36711	7279	1
36712	14523	1
36714	14639	1
36715	14639	1
36717	12276	1
36718	5800	1
36718	9444	1
36719	5800	1
36719	9444	1
36720	11629	1
36721	11629	1
36722	94	1
36723	94	1
36725	198	1
36726	17322	1
36727	17322	1
36728	1240	1
36731	5932	1
36731	11640	1
36732	11563	1
36733	11563	1
36734	14342	1
36734	15289	1
36737	5737	1
36738	17426	1
36739	17426	1
36740	13569	1
36741	13569	1
36743	2540	1
36744	12688	1
36745	12688	1
36747	9785	1
36748	12673	1
36749	12673	1
36750	17190	1
36752	8997	1
36753	8997	1
36754	12709	1
36755	12709	1
36756	3516	1
36757	3516	1
36759	8659	1
36760	12911	1
36761	12911	1
36763	5372	1
36765	1183	1
36766	9720	1
36767	9720	1
36768	8053	1
36769	8053	1
36770	11539	1
36772	3064	1
36773	3064	1
36774	14391	1
36775	14391	1
36776	15275	1
36777	15275	1
36778	14254	1
36779	14254	1
36780	6025	1
36781	6025	1
36783	2819	1
36784	2558	1
36785	2558	1
36786	9629	1
36787	9629	1
36790	12260	1
36791	12260	1
36792	175	1
36793	175	1
36794	5547	1
36795	5547	1
36796	12793	1
36797	12793	1
36798	14404	1
36799	14404	1
36800	12565	1
36801	12565	1
36802	11335	1
36804	4765	1
36805	4765	1
36806	12731	1
36807	12731	1
36809	1462	1
36810	9258	1
36811	9258	1
36812	12931	1
36815	15681	1
36816	4902	1
36816	6829	1
36817	4902	1
36817	6829	1
36818	2807	1
36819	2807	1
36820	17396	1
36821	17396	1
36822	11495	1
36824	14204	1
36825	14204	1
36827	14190	1
36828	13656	1
36829	13656	1
36831	9596	1
36832	2118	1
36833	2118	1
36834	15031	1
36835	15031	1
36836	7981	1
36837	7981	1
36838	10929	1
36839	10929	1
36840	3450	1
36841	3450	1
36842	15686	1
36844	11569	1
36845	11569	1
36846	8124	1
36847	8124	1
36849	17375	1
36850	13621	1
36851	13621	1
36852	14774	1
36853	14774	1
36854	14991	1
36855	14991	1
36856	4588	1
36857	4588	1
36858	2587	1
36859	2587	1
36861	15447	1
36863	7880	1
36864	10038	1
36865	10038	1
36866	14019	1
36867	14019	1
36868	8654	1
36869	8654	1
36870	7997	1
36871	7997	1
36872	1096	1
36873	1096	1
36874	4402	1
36875	4402	1
36877	7230	1
36878	9061	1
36880	5369	1
36882	3173	1
36882	5115	1
36882	11080	1
36883	3173	1
36883	5115	1
36883	11080	1
36884	7577	1
36885	7577	1
36886	1614	1
36888	13509	1
36891	2843	1
36892	16017	1
36893	16017	1
36894	17161	1
36895	17161	1
36896	174	1
36898	12561	1
36899	12561	1
36900	6229	1
36901	6229	1
36902	15947	1
36903	15947	1
36904	5815	1
36906	459	1
36906	15957	1
36908	14643	1
36910	13193	1
36912	16497	1
36913	16497	1
36914	1987	1
36915	1987	1
36916	17179	1
36917	17179	1
36919	982	1
36921	9919	1
36922	13372	1
36923	13372	1
36924	13724	1
36925	13724	1
36926	11005	1
36927	11005	1
36928	18035	1
36928	18082	1
36928	18101	1
36929	18035	1
36929	18082	1
36929	18101	1
36930	16792	1
36931	16792	1
36932	7967	1
36933	7967	1
36934	2794	1
36935	2794	1
36936	15349	1
36937	15349	1
36939	8347	1
36940	4230	1
36941	4230	1
36942	9989	1
36943	9989	1
36944	12288	1
36947	15764	1
36948	8586	1
36950	5740	1
36951	5740	1
36952	15041	1
36953	15041	1
36954	4708	1
36955	4708	1
36957	12461	1
36959	7963	1
36961	17549	1
36962	3936	1
36963	3936	1
36964	9171	1
36968	8088	1
36969	8088	1
36970	2956	1
36972	17945	1
36973	17945	1
36974	16513	1
36975	16513	1
36976	18171	1
36977	18171	1
36978	443	1
36979	443	1
36980	7794	1
36983	149	1
36984	8821	1
36985	8821	1
36987	2881	1
36988	2324	1
36989	2324	1
36990	17407	1
36991	17407	1
36994	82	1
36995	82	1
36996	12778	1
36997	12778	1
36998	4115	1
36999	4115	1
37000	10192	1
37001	10192	1
37003	14461	1
37004	3448	1
37005	3448	1
37006	7322	1
37007	7322	1
37008	17752	1
37009	17752	1
37011	2296	1
37012	8071	1
37013	8071	1
37014	16527	1
37015	16527	1
37016	680	1
37018	16532	1
37019	16532	1
37020	7032	1
37021	7032	1
37022	16075	1
37024	99	1
37025	99	1
37026	11484	1
37027	11484	1
37028	15600	1
37029	15600	1
37032	17030	1
37033	17030	1
37034	2412	1
37035	2412	1
37036	9610	1
37037	9610	1
37038	464	1
37040	18110	1
37041	18110	1
37043	9205	1
37044	6217	1
37045	6217	1
37046	37	1
37048	5023	1
37049	5023	1
37050	15604	1
37051	15604	1
37052	15782	1
37053	15782	1
37054	15829	1
37055	15829	1
37056	11653	1
37057	11653	1
37058	13884	1
37060	10412	1
37061	10412	1
37063	3004	1
37065	5389	1
37066	9780	1
37067	9780	1
37068	10255	1
37069	10255	1
37070	2704	1
37071	2704	1
37073	736	1
37074	13938	1
37075	13938	1
37076	16494	1
37077	16494	1
37078	10735	1
37079	10735	1
37081	2769	1
37082	14317	1
37083	14317	1
37084	8117	1
37086	4807	1
37087	4807	1
37088	6710	1
37088	9138	1
37089	6710	1
37089	9138	1
37090	3439	1
37091	3439	1
37092	6649	1
37093	6649	1
37094	4643	1
37095	4643	1
37096	67	1
37097	67	1
37099	5639	1
37100	13123	1
37100	14811	1
37101	13123	1
37101	14811	1
37102	16973	1
37103	16973	1
37106	5886	1
37107	5886	1
37108	3122	1
37110	3260	1
37111	3260	1
37112	250	1
37113	250	1
37114	10322	1
37115	10322	1
37116	306	1
37118	1157	1
37118	15953	1
37120	15026	1
37121	15026	1
37122	4193	1
37123	4193	1
37125	10601	1
37126	3119	1
37127	3119	1
37128	16250	1
37129	16250	1
37130	13356	1
37131	13356	1
37132	17374	1
37133	17374	1
37134	12706	1
37135	12706	1
37136	15661	1
37137	15661	1
37138	8941	1
37139	8941	1
37140	448	1
37141	448	1
37142	2212	1
37143	2212	1
37145	8138	1
37146	8679	1
37146	10193	1
37147	8679	1
37147	10193	1
37148	8025	1
37149	8025	1
37150	1590	1
37151	1590	1
37153	8003	1
37154	9759	1
37155	9759	1
37156	10615	1
37157	10615	1
37158	12114	1
37159	12114	1
37161	3873	1
37163	15355	1
37164	16438	1
37165	16438	1
37167	11621	1
37168	13538	1
37169	13538	1
37170	7228	1
37171	7228	1
37172	11097	1
37173	11097	1
37175	162	1
37176	3236	1
37177	3236	1
37178	17931	1
37179	17931	1
37180	4474	1
37181	4474	1
37182	3605	1
37183	3605	1
37184	8564	1
37185	8564	1
37186	15368	1
37187	15368	1
37188	8669	1
37189	8669	1
37192	18031	1
37194	10911	1
37195	10911	1
37196	4161	1
37197	4161	1
37199	2006	1
37200	4933	1
37200	15104	1
37201	4933	1
37201	15104	1
37202	15972	1
37203	15972	1
37205	11664	1
37206	16770	1
37207	16770	1
37208	17232	1
37209	17232	1
37210	4150	1
37210	4411	1
37211	4150	1
37211	4411	1
37212	5441	1
37213	5441	1
37214	11533	1
37215	11533	1
37216	12651	1
37217	12651	1
37219	15200	1
37220	16429	1
37221	16429	1
37223	6180	1
37224	14413	1
37225	14413	1
37226	16601	1
37227	16601	1
37228	1044	1
37229	1044	1
37232	744	1
37236	3876	1
37236	15738	1
37237	3876	1
37237	15738	1
37238	7140	1
37239	7140	1
37240	15722	1
37242	2518	1
37243	2518	1
37244	10649	1
37245	10649	1
37247	11453	1
37248	16998	1
37249	16998	1
37251	8719	1
37252	5329	1
37253	5329	1
37254	283	1
37256	11273	1
37257	11273	1
37258	5275	1
37258	7420	1
37259	5275	1
37259	7420	1
37260	11858	1
37262	1767	1
37263	1767	1
37264	16641	1
37266	6591	1
37267	6591	1
37268	11149	1
37269	11149	1
37270	6234	1
37273	3528	1
37274	1616	1
37275	1616	1
37276	8499	1
37277	8499	1
37278	7744	1
37278	16187	1
37279	7744	1
37279	16187	1
37280	14430	1
37281	14430	1
37283	15921	1
37284	8829	1
37285	8829	1
37286	15027	1
37288	11253	1
37289	11253	1
37290	5550	1
37292	16329	1
37293	16329	1
37295	12107	1
37298	14692	1
37299	14692	1
37300	16415	1
37301	16415	1
37304	7272	1
37305	7272	1
37307	12589	1
37308	17654	1
37309	17654	1
37310	17296	1
37311	17296	1
37312	5272	1
37313	5272	1
37314	556	1
37315	556	1
37317	9793	1
37318	4342	1
37319	4342	1
37320	10185	1
37321	10185	1
37322	2805	1
37323	2805	1
37324	15287	1
37325	15287	1
37326	9624	1
37328	6511	1
37329	6511	1
37330	17551	1
37333	2376	1
37334	14388	1
37335	14388	1
37336	1265	1
37337	1265	1
37338	15098	1
37340	13171	1
37341	13171	1
37342	17985	1
37343	17985	1
37346	8537	1
37347	8537	1
37348	8192	1
37349	8192	1
37351	2056	1
37352	12371	1
37353	12371	1
37354	7863	1
37355	7863	1
37356	15486	1
37358	12882	1
37359	12882	1
37360	600	1
37361	600	1
37362	6296	1
37364	1126	1
37365	1126	1
37366	5382	1
37367	5382	1
37368	7566	1
37370	1785	1
37371	1785	1
37372	2803	1
37373	2803	1
37374	13472	1
37375	13472	1
37376	10600	1
37378	6804	1
37379	6804	1
37381	12899	1
37382	7377	1
37384	6315	1
37385	6315	1
37386	6290	1
37388	10230	1
37389	10230	1
37390	7673	1
37391	7673	1
37392	4541	1
37393	4541	1
37394	14127	1
37395	14127	1
37396	6365	1
37397	6365	1
37398	11407	1
37399	11407	1
37400	16862	1
37401	16862	1
37405	17352	1
37406	4244	1
37407	4244	1
37408	2461	1
37408	7168	1
37410	9933	1
37411	9933	1
37412	15511	1
37413	15511	1
37414	13244	1
37415	13244	1
37419	8434	1
37420	4367	1
37421	4367	1
37422	17213	1
37423	17213	1
37424	5496	1
37425	5496	1
37427	360	1
37429	1588	1
37430	14739	1
37431	14739	1
37433	10452	1
37434	5837	1
37437	10779	1
37438	4622	1
37439	4622	1
37440	713	1
37441	713	1
37447	11889	1
37448	2940	1
37449	2940	1
37451	16306	1
37452	9817	1
37453	9817	1
37454	13055	1
37455	13055	1
37457	1966	1
37459	10138	1
37459	13613	1
37460	516	1
37460	14298	1
37461	516	1
37461	14298	1
37462	3377	1
37463	3377	1
37464	3299	1
37465	3299	1
37466	13590	1
37468	13161	1
37469	13161	1
37470	15345	1
37471	15345	1
37472	15627	1
37473	15627	1
37474	15141	1
37475	15141	1
37477	1682	1
37478	10336	1
37479	10336	1
37480	8926	1
37481	8926	1
37483	10189	1
37484	12207	1
37485	12207	1
37486	3027	1
37487	3027	1
37488	15554	1
37489	15554	1
37490	15485	1
37491	15485	1
37494	5317	1
37495	5317	1
37496	3090	1
37497	3090	1
37498	11827	1
37501	9999	1
37502	13950	1
37503	13950	1
37504	16373	1
37505	16373	1
37506	14275	1
37507	14275	1
37508	9247	1
37509	9247	1
37511	7418	1
37512	13179	1
37513	13179	1
37514	4711	1
37515	4711	1
37516	3384	1
37517	3384	1
37518	16944	1
37519	16944	1
37520	13823	1
37521	13823	1
37522	16026	1
37523	16026	1
37524	31	1
37525	31	1
37526	5641	1
37530	1972	1
37531	1972	1
37533	12739	1
37534	17995	1
37535	17995	1
37538	10247	1
37539	10247	1
37541	1774	1
37543	10466	1
37544	8014	1
37546	1164	1
37547	1164	1
37548	9606	1
37550	4212	1
37551	4212	1
37552	589	1
37553	589	1
37556	1329	1
37557	1329	1
37559	15102	1
37560	3055	1
37562	3645	1
37564	14539	1
37565	14539	1
37566	9814	1
37569	13443	1
37570	2399	1
37571	2399	1
37572	11756	1
37573	11756	1
37574	6123	1
37575	6123	1
37576	5804	1
37578	16979	1
37581	16489	1
37582	117	1
37584	12021	1
37585	12021	1
37586	8872	1
37587	8872	1
37588	7252	1
37588	15527	1
37590	378	1
37592	11070	1
37595	14875	1
37596	14778	1
37597	14778	1
37598	7403	1
37598	7588	1
37600	9695	1
37602	6428	1
37603	6428	1
37604	9141	1
37604	9182	1
37605	9141	1
37605	9182	1
37606	17497	1
37607	17497	1
37608	13860	1
37610	17656	1
37611	17656	1
37612	9697	1
37613	9697	1
37614	605	1
37615	605	1
37616	8324	1
37617	8324	1
37618	9585	1
37619	9585	1
37620	2937	1
37620	4517	1
37621	2937	1
37621	4517	1
37622	15186	1
37624	11440	1
37626	7835	1
37627	7835	1
37630	8949	1
37631	8949	1
37633	144	1
37634	17836	1
37635	17836	1
37637	9632	1
37638	15225	1
37639	15225	1
37640	11911	1
37641	11911	1
37642	17771	1
37643	17771	1
37644	6686	1
37645	6686	1
37646	15384	1
37647	15384	1
37648	2240	1
37650	15435	1
37651	15435	1
37652	13753	1
37654	9569	1
37654	18129	1
37657	15715	1
37659	8082	1
37660	9262	1
37661	9262	1
37662	13049	1
37664	8566	1
37665	8566	1
37666	13936	1
37668	3676	1
37670	12247	1
37671	12247	1
37673	6676	1
37674	3743	1
37674	11331	1
37675	3743	1
37675	11331	1
37676	14133	1
37677	14133	1
37678	11231	1
37679	11231	1
37680	5752	1
37681	5752	1
37682	11815	1
37683	11815	1
37684	2699	1
37686	5228	1
37687	5228	1
37688	8543	1
37689	8543	1
37691	15570	1
37692	9493	1
37693	9493	1
37694	14594	1
37695	14594	1
37696	7626	1
37697	7626	1
37698	16146	1
37700	33	1
37702	5960	1
37703	5960	1
37704	8860	1
37705	8860	1
37706	11875	1
37707	11875	1
37708	14122	1
37709	14122	1
37711	5587	1
37712	8413	1
37713	8413	1
37714	14046	1
37715	14046	1
37716	7421	1
37717	7421	1
37718	12864	1
37719	12864	1
37720	5681	1
37721	5681	1
37723	6824	1
37724	11067	1
37726	8762	1
37726	14748	1
37727	8762	1
37727	14748	1
37728	2080	1
37729	2080	1
37731	7012	1
37732	6551	1
37732	12015	1
37732	17195	1
37733	6551	1
37733	12015	1
37733	17195	1
37734	4123	1
37735	4123	1
37737	584	1
37738	888	1
37739	888	1
37740	1263	1
37741	1263	1
37743	15974	1
37745	2577	1
37746	2672	1
37747	2672	1
37748	2501	1
37749	2501	1
37750	13094	1
37751	13094	1
37752	10981	1
37753	10981	1
37754	4914	1
37756	7589	1
37758	15634	1
37759	15634	1
37760	17683	1
37761	17683	1
37762	1725	1
37763	1725	1
37764	90	1
37766	18146	1
37769	629	1
37770	2575	1
37771	2575	1
37772	6026	1
37773	6026	1
37774	289	1
37775	289	1
37776	11560	1
37777	11560	1
37778	1664	1
37779	1664	1
37780	12802	1
37781	12802	1
37782	6647	1
37783	6647	1
37786	17438	1
37787	17438	1
37788	14552	1
37789	14552	1
37791	9328	1
37792	13963	1
37793	13963	1
37794	14967	1
37795	14967	1
37796	11473	1
37798	9872	1
37800	7112	1
37801	7112	1
37802	10897	1
37803	10897	1
37804	15459	1
37805	15459	1
37807	15814	1
37808	7060	1
37808	7851	1
37812	911	1
37814	9774	1
37815	9774	1
37816	5510	1
37817	5510	1
37818	7903	1
37820	10044	1
37821	10044	1
37822	7237	1
37823	7237	1
37824	8146	1
37825	8146	1
37826	10021	1
37827	10021	1
37829	15053	1
37830	13251	1
37831	13251	1
37832	662	1
37833	662	1
37834	880	1
37835	880	1
37837	15825	1
37838	5906	1
37838	10164	1
37840	9787	1
37843	8535	1
37845	13840	1
37846	1572	1
37847	1572	1
37848	8604	1
37849	8604	1
37850	11135	1
37852	10528	1
37853	10528	1
37854	17774	1
37855	17774	1
37857	5468	1
37859	414	1
37860	100	1
37863	7356	1
37866	9696	1
37867	9696	1
37869	5585	1
37870	15211	1
37871	15211	1
37872	6039	1
37872	17872	1
37873	6039	1
37873	17872	1
37874	5608	1
37875	5608	1
37876	15100	1
37877	15100	1
37878	17391	1
37879	17391	1
37880	13025	1
37881	13025	1
37882	15336	1
37883	15336	1
37884	14476	1
37885	14476	1
37886	6318	1
37887	6318	1
37890	5238	1
37891	5238	1
37892	5423	1
37894	16382	1
37895	16382	1
37896	1327	1
37897	1327	1
37898	14974	1
37899	14974	1
37900	11681	1
37901	11681	1
37903	8046	1
37905	3683	1
37906	3033	1
37907	3033	1
37908	7717	1
37909	7717	1
37910	9615	1
37910	14496	1
37913	8685	1
37914	2531	1
37915	2531	1
37916	4818	1
37917	4818	1
37918	536	1
37919	536	1
37920	1660	1
37921	1660	1
37922	12462	1
37923	12462	1
37924	2422	1
37925	2422	1
37926	11193	1
37927	11193	1
37928	9530	1
37929	9530	1
37931	17360	1
37932	6716	1
37933	6716	1
37934	14262	1
37935	14262	1
37937	35	1
37939	10219	1
37940	937	1
37941	937	1
37942	11122	1
37942	15980	1
37943	11122	1
37943	15980	1
37944	17934	1
37945	17934	1
37946	14635	1
37949	17705	1
37950	2795	1
37952	7721	1
37953	7721	1
37955	3787	1
37956	5655	1
37957	5655	1
37958	2076	1
37959	2076	1
37960	8398	1
37961	8398	1
37962	223	1
37963	223	1
37964	7648	1
37965	7648	1
37966	2508	1
37967	2508	1
37968	2678	1
37969	2678	1
37970	2510	1
37970	2904	1
37972	12776	1
37974	16321	1
37975	16321	1
37976	2259	1
37977	2259	1
37978	16400	1
37979	16400	1
37980	1890	1
37981	1890	1
37982	6406	1
37983	6406	1
37984	1098	1
37985	1098	1
37986	1525	1
37988	5145	1
37989	5145	1
37990	13725	1
37991	13725	1
37992	16216	1
37994	12025	1
37995	12025	1
37997	3456	1
37998	9322	1
37999	9322	1
38001	7732	1
38003	3035	1
38003	5302	1
38005	16407	1
38006	2467	1
38007	2467	1
38008	2241	1
38009	2241	1
38010	11226	1
38011	11226	1
38012	6450	1
38014	606	1
38015	606	1
38016	2060	1
38017	2060	1
38020	157	1
38021	157	1
38022	16975	1
38023	16975	1
38024	17304	1
38025	17304	1
38026	15101	1
38027	15101	1
38029	6447	1
38030	2947	1
38030	5308	1
38031	2947	1
38031	5308	1
38034	9385	1
38035	9385	1
38036	3684	1
38036	17869	1
38037	3684	1
38037	17869	1
38038	2655	1
38039	2655	1
38040	1771	1
38041	1771	1
38042	18040	1
38043	18040	1
38045	15777	1
38046	9034	1
38047	9034	1
38048	7350	1
38049	7350	1
38050	11426	1
38051	11426	1
38052	5975	1
38053	5975	1
38054	1691	1
38055	1691	1
38056	4668	1
38058	9688	1
38059	9688	1
38060	13326	1
38062	6139	1
38063	6139	1
38066	13801	1
38067	13801	1
38068	6350	1
38071	17283	1
38073	356	1
38074	7417	1
38075	7417	1
38076	17123	1
38077	17123	1
38078	7924	1
38079	7924	1
38080	9645	1
38083	11714	1
38084	3401	1
38086	8007	1
38087	8007	1
38088	1998	1
38089	1998	1
38090	10273	1
38091	10273	1
38094	13848	1
38095	13848	1
38097	14548	1
38098	816	1
38099	816	1
38101	12018	1
38102	6729	1
38103	6729	1
38105	7203	1
38106	13751	1
38107	13751	1
38108	13079	1
38109	13079	1
38110	16828	1
38111	16828	1
38112	3075	1
38113	3075	1
38116	4368	1
38117	4368	1
38118	2770	1
38119	2770	1
38120	13476	1
38121	13476	1
38122	1053	1
38127	9939	1
38128	1666	1
38130	286	1
38131	286	1
38132	12799	1
38133	12799	1
38134	2477	1
38136	16860	1
38138	12858	1
38139	12858	1
38140	9088	1
38141	9088	1
38142	1895	1
38143	1895	1
38144	4490	1
38145	4490	1
38146	15923	1
38148	16716	1
38149	16716	1
38150	9427	1
38152	15826	1
38153	15826	1
38154	16419	1
38155	16419	1
38156	6104	1
38157	6104	1
38160	95	1
38161	95	1
38162	9981	1
38162	12035	1
38164	17495	1
38165	17495	1
38166	11171	1
38167	11171	1
38168	3754	1
38169	3754	1
38170	3791	1
38171	3791	1
38173	9300	1
38174	15136	1
38176	8837	1
38177	8837	1
38178	4747	1
38179	4747	1
38180	12278	1
38181	12278	1
38182	12671	1
38183	12671	1
38184	3687	1
38184	12094	1
38185	3687	1
38185	12094	1
38186	9556	1
38188	7697	1
38190	10191	1
38190	15822	1
38191	10191	1
38191	15822	1
38193	14090	1
38194	10811	1
38195	10811	1
38197	6792	1
38198	12153	1
38199	12153	1
38200	15702	1
38201	15702	1
38202	5516	1
38204	3809	1
38205	3809	1
38206	7669	1
38207	7669	1
38209	7122	1
38210	1914	1
38213	14465	1
38215	731	1
38216	17650	1
38217	17650	1
38218	1434	1
38219	1434	1
38220	13051	1
38221	13051	1
38222	17893	1
38223	17893	1
38225	4918	1
38227	5230	1
38228	2361	1
38229	2361	1
38230	17710	1
38231	17710	1
38232	11834	1
38233	11834	1
38234	15695	1
38236	9909	1
38237	9909	1
38238	12263	1
38239	12263	1
38241	14136	1
38242	5081	1
38243	5081	1
38244	887	1
38245	887	1
38246	765	1
38248	16798	1
38249	16798	1
38250	7247	1
38251	7247	1
38252	1397	1
38253	1397	1
38255	7882	1
38256	8271	1
38257	8271	1
38258	9234	1
38259	9234	1
38260	3347	1
38261	3347	1
38263	1392	1
38264	6422	1
38264	9786	1
38266	3472	1
38267	3472	1
38268	2507	1
38268	16448	1
38270	3715	1
38271	3715	1
38272	16938	1
38273	16938	1
38274	9146	1
38275	9146	1
38276	2604	1
38277	2604	1
38278	17873	1
38279	17873	1
38280	2616	1
38281	2616	1
38282	11894	1
38283	11894	1
38285	13857	1
38286	12243	1
38287	12243	1
38290	2406	1
38291	2406	1
38292	4869	1
38293	4869	1
38294	451	1
38295	451	1
38297	17526	1
38298	11923	1
38299	11923	1
38300	11792	1
38302	5874	1
38303	5874	1
38305	5213	1
38306	8122	1
38307	8122	1
38308	10580	1
38309	10580	1
38310	13130	1
38310	15553	1
38311	13130	1
38311	15553	1
38312	788	1
38313	788	1
38314	17942	1
38315	17942	1
38316	17112	1
38317	17112	1
38318	12473	1
38321	6085	1
38323	7439	1
38324	9928	1
38326	8995	1
38327	8995	1
38328	15188	1
38330	16368	1
38331	16368	1
38333	1102	1
38334	10650	1
38335	10650	1
38337	16009	1
38338	7454	1
38339	7454	1
38344	8286	1
38345	8286	1
38346	15808	1
38347	15808	1
38348	9173	1
38349	9173	1
38350	11103	1
38351	11103	1
38353	10309	1
38355	12762	1
38356	13071	1
38357	13071	1
38358	9338	1
38359	9338	1
38360	14037	1
38361	14037	1
38362	6442	1
38363	6442	1
38365	11892	1
38366	6367	1
38367	6367	1
38369	1912	1
38370	10166	1
38371	10166	1
38372	13632	1
38374	6945	1
38375	6945	1
38377	8511	1
38379	9147	1
38380	14183	1
38382	10963	1
38383	10963	1
38384	15086	1
38384	17062	1
38385	15086	1
38385	17062	1
38386	9883	1
38386	17078	1
38388	1212	1
38389	1212	1
38390	5409	1
38391	5409	1
38392	13240	1
38393	13240	1
38395	18046	1
38396	5444	1
38398	12779	1
38400	6912	1
38401	6912	1
38403	10360	1
38404	5129	1
38405	5129	1
38406	11325	1
38407	11325	1
38408	4710	1
38409	4710	1
38410	11060	1
38412	7105	1
38413	7105	1
38414	46	1
38415	46	1
38416	12075	1
38417	12075	1
38419	287	1
38420	12992	1
38421	12992	1
38423	4278	1
38424	11842	1
38426	9372	1
38428	13317	1
38429	13317	1
38430	15894	1
38431	15894	1
38432	9417	1
38433	9417	1
38434	14744	1
38435	14744	1
38436	16909	1
38437	16909	1
38438	1110	1
38438	3649	1
38442	10372	1
38443	10372	1
38445	8672	1
38445	15563	1
38446	13087	1
38447	13087	1
38448	2141	1
38448	7394	1
38451	8646	1
38452	12578	1
38453	12578	1
38454	10055	1
38455	10055	1
38456	12964	1
38458	5943	1
38459	5943	1
38460	9520	1
38461	9520	1
38462	2765	1
38463	2765	1
38464	9639	1
38465	9639	1
38466	6868	1
38469	929	1
38470	5045	1
38471	5045	1
38472	15999	1
38472	16278	1
38473	15999	1
38473	16278	1
38474	2380	1
38475	2380	1
38476	13859	1
38477	13859	1
38480	13003	1
38481	13003	1
38482	12712	1
38486	14980	1
38487	14980	1
38489	5274	1
38490	6960	1
38491	6960	1
38492	1073	1
38493	1073	1
38494	2641	1
38495	2641	1
38496	15930	1
38496	16525	1
38497	15930	1
38497	16525	1
38498	14784	1
38501	16229	1
38502	17816	1
38503	17816	1
38504	592	1
38505	592	1
38506	17719	1
38508	5257	1
38509	5257	1
38510	4628	1
38511	4628	1
38512	1857	1
38513	1857	1
38514	11394	1
38516	11007	1
38517	11007	1
38518	14865	1
38519	14865	1
38520	17824	1
38521	17824	1
38522	12406	1
38524	15173	1
38525	15173	1
38526	1328	1
38527	1328	1
38529	7073	1
38530	1010	1
38531	1010	1
38532	1760	1
38533	1760	1
38534	10762	1
38535	10762	1
38536	11328	1
38537	11328	1
38538	212	1
38540	7747	1
38541	7747	1
38543	5805	1
38544	10685	1
38545	10685	1
38546	1786	1
38548	18160	1
38549	18160	1
38550	429	1
38551	429	1
38552	10110	1
38553	10110	1
38555	6782	1
38556	3177	1
38557	3177	1
38558	12757	1
38559	12757	1
38560	5633	1
38561	5633	1
38564	12269	1
38565	12269	1
38566	8799	1
38567	8799	1
38568	12297	1
38569	12297	1
38570	8169	1
38571	8169	1
38572	2659	1
38573	2659	1
38574	6208	1
38575	6208	1
38577	7593	1
38577	17437	1
38577	17590	1
38578	16793	1
38580	523	1
38580	8174	1
38581	523	1
38581	8174	1
38582	17405	1
38584	2204	1
38585	2204	1
38586	14613	1
38587	14613	1
38588	1810	1
38589	1810	1
38591	12805	1
38592	12027	1
38593	12027	1
38595	864	1
38597	12636	1
38599	9166	1
38601	3779	1
38602	15523	1
38604	16915	1
38605	16915	1
38606	17845	1
38607	17845	1
38608	1710	1
38609	1710	1
38610	17940	1
38611	17940	1
38612	9699	1
38613	9699	1
38614	16386	1
38615	16386	1
38616	1269	1
38617	1269	1
38618	6521	1
38619	6521	1
38620	14650	1
38621	14650	1
38623	1313	1
38625	12340	1
38626	13262	1
38627	13262	1
38628	9001	1
38629	9001	1
38632	2322	1
38633	2322	1
38634	3195	1
38635	3195	1
38636	15871	1
38637	15871	1
38639	3041	1
38640	1171	1
38641	1171	1
38642	9866	1
38644	17794	1
38646	17881	1
38647	17881	1
38648	5621	1
38649	5621	1
38650	11339	1
38652	4652	1
38653	4652	1
38654	9216	1
38655	9216	1
38658	14194	1
38659	14194	1
38660	15853	1
38662	533	1
38664	11759	1
38665	11759	1
38666	7179	1
38668	3685	1
38669	3685	1
38671	2455	1
38672	7599	1
38674	10440	1
38675	10440	1
38676	5616	1
38677	5616	1
38678	4396	1
38679	4396	1
38680	1226	1
38681	1226	1
38683	5068	1
38684	6073	1
38685	6073	1
38686	5683	1
38687	5683	1
38688	484	1
38689	484	1
38690	6022	1
38691	6022	1
38692	5395	1
38696	4822	1
38696	17558	1
38697	4822	1
38697	17558	1
38698	8203	1
38700	5421	1
38701	5421	1
38702	12710	1
38703	12710	1
38704	17966	1
38705	17966	1
38706	8515	1
38708	4457	1
38709	4457	1
38710	14706	1
38712	5165	1
38713	5165	1
38714	7837	1
38715	7837	1
38716	17008	1
38718	14321	1
38720	5646	1
38721	5646	1
38722	4783	1
38723	4783	1
38725	5478	1
38726	14220	1
38728	6541	1
38729	6541	1
38730	10948	1
38731	10948	1
38732	10691	1
38733	10691	1
38734	1471	1
38734	11750	1
38735	1471	1
38735	11750	1
38738	14949	1
38739	14949	1
38740	15489	1
38742	6074	1
38745	4276	1
38745	10417	1
38746	6947	1
38747	6947	1
38749	1273	1
38750	16949	1
38751	16949	1
38752	7800	1
38752	8944	1
38753	7800	1
38753	8944	1
38754	7975	1
38755	7975	1
38756	11155	1
38757	11155	1
38760	10033	1
38761	10033	1
38762	11195	1
38763	11195	1
38764	7362	1
38765	7362	1
38766	15925	1
38767	15925	1
38769	921	1
38770	14324	1
38773	13999	1
38774	15121	1
38775	15121	1
38776	4936	1
38777	4936	1
38778	249	1
38780	5776	1
38781	5776	1
38782	11498	1
38783	11498	1
38784	7374	1
38787	10657	1
38788	4089	1
38790	490	1
38791	490	1
38792	17713	1
38793	17713	1
38794	8662	1
38795	8662	1
38796	1986	1
38798	11787	1
38800	11903	1
38801	11903	1
38802	10253	1
38803	10253	1
38804	10294	1
38807	15410	1
38808	7926	1
38809	7926	1
38810	13383	1
38811	13383	1
38812	3960	1
38813	3960	1
38815	7493	1
38816	13088	1
38817	13088	1
38819	17126	1
38820	16440	1
38821	16440	1
38822	5297	1
38823	5297	1
38824	5430	1
38825	5430	1
38828	3049	1
38828	17222	1
38829	3049	1
38829	17222	1
38830	12932	1
38831	12932	1
38832	273	1
38833	273	1
38834	303	1
38835	303	1
38836	14236	1
38837	14236	1
38838	18117	1
38839	18117	1
38840	12146	1
38841	12146	1
38842	17880	1
38843	17880	1
38844	7614	1
38845	7614	1
38846	17053	1
38847	17053	1
38848	4487	1
38849	4487	1
38850	2743	1
38851	2743	1
38852	5909	1
38853	5909	1
38854	3581	1
38855	3581	1
38856	8140	1
38857	8140	1
38858	16628	1
38860	1417	1
38861	1417	1
38864	6561	1
38864	6811	1
38866	14859	1
38867	14859	1
38870	14972	1
38872	10187	1
38873	10187	1
38875	5383	1
38876	3718	1
38877	3718	1
38878	14814	1
38880	6403	1
38882	3344	1
38882	13698	1
38883	3344	1
38883	13698	1
38884	9421	1
38885	9421	1
38886	10010	1
38887	10010	1
38888	17912	1
38889	17912	1
38890	3082	1
38890	6803	1
38893	10245	1
38894	11822	1
38895	11822	1
38897	5565	1
38897	7893	1
38899	11949	1
38900	10335	1
38901	10335	1
38902	1582	1
38904	15022	1
38906	217	1
38906	5192	1
38907	217	1
38907	5192	1
38908	16663	1
38909	16663	1
38911	1214	1
38912	15673	1
38913	15673	1
38914	1229	1
38915	1229	1
38916	10329	1
38917	10329	1
38918	14490	1
38919	14490	1
38920	11643	1
38921	11643	1
38922	7176	1
38923	7176	1
38924	3038	1
38925	3038	1
38926	17393	1
38927	17393	1
38928	16904	1
38929	16904	1
38930	13255	1
38931	13255	1
38932	5524	1
38933	5524	1
38934	1139	1
38935	1139	1
38936	16465	1
38937	16465	1
38938	3789	1
38938	10562	1
38939	3789	1
38939	10562	1
38941	1045	1
38942	12854	1
38943	12854	1
38944	10023	1
38945	10023	1
38947	2665	1
38949	8901	1
38950	17996	1
38951	17996	1
38952	3994	1
38953	3994	1
38954	12250	1
38955	12250	1
38956	15579	1
38957	15579	1
38958	7453	1
38959	7453	1
38960	16642	1
38962	4808	1
38964	7485	1
38965	7485	1
38966	15901	1
38967	15901	1
38968	4664	1
38969	4664	1
38970	6308	1
38971	6308	1
38972	16508	1
38973	16508	1
38974	16481	1
38975	16481	1
38976	11406	1
38976	14244	1
38977	11406	1
38977	14244	1
38978	10724	1
38980	5759	1
38981	5759	1
38982	11618	1
38983	11618	1
38984	14336	1
38985	14336	1
38986	7353	1
38987	7353	1
38988	1678	1
38989	1678	1
38990	17796	1
38991	17796	1
38992	1921	1
38993	1921	1
38994	15020	1
38995	15020	1
38997	8490	1
38999	3833	1
38999	9562	1
39000	10175	1
39002	11570	1
39004	13961	1
39006	7318	1
39007	7318	1
39010	16712	1
39012	7412	1
39015	11363	1
39016	8199	1
39018	11543	1
39019	11543	1
39020	6901	1
39022	2007	1
39023	2007	1
39025	10967	1
39026	15103	1
39027	15103	1
39029	10605	1
39031	1856	1
39032	3028	1
39033	3028	1
39034	9160	1
39036	15803	1
39038	17337	1
39039	17337	1
39040	8444	1
39041	8444	1
39042	14799	1
39043	14799	1
39044	8361	1
39045	8361	1
39046	11785	1
39047	11785	1
39049	4813	1
39050	6569	1
39051	6569	1
39053	85	1
39054	14056	1
39054	18124	1
39055	14056	1
39055	18124	1
39056	3607	1
39057	3607	1
39058	5536	1
39059	5536	1
39060	3057	1
39061	3057	1
39062	8660	1
39063	8660	1
39065	17414	1
39066	13987	1
39067	13987	1
39068	2885	1
39069	2885	1
39070	8600	1
39071	8600	1
39073	3125	1
39074	686	1
39076	3199	1
39077	3199	1
39078	11958	1
39079	11958	1
39080	12273	1
39081	12273	1
39082	14065	1
39083	14065	1
39084	2316	1
39085	2316	1
39086	173	1
39087	173	1
39088	11386	1
39089	11386	1
39090	16622	1
39091	16622	1
39092	13194	1
39093	13194	1
39097	1814	1
39098	3710	1
39099	3710	1
39100	8234	1
39101	8234	1
39102	17198	1
39103	17198	1
39104	17387	1
39105	17387	1
39106	1193	1
39107	1193	1
39108	10519	1
39109	10519	1
39111	5266	1
39112	13804	1
39114	5814	1
39115	5814	1
39116	3425	1
39117	3425	1
39118	17175	1
39121	12567	1
39122	9170	1
39123	9170	1
39125	14272	1
39127	321	1
39128	4908	1
39129	4908	1
39130	4596	1
39131	4596	1
39133	13492	1
39134	8393	1
39136	13270	1
39137	13270	1
39138	11902	1
39139	11902	1
39141	5612	1
39142	1233	1
39143	1233	1
39144	17442	1
39145	17442	1
39146	6739	1
39147	6739	1
39148	6183	1
39151	14227	1
39152	437	1
39153	437	1
39154	3182	1
39154	8395	1
39156	10017	1
39156	11446	1
39158	6579	1
39159	6579	1
39160	1635	1
39160	6728	1
39160	11718	1
39161	1635	1
39161	6728	1
39161	11718	1
39162	15496	1
39163	15496	1
39164	12329	1
39167	13146	1
39168	6730	1
39169	6730	1
39170	6646	1
39171	6646	1
39173	7288	1
39174	8877	1
39175	8877	1
39176	12091	1
39176	13156	1
39177	12091	1
39177	13156	1
39178	3854	1
39180	521	1
39181	521	1
39182	3623	1
39182	14636	1
39183	3623	1
39183	14636	1
39185	7651	1
39186	12060	1
39187	12060	1
39188	1005	1
39188	4205	1
39189	1005	1
39189	4205	1
39190	7958	1
39191	7958	1
39193	476	1
39194	105	1
39197	11646	1
39198	164	1
39200	12545	1
39201	12545	1
39202	4748	1
39203	4748	1
39204	5728	1
39206	17136	1
39207	17136	1
39208	9676	1
39209	9676	1
39210	14395	1
39213	11721	1
39214	2731	1
39215	2731	1
39216	14367	1
39217	14367	1
39219	10083	1
39220	8912	1
39221	8912	1
39222	14117	1
39223	14117	1
39224	3812	1
39225	3812	1
39227	12291	1
39229	3859	1
39230	11973	1
39231	11973	1
39232	13004	1
39234	11670	1
39236	3186	1
39238	14760	1
39240	16433	1
39241	16433	1
39242	16553	1
39243	16553	1
39244	7999	1
39245	7999	1
39246	15549	1
39247	15549	1
39248	2253	1
39249	2253	1
39250	831	1
39251	831	1
39252	11886	1
39253	11886	1
39255	1803	1
39256	17910	1
39258	2961	1
39259	2961	1
39260	17768	1
39262	14712	1
39264	5583	1
39265	5583	1
39266	1021	1
39267	1021	1
39268	4384	1
39269	4384	1
39270	9795	1
39271	9795	1
39272	13528	1
39273	13528	1
39274	11041	1
39274	11931	1
39275	11041	1
39275	11931	1
39276	15964	1
39277	15964	1
39278	13855	1
39279	13855	1
39280	11863	1
39281	11863	1
39282	730	1
39283	730	1
39284	16750	1
39286	3193	1
39287	3193	1
39289	7411	1
39290	17036	1
39291	17036	1
39292	10980	1
39294	6053	1
39295	6053	1
39297	7953	1
39298	159	1
39299	159	1
39300	13134	1
39301	13134	1
39302	3461	1
39304	7624	1
39305	7624	1
39306	8907	1
39307	8907	1
39308	4038	1
39308	13292	1
39310	6263	1
39311	6263	1
39312	225	1
39313	225	1
39314	2810	1
39316	2578	1
39317	2578	1
39318	8367	1
39321	13199	1
39322	7028	1
39323	7028	1
39324	8252	1
39325	8252	1
39326	13812	1
39327	13812	1
39330	6475	1
39331	6475	1
39333	9435	1
39335	1182	1
39336	5928	1
39337	5928	1
39338	8443	1
39339	8443	1
39340	12529	1
39340	14074	1
39341	12529	1
39341	14074	1
39343	3308	1
39343	4189	1
39345	7481	1
39346	7928	1
39348	13353	1
39349	13353	1
39355	3154	1
39356	6326	1
39357	6326	1
39358	9308	1
39359	9308	1
39360	681	1
39361	681	1
39364	557	1
39366	9342	1
39368	6840	1
39370	6170	1
39371	6170	1
39373	14691	1
39374	15421	1
39375	15421	1
39376	5255	1
39377	5255	1
39378	3459	1
39379	3459	1
39380	1259	1
39380	4343	1
39382	17965	1
39383	17965	1
39384	4693	1
39385	4693	1
39386	5665	1
39387	5665	1
39389	3971	1
39391	4909	1
39394	10040	1
39395	10040	1
39396	4565	1
39398	4179	1
39398	9389	1
39399	4179	1
39399	9389	1
39400	10347	1
39401	10347	1
39403	14902	1
39404	8789	1
39405	8789	1
39406	5825	1
39407	5825	1
39408	10816	1
39410	1339	1
39411	1339	1
39413	2063	1
39414	18103	1
39415	18103	1
39417	16807	1
39419	4469	1
39420	12289	1
39421	12289	1
39422	5431	1
39423	5431	1
39424	9265	1
39426	3489	1
39427	3489	1
39428	16935	1
39429	16935	1
39430	4994	1
39430	16084	1
39431	4994	1
39431	16084	1
39433	9224	1
39434	10849	1
39435	10849	1
39436	11278	1
39438	10894	1
39439	10894	1
39440	10947	1
39441	10947	1
39442	15629	1
39443	15629	1
39446	11778	1
39447	11778	1
39448	13614	1
39449	13614	1
39450	12876	1
39452	5331	1
39453	5331	1
39454	1621	1
39456	10058	1
39457	10058	1
39459	4426	1
39460	9339	1
39461	9339	1
39463	269	1
39464	13109	1
39465	13109	1
39466	9373	1
39467	9373	1
39468	6306	1
39470	12560	1
39471	12560	1
39474	4947	1
39475	4947	1
39476	612	1
39477	612	1
39478	6559	1
39479	6559	1
39481	12552	1
39483	7253	1
39484	5112	1
39486	17787	1
39487	17787	1
39488	9553	1
39490	4030	1
39490	18054	1
39491	4030	1
39491	18054	1
39493	11269	1
39494	17276	1
39495	17276	1
39496	3618	1
39497	3618	1
39498	8617	1
39499	8617	1
39500	7093	1
39501	7093	1
39502	8906	1
39503	8906	1
39504	7505	1
39505	7505	1
39506	17826	1
39507	17826	1
39508	11688	1
39509	11688	1
39510	14362	1
39511	14362	1
39512	1242	1
39513	1242	1
39514	2598	1
39515	2598	1
39516	2546	1
39518	2832	1
39519	2832	1
39520	10208	1
39521	10208	1
39522	11807	1
39523	11807	1
39524	16982	1
39525	16982	1
39526	14452	1
39527	14452	1
39528	8851	1
39529	8851	1
39530	11965	1
39532	3923	1
39534	479	1
39534	15660	1
39535	479	1
39535	15660	1
39536	2244	1
39537	2244	1
39539	13454	1
39542	5291	1
39542	15581	1
39543	5291	1
39543	15581	1
39544	10842	1
39545	10842	1
39546	7436	1
39549	14620	1
39550	1048	1
39551	1048	1
39552	17817	1
39553	17817	1
39554	8	1
39555	8	1
39556	2808	1
39557	2808	1
39558	6454	1
39559	6454	1
39560	12376	1
39561	12376	1
39562	8172	1
39564	10365	1
39566	5508	1
39568	5556	1
39569	5556	1
39570	16748	1
39571	16748	1
39574	16004	1
39576	1927	1
39577	1927	1
39578	5699	1
39579	5699	1
39580	14632	1
39581	14632	1
39582	7596	1
39583	7596	1
39585	1460	1
39587	10757	1
39588	11496	1
39589	11496	1
39590	11312	1
39591	11312	1
39592	9966	1
39593	9966	1
39594	11203	1
39596	13862	1
39597	13862	1
39598	13895	1
39599	13895	1
39600	11076	1
39601	11076	1
39603	5083	1
39604	7869	1
39605	7869	1
39606	14725	1
39607	14725	1
39608	13800	1
39610	15792	1
39611	15792	1
39612	15878	1
39613	15878	1
39615	5666	1
39616	13439	1
39617	13439	1
39619	2258	1
39619	17137	1
39620	8090	1
39621	8090	1
39622	114	1
39623	114	1
39624	9422	1
39625	9422	1
39626	6202	1
39627	6202	1
39628	3136	1
39629	3136	1
39630	1772	1
39631	1772	1
39632	7435	1
39634	14280	1
39636	1378	1
39637	1378	1
39638	12388	1
39640	10143	1
39641	10143	1
39643	792	1
39645	4688	1
39645	17954	1
39646	665	1
39647	665	1
39648	12019	1
39650	1962	1
39651	1962	1
39652	12185	1
39653	12185	1
39654	12179	1
39657	15062	1
39658	8320	1
39659	8320	1
39660	5376	1
39661	5376	1
39662	14416	1
39663	14416	1
39664	14087	1
39665	14087	1
39666	11927	1
39667	11927	1
39668	15882	1
39669	15882	1
39670	9051	1
39671	9051	1
39672	17577	1
39673	17577	1
39674	4617	1
39675	4617	1
39676	17704	1
39677	17704	1
39678	1143	1
39679	1143	1
39681	7451	1
39682	3943	1
39683	3943	1
39684	644	1
39684	16753	1
39685	644	1
39685	16753	1
39686	5305	1
39687	5305	1
39688	14301	1
39690	9297	1
39691	9297	1
39692	6204	1
39694	8298	1
39695	8298	1
39696	17638	1
39697	17638	1
39698	2038	1
39699	2038	1
39700	5852	1
39702	98	1
39703	98	1
39704	1993	1
39705	1993	1
39706	15550	1
39707	15550	1
39708	18047	1
39710	17631	1
39711	17631	1
39712	9064	1
39714	4843	1
39715	4843	1
39716	5668	1
39717	5668	1
39718	15081	1
39719	15081	1
39721	3421	1
39722	244	1
39723	244	1
39724	12743	1
39724	17972	1
39726	9030	1
39727	9030	1
39728	11256	1
39730	621	1
39731	621	1
39732	10448	1
39733	10448	1
39734	2730	1
39735	2730	1
39736	4227	1
39737	4227	1
39738	3402	1
39739	3402	1
39740	9911	1
39741	9911	1
39742	4164	1
39744	3348	1
39745	3348	1
39746	9824	1
39747	9824	1
39748	15967	1
39749	15967	1
39750	6086	1
39751	6086	1
39752	14938	1
39753	14938	1
39754	1605	1
39757	6030	1
39757	15949	1
39758	8141	1
39759	8141	1
39760	2847	1
39761	2847	1
39762	4254	1
39763	4254	1
39764	6771	1
39765	6771	1
39766	16868	1
39768	9651	1
39770	17260	1
39771	17260	1
39772	3434	1
39773	3434	1
39774	13539	1
39775	13539	1
39776	9802	1
39777	9802	1
39778	17929	1
39779	17929	1
39780	2416	1
39781	2416	1
39782	9204	1
39784	1658	1
39785	1658	1
39786	2988	1
39786	8474	1
39786	13609	1
39787	2988	1
39787	8474	1
39787	13609	1
39788	1289	1
39789	1289	1
39790	11127	1
39791	11127	1
39792	16892	1
39793	16892	1
39794	3159	1
39795	3159	1
39796	7303	1
39797	7303	1
39798	12034	1
39799	12034	1
39800	14043	1
39802	805	1
39802	11119	1
39803	805	1
39803	11119	1
39804	14165	1
39805	14165	1
39807	6113	1
39808	9541	1
39809	9541	1
39810	503	1
39811	503	1
39813	5636	1
39814	7922	1
39815	7922	1
39816	901	1
39816	7030	1
39818	16851	1
39819	16851	1
39820	2009	1
39821	2009	1
39822	15321	1
39823	15321	1
39824	14673	1
39826	2637	1
39827	2637	1
39828	11559	1
39828	12506	1
39829	11559	1
39829	12506	1
39830	10606	1
39831	10606	1
39833	6278	1
39834	9889	1
39835	9889	1
39836	7284	1
39837	7284	1
39838	9547	1
39839	9547	1
39841	3913	1
39842	14316	1
39843	14316	1
39844	9619	1
39844	10218	1
39844	16524	1
39845	9619	1
39845	10218	1
39845	16524	1
39846	12407	1
39847	12407	1
39848	17357	1
39849	17357	1
39850	16458	1
39851	16458	1
39853	9740	1
39854	12791	1
39855	12791	1
39856	12979	1
39857	12979	1
39858	13558	1
39859	13558	1
39860	6887	1
39860	7571	1
39862	12351	1
39863	12351	1
39864	2272	1
39865	2272	1
39866	10265	1
39867	10265	1
39868	15933	1
39869	15933	1
39870	16394	1
39871	16394	1
39872	10386	1
39873	10386	1
39874	16594	1
39875	16594	1
39878	16636	1
39879	16636	1
39880	11499	1
39882	5801	1
39883	5801	1
39884	13506	1
39885	13506	1
39886	2619	1
39886	11913	1
39887	2619	1
39887	11913	1
39888	16580	1
39889	16580	1
39890	248	1
39891	248	1
39892	1123	1
39893	1123	1
39894	11948	1
39895	11948	1
39896	11593	1
39896	12980	1
39898	7123	1
39899	7123	1
39900	11912	1
39901	11912	1
39902	41	1
39903	41	1
39904	17464	1
39905	17464	1
39907	270	1
39908	9598	1
39909	9598	1
39910	5042	1
39911	5042	1
39912	13461	1
39913	13461	1
39914	10949	1
39915	10949	1
39916	4494	1
39917	4494	1
39918	2689	1
39919	2689	1
39920	2362	1
39921	2362	1
39922	1439	1
39923	1439	1
39925	7943	1
39925	13230	1
39926	5938	1
39927	5938	1
39928	4825	1
39930	16593	1
39931	16593	1
39933	6389	1
39934	4018	1
39936	3258	1
39937	3258	1
39938	1933	1
39938	6654	1
39940	12281	1
39941	12281	1
39942	6828	1
39943	6828	1
39944	17777	1
39945	17777	1
39946	7369	1
39947	7369	1
39948	10591	1
39949	10591	1
39950	10990	1
39951	10990	1
39952	14793	1
39953	14793	1
39954	13413	1
39956	16233	1
39958	3491	1
39959	3491	1
39960	447	1
39960	9634	1
39961	447	1
39961	9634	1
39962	12649	1
39963	12649	1
39964	5210	1
39964	10263	1
39965	5210	1
39965	10263	1
39967	2062	1
39970	13220	1
39971	13220	1
39972	2365	1
39973	2365	1
39974	12909	1
39976	7007	1
39977	7007	1
39978	7774	1
39980	9228	1
39981	9228	1
39982	5237	1
39983	5237	1
39984	9167	1
39985	9167	1
39986	9299	1
39987	9299	1
39988	6672	1
39989	6672	1
39990	15735	1
39991	15735	1
39992	15737	1
39993	15737	1
39994	7811	1
39995	7811	1
39996	15470	1
39997	15470	1
39998	3546	1
39999	3546	1
40002	16079	1
40003	16079	1
40004	14592	1
40005	14592	1
40006	2614	1
40007	2614	1
40009	1990	1
40010	9301	1
40012	3849	1
40013	3849	1
40014	4029	1
40014	6124	1
40015	4029	1
40015	6124	1
40016	15677	1
40019	1816	1
40020	4026	1
40022	2136	1
40025	10598	1
40026	12966	1
40027	12966	1
40028	12546	1
40029	12546	1
40030	1640	1
40031	1640	1
40032	14746	1
40033	14746	1
40035	8420	1
40036	12718	1
40037	12718	1
40039	625	1
40039	11401	1
40040	3708	1
40044	8978	1
40044	14656	1
40045	8978	1
40045	14656	1
40050	5571	1
40051	5571	1
40053	11280	1
40054	1250	1
40055	1250	1
40056	257	1
40058	552	1
40059	552	1
40061	6550	1
40062	1501	1
40063	1501	1
40064	14130	1
40069	5489	1
40070	10005	1
40071	10005	1
40072	10679	1
40072	16129	1
40073	10679	1
40073	16129	1
40074	5533	1
40075	5533	1
40076	7584	1
40077	7584	1
40078	15897	1
40081	12171	1
40082	7586	1
40082	14041	1
40084	15084	1
40084	16348	1
40085	15084	1
40085	16348	1
40086	18016	1
40087	18016	1
40090	2573	1
40091	2573	1
40092	8480	1
40094	5204	1
40094	11202	1
40097	6613	1
40098	5227	1
40099	5227	1
40100	13373	1
40101	13373	1
40102	16844	1
40103	16844	1
40104	3214	1
40106	3098	1
40108	11232	1
40109	11232	1
40110	1103	1
40111	1103	1
40112	10052	1
40115	14827	1
40116	13078	1
40118	8746	1
40119	8746	1
40120	9063	1
40120	12414	1
40120	14881	1
40121	9063	1
40121	12414	1
40121	14881	1
40126	10577	1
40127	10577	1
40128	8663	1
40128	17613	1
40129	8663	1
40129	17613	1
40130	9918	1
40132	11002	1
40133	11002	1
40134	10469	1
40135	10469	1
40136	13660	1
40137	13660	1
40138	16661	1
40139	16661	1
40140	14419	1
40142	8988	1
40143	8988	1
40144	2654	1
40145	2654	1
40148	9823	1
40150	7688	1
40151	7688	1
40152	13124	1
40153	13124	1
40154	4327	1
40155	4327	1
40156	10683	1
40159	12089	1
40160	811	1
40161	811	1
40164	16185	1
40165	16185	1
40166	11378	1
40167	11378	1
40168	9454	1
40169	9454	1
40170	17250	1
40172	2539	1
40173	2539	1
40174	16517	1
40176	762	1
40177	762	1
40178	15395	1
40179	15395	1
40180	1869	1
40181	1869	1
40182	473	1
40182	15358	1
40183	473	1
40183	15358	1
40184	9577	1
40185	9577	1
40186	15212	1
40187	15212	1
40188	4655	1
40189	4655	1
40190	11414	1
40191	11414	1
40192	2970	1
40193	2970	1
40194	904	1
40195	904	1
40196	9936	1
40197	9936	1
40198	6927	1
40199	6927	1
40200	12360	1
40201	12360	1
40202	5280	1
40203	5280	1
40204	12843	1
40205	12843	1
40206	17143	1
40207	17143	1
40208	8351	1
40210	14243	1
40211	14243	1
40212	8574	1
40213	8574	1
40214	13821	1
40215	13821	1
40216	3017	1
40217	3017	1
40218	7117	1
40219	7117	1
40220	6003	1
40221	6003	1
40222	12093	1
40223	12093	1
40225	14703	1
40226	16788	1
40227	16788	1
40228	6224	1
40229	6224	1
40230	10991	1
40231	10991	1
40232	9885	1
40233	9885	1
40234	445	1
40235	445	1
40236	7361	1
40237	7361	1
40238	49	1
40240	10979	1
40241	10979	1
40242	7397	1
40243	7397	1
40244	15981	1
40245	15981	1
40246	16421	1
40248	5199	1
40249	5199	1
40250	17504	1
40251	17504	1
40252	16891	1
40253	16891	1
40254	4716	1
40256	2838	1
40257	2838	1
40258	16035	1
40259	16035	1
40260	15708	1
40262	6418	1
40263	6418	1
40265	13180	1
40266	3757	1
40267	3757	1
40268	1076	1
40269	1076	1
40270	9937	1
40271	9937	1
40272	10086	1
40274	2369	1
40275	2369	1
40276	16847	1
40278	7380	1
40280	14921	1
40281	14921	1
40283	8450	1
40284	14515	1
40285	14515	1
40287	13736	1
40288	17550	1
40289	17550	1
40290	13320	1
40291	13320	1
40293	17043	1
40294	5811	1
40295	5811	1
40297	7696	1
40298	15498	1
40299	15498	1
40300	11566	1
40301	11566	1
40303	9210	1
40304	8060	1
40304	11150	1
40305	8060	1
40305	11150	1
40306	2303	1
40306	13659	1
40307	2303	1
40307	13659	1
40308	7564	1
40309	7564	1
40310	15861	1
40311	15861	1
40312	16236	1
40314	8417	1
40315	8417	1
40316	5443	1
40317	5443	1
40318	9906	1
40319	9906	1
40320	12392	1
40321	12392	1
40323	8990	1
40325	4194	1
40326	11968	1
40327	11968	1
40329	16521	1
40330	1723	1
40331	1723	1
40332	16623	1
40333	16623	1
40335	5880	1
40336	7040	1
40337	7040	1
40338	5584	1
40339	5584	1
40340	11242	1
40341	11242	1
40342	11435	1
40343	11435	1
40344	16121	1
40345	16121	1
40346	2981	1
40347	2981	1
40348	2652	1
40349	2652	1
40350	1160	1
40351	1160	1
40352	16644	1
40354	11542	1
40355	11542	1
40358	14808	1
40360	8488	1
40361	8488	1
40363	2719	1
40364	5893	1
40365	5893	1
40366	10000	1
40368	17561	1
40369	17561	1
40370	15311	1
40371	15311	1
40373	6494	1
40375	14521	1
40377	3408	1
40378	17523	1
40379	17523	1
40380	14025	1
40382	11641	1
40383	11641	1
40384	10674	1
40385	10674	1
40386	5427	1
40387	5427	1
40388	7489	1
40389	7489	1
40390	15995	1
40393	5118	1
40394	6439	1
40396	15318	1
40397	15318	1
40398	7419	1
40399	7419	1
40400	8002	1
40401	8002	1
40402	8896	1
40403	8896	1
40404	11906	1
40406	893	1
40407	893	1
40408	7830	1
40410	9345	1
40411	9345	1
40412	8602	1
40413	8602	1
40414	10875	1
40418	16614	1
40419	16614	1
40420	16136	1
40421	16136	1
40422	12817	1
40423	12817	1
40424	5980	1
40425	5980	1
40426	16877	1
40427	16877	1
40428	12892	1
40429	12892	1
40430	4322	1
40430	6288	1
40431	4322	1
40431	6288	1
40432	6733	1
40434	10607	1
40435	10607	1
40436	2427	1
40436	15566	1
40437	2427	1
40437	15566	1
40439	8326	1
40440	4004	1
40440	14610	1
40441	4004	1
40441	14610	1
40442	7508	1
40443	7508	1
40444	2326	1
40445	2326	1
40446	7315	1
40447	7315	1
40449	6773	1
40451	14264	1
40452	1644	1
40453	1644	1
40454	9123	1
40455	9123	1
40456	9225	1
40457	9225	1
40458	11274	1
40459	11274	1
40460	1554	1
40461	1554	1
40463	12502	1
40464	15175	1
40465	15175	1
40466	1981	1
40467	1981	1
40468	11885	1
40469	11885	1
40471	553	1
40473	15238	1
40475	9756	1
40476	7059	1
40477	7059	1
40478	6526	1
40479	6526	1
40480	12672	1
40482	16066	1
40484	11817	1
40485	11817	1
40486	17701	1
40487	17701	1
40488	15180	1
40489	15180	1
40493	4436	1
40495	3842	1
40496	2157	1
40498	3353	1
40498	6222	1
40500	8354	1
40501	8354	1
40502	11218	1
40503	11218	1
40504	16894	1
40505	16894	1
40506	481	1
40507	481	1
40508	17203	1
40509	17203	1
40510	13853	1
40511	13853	1
40512	16257	1
40513	16257	1
40514	17109	1
40515	17109	1
40518	4135	1
40520	1036	1
40521	1036	1
40522	8969	1
40524	12416	1
40525	12416	1
40526	3711	1
40527	3711	1
40531	13174	1
40532	14962	1
40533	14962	1
40534	2589	1
40535	2589	1
40536	1512	1
40537	1512	1
40538	9750	1
40539	9750	1
40540	5020	1
40541	5020	1
40542	15736	1
40544	1168	1
40545	1168	1
40546	3297	1
40547	3297	1
40549	15837	1
40550	17291	1
40552	17513	1
40553	17513	1
40554	10804	1
40555	10804	1
40558	9689	1
40559	9689	1
40560	17574	1
40562	14597	1
40563	14597	1
40564	8472	1
40565	8472	1
40566	10283	1
40567	10283	1
40568	6667	1
40569	6667	1
40570	6394	1
40570	6874	1
40571	6394	1
40571	6874	1
40572	12020	1
40573	12020	1
40575	9880	1
40577	17263	1
40578	13075	1
40579	13075	1
40581	9227	1
40582	5916	1
40583	5916	1
40585	10837	1
40586	5346	1
40589	8183	1
40590	1729	1
40591	1729	1
40593	121	1
40594	7341	1
40594	9775	1
40595	7341	1
40595	9775	1
40596	4967	1
40597	4967	1
40598	814	1
40599	814	1
40601	12535	1
40602	15858	1
40604	1996	1
40606	1202	1
40608	16412	1
40609	16412	1
40611	10765	1
40612	6211	1
40613	6211	1
40614	12889	1
40615	12889	1
40616	14129	1
40618	1188	1
40619	1188	1
40620	13750	1
40621	13750	1
40622	10125	1
40623	10125	1
40624	4058	1
40625	4058	1
40626	18102	1
40627	18102	1
40628	16611	1
40629	16611	1
40631	3056	1
40632	3495	1
40633	3495	1
40635	6862	1
40636	4182	1
40637	4182	1
40638	3755	1
40639	3755	1
40640	16344	1
40641	16344	1
40642	11755	1
40643	11755	1
40644	8027	1
40644	12105	1
40645	8027	1
40645	12105	1
40646	2074	1
40647	2074	1
40648	9770	1
40649	9770	1
40651	2664	1
40652	1467	1
40653	1467	1
40654	14071	1
40655	14071	1
40656	188	1
40657	188	1
40659	10531	1
40660	13133	1
40661	13133	1
40662	10892	1
40663	10892	1
40664	9955	1
40665	9955	1
40666	15282	1
40669	2696	1
40670	7613	1
40671	7613	1
40672	10763	1
40673	10763	1
40674	16065	1
40675	16065	1
40676	8808	1
40677	8808	1
40678	8732	1
40679	8732	1
40680	15326	1
40682	5464	1
40683	5464	1
40684	8209	1
40686	17258	1
40687	17258	1
40688	10475	1
40691	12188	1
40692	17541	1
40693	17541	1
40695	2845	1
40696	16336	1
40697	16336	1
40698	7931	1
40699	7931	1
40702	10582	1
40703	10582	1
40705	3785	1
40705	7874	1
40705	12610	1
40706	13062	1
40707	13062	1
40708	7125	1
40709	7125	1
40711	18049	1
40712	2100	1
40713	2100	1
40714	6754	1
40717	11308	1
40718	13346	1
40720	12081	1
40721	12081	1
40722	12452	1
40723	12452	1
40724	3840	1
40724	11978	1
40725	3840	1
40725	11978	1
40726	15721	1
40727	15721	1
40728	14975	1
40729	14975	1
40730	17907	1
40731	17907	1
40732	7908	1
40733	7908	1
40734	11814	1
40735	11814	1
40737	1955	1
40738	8785	1
40739	8785	1
40740	1910	1
40741	1910	1
40742	3541	1
40743	3541	1
40744	8211	1
40745	8211	1
40746	11745	1
40746	16960	1
40747	11745	1
40747	16960	1
40748	14329	1
40750	6860	1
40751	6860	1
40752	11862	1
40754	5339	1
40755	5339	1
40756	13710	1
40757	13710	1
40758	7952	1
40759	7952	1
40761	9853	1
40762	15269	1
40763	15269	1
40764	453	1
40766	16007	1
40767	16007	1
40768	10106	1
40769	10106	1
40771	10425	1
40773	17103	1
40774	7297	1
40775	7297	1
40776	13286	1
40778	10538	1
40779	10538	1
40780	8424	1
40782	12738	1
40783	12738	1
40784	12619	1
40785	12619	1
40786	5103	1
40788	6000	1
40788	14816	1
40789	6000	1
40789	14816	1
40790	3729	1
40791	3729	1
40792	5326	1
40793	5326	1
40795	13073	1
40796	2677	1
40797	2677	1
40798	3992	1
40799	3992	1
40800	13032	1
40801	13032	1
40802	4521	1
40803	4521	1
40804	16634	1
40805	16634	1
40806	13278	1
40807	13278	1
40808	16633	1
40809	16633	1
40810	9050	1
40811	9050	1
40812	4040	1
40813	4040	1
40814	14788	1
40815	14788	1
40816	9365	1
40817	9365	1
40820	9975	1
40820	12311	1
40821	9975	1
40821	12311	1
40822	12810	1
40823	12810	1
40824	12631	1
40825	12631	1
40826	6260	1
40827	6260	1
40828	13843	1
40829	13843	1
40830	185	1
40832	16479	1
40834	5388	1
40836	14039	1
40839	10087	1
40840	2251	1
40841	2251	1
40842	8813	1
40844	14668	1
40845	14668	1
40846	5854	1
40850	3100	1
40851	3100	1
40852	10889	1
40855	5702	1
40856	17586	1
40857	17586	1
40858	14015	1
40859	14015	1
40860	11367	1
40861	11367	1
40863	6352	1
40864	2953	1
40865	2953	1
40866	17217	1
40867	17217	1
40869	7536	1
40870	7091	1
40872	14179	1
40873	14179	1
40876	6013	1
40877	6013	1
40878	14625	1
40879	14625	1
40881	12914	1
40883	2932	1
40884	5049	1
40885	5049	1
40886	17490	1
40888	5224	1
40889	5224	1
40890	374	1
40892	15387	1
40893	15387	1
40895	14394	1
40896	6768	1
40898	14686	1
40899	14686	1
40900	11919	1
40902	6827	1
40903	6827	1
40904	209	1
40905	209	1
40906	9425	1
40907	9425	1
40908	13822	1
40910	4720	1
40911	4720	1
40913	2368	1
40915	2130	1
40915	15960	1
40916	568	1
40917	568	1
40919	17580	1
40920	3094	1
40921	3094	1
40922	16208	1
40923	16208	1
40924	10281	1
40925	10281	1
40927	1272	1
40928	16516	1
40929	16516	1
40930	9604	1
40931	9604	1
40933	5810	1
40934	15597	1
40935	15597	1
40936	15333	1
40937	15333	1
40938	8532	1
40939	8532	1
40940	10945	1
40941	10945	1
40942	12628	1
40944	17865	1
40945	17865	1
40948	12161	1
40949	12161	1
40950	3257	1
40951	3257	1
40952	10661	1
40956	8072	1
40958	9592	1
40959	9592	1
40960	857	1
40962	4974	1
40963	4974	1
40964	8106	1
40966	14567	1
40968	12446	1
40969	12446	1
40970	2011	1
40971	2011	1
40972	14448	1
40974	1014	1
40976	11142	1
40977	11142	1
40978	6446	1
40979	6446	1
40982	7355	1
40983	7355	1
40984	8820	1
40985	8820	1
40986	304	1
40988	4425	1
40989	4425	1
40990	4209	1
40993	705	1
40994	13730	1
40996	7047	1
40997	7047	1
40998	9369	1
40999	9369	1
41000	9858	1
41001	9858	1
41002	12786	1
41003	12786	1
41004	17729	1
41006	16096	1
41008	16974	1
41009	16974	1
41010	8121	1
41011	8121	1
41012	4538	1
41014	8210	1
41015	8210	1
41016	7235	1
41018	2134	1
41019	2134	1
41020	8582	1
41021	8582	1
41022	13839	1
41024	18096	1
41025	18096	1
41026	15393	1
41027	15393	1
41028	8338	1
41029	8338	1
41030	13903	1
41031	13903	1
41032	1133	1
41033	1133	1
41034	743	1
41035	743	1
41036	3822	1
41037	3822	1
41039	4897	1
41040	11267	1
41042	15691	1
41043	15691	1
41044	3209	1
41045	3209	1
41046	3135	1
41048	12164	1
41051	8629	1
41052	16599	1
41053	16599	1
41054	14152	1
41056	261	1
41057	261	1
41058	89	1
41058	1516	1
41058	12722	1
41060	2086	1
41060	11289	1
41061	2086	1
41061	11289	1
41062	14274	1
41063	14274	1
41064	12279	1
41065	12279	1
41066	6636	1
41067	6636	1
41069	15798	1
41070	4721	1
41070	7821	1
41071	4721	1
41071	7821	1
41072	13126	1
41074	742	1
41075	742	1
41076	9408	1
41077	9408	1
41078	9395	1
41079	9395	1
41081	16300	1
41082	4130	1
41083	4130	1
41084	9926	1
41085	9926	1
41086	15979	1
41087	15979	1
41088	12356	1
41089	12356	1
41090	15833	1
41091	15833	1
41092	17261	1
41093	17261	1
41097	3050	1
41098	12466	1
41098	13068	1
41099	12466	1
41099	13068	1
41101	3419	1
41103	3242	1
41103	16948	1
41104	17947	1
41105	17947	1
41106	16648	1
41107	16648	1
41108	424	1
41109	424	1
41112	9380	1
41113	9380	1
41114	16048	1
41115	16048	1
41116	9432	1
41117	9432	1
41118	2532	1
41119	2532	1
41120	10345	1
41121	10345	1
41122	565	1
41123	565	1
41124	15454	1
41125	15454	1
41127	17835	1
41128	17194	1
41129	17194	1
41130	7507	1
41130	15544	1
41131	7507	1
41131	15544	1
41132	10286	1
41133	10286	1
41134	1336	1
41135	1336	1
41137	6525	1
41139	14925	1
41140	15347	1
41141	15347	1
41142	3418	1
41144	2382	1
41145	2382	1
41146	14738	1
41147	14738	1
41149	2896	1
41151	17446	1
41152	17822	1
41155	10039	1
41157	11287	1
41158	7847	1
41160	7668	1
41161	7668	1
41162	16637	1
41163	16637	1
41164	7423	1
41165	7423	1
41166	13646	1
41167	13646	1
41168	10047	1
41169	10047	1
41171	15416	1
41172	1151	1
41172	7349	1
41173	1151	1
41173	7349	1
41174	16846	1
41175	16846	1
41176	10902	1
41177	10902	1
41178	1422	1
41180	4627	1
41181	4627	1
41182	5448	1
41184	7868	1
41185	7868	1
41186	1507	1
41187	1507	1
41190	8917	1
41191	8917	1
41193	16059	1
41194	8147	1
41196	2022	1
41197	2022	1
41199	2128	1
41200	7245	1
41204	3742	1
41205	3742	1
41206	7706	1
41207	7706	1
41208	12759	1
41209	12759	1
41210	1522	1
41211	1522	1
41212	2459	1
41213	2459	1
41214	1261	1
41215	1261	1
41217	17611	1
41218	11458	1
41219	11458	1
41220	14314	1
41221	14314	1
41224	15205	1
41225	15205	1
41226	3799	1
41229	7641	1
41229	16556	1
41230	4608	1
41231	4608	1
41232	9506	1
41233	9506	1
41234	1563	1
41235	1563	1
41236	13228	1
41237	13228	1
41238	1344	1
41238	16901	1
41239	1344	1
41239	16901	1
41240	999	1
41241	999	1
41242	13611	1
41243	13611	1
41244	2220	1
41245	2220	1
41246	17993	1
41247	17993	1
41248	5373	1
41249	5373	1
41250	2352	1
41251	2352	1
41255	13365	1
41256	5246	1
41257	5246	1
41258	4320	1
41259	4320	1
41260	15531	1
41261	15531	1
41262	8475	1
41263	8475	1
41264	11397	1
41265	11397	1
41266	2671	1
41268	8883	1
41269	8883	1
41270	8100	1
41271	8100	1
41273	9238	1
41274	13766	1
41275	13766	1
41276	1828	1
41277	1828	1
41278	16987	1
41279	16987	1
41280	14392	1
41281	14392	1
41282	1398	1
41283	1398	1
41285	8445	1
41286	8040	1
41287	8040	1
41288	15047	1
41289	15047	1
41290	13680	1
41291	13680	1
41292	2880	1
41293	2880	1
41294	17430	1
41295	17430	1
41296	4069	1
41298	15971	1
41300	8975	1
41301	8975	1
41302	13362	1
41303	13362	1
41304	13080	1
41305	13080	1
41306	5111	1
41307	5111	1
41308	8573	1
41309	8573	1
41310	1891	1
41311	1891	1
41312	13268	1
41313	13268	1
41314	17572	1
41315	17572	1
41317	6538	1
41318	4762	1
41319	4762	1
41321	9207	1
41322	12734	1
41325	8723	1
41326	3417	1
41327	3417	1
41329	4575	1
41330	16911	1
41331	16911	1
41332	12519	1
41333	12519	1
41334	1836	1
41335	1836	1
41336	9020	1
41338	4956	1
41339	4956	1
41340	4962	1
41340	8112	1
41341	4962	1
41341	8112	1
41342	2311	1
41343	2311	1
41344	17499	1
41345	17499	1
41346	11850	1
41347	11850	1
41348	12287	1
41349	12287	1
41352	10210	1
41355	17119	1
41356	13341	1
41357	13341	1
41358	1978	1
41359	1978	1
41360	8782	1
41362	5504	1
41362	11065	1
41362	14234	1
41363	5504	1
41363	11065	1
41363	14234	1
41364	11893	1
41367	12497	1
41368	5513	1
41371	4032	1
41372	16857	1
41374	2498	1
41375	2498	1
41377	6890	1
41378	4578	1
41379	4578	1
41380	3101	1
41381	3101	1
41382	7407	1
41383	7407	1
41384	7320	1
41386	11250	1
41387	11250	1
41388	4064	1
41389	4064	1
41390	8337	1
41391	8337	1
41393	12389	1
41394	6196	1
41396	2180	1
41397	2180	1
41398	14732	1
41399	14732	1
41400	5195	1
41401	5195	1
41402	5956	1
41403	5956	1
41404	7524	1
41405	7524	1
41406	11987	1
41407	11987	1
41408	786	1
41409	786	1
41410	9261	1
41412	13209	1
41413	13209	1
41414	2132	1
41416	5270	1
41417	5270	1
41418	8705	1
41418	10989	1
41419	8705	1
41419	10989	1
41420	1330	1
41421	1330	1
41422	6197	1
41423	6197	1
41424	1608	1
41426	3762	1
41427	3762	1
41432	13283	1
41433	13283	1
41434	5914	1
41435	5914	1
41436	17071	1
41437	17071	1
41438	11899	1
41439	11899	1
41440	7737	1
41441	7737	1
41442	427	1
41443	427	1
41444	10433	1
41447	12274	1
41450	14315	1
41452	4385	1
41453	4385	1
41454	17382	1
41455	17382	1
41456	3975	1
41457	3975	1
41458	1625	1
41459	1625	1
41460	16078	1
41461	16078	1
41462	9233	1
41463	9233	1
41464	14607	1
41465	14607	1
41466	8429	1
41468	9978	1
41469	9978	1
41471	9085	1
41472	3222	1
41473	3222	1
41474	9180	1
41475	9180	1
41477	15354	1
41478	3558	1
41479	3558	1
41480	9459	1
41481	9459	1
41482	16835	1
41483	16835	1
41484	17690	1
41485	17690	1
41486	17820	1
41488	16774	1
41489	16774	1
41490	12042	1
41491	12042	1
41492	12647	1
41493	12647	1
41494	10073	1
41495	10073	1
41496	16228	1
41497	16228	1
41498	12637	1
41499	12637	1
41500	2252	1
41502	10493	1
41503	10493	1
41504	11085	1
41505	11085	1
41506	11632	1
41507	11632	1
41508	7646	1
41508	11826	1
41509	7646	1
41509	11826	1
41510	1838	1
41511	1838	1
41512	10521	1
41513	10521	1
41515	9917	1
41516	6760	1
41517	6760	1
41518	11069	1
41519	11069	1
41521	5244	1
41522	12439	1
41523	12439	1
41525	7806	1
41526	17147	1
41527	17147	1
41528	2096	1
41528	15785	1
41529	2096	1
41529	15785	1
41530	7704	1
41531	7704	1
41532	9849	1
41533	9849	1
41534	14753	1
41535	14753	1
41536	14128	1
41539	12428	1
41540	17317	1
41541	17317	1
41542	14982	1
41544	1892	1
41545	1892	1
41546	1868	1
41548	10396	1
41550	16688	1
41552	14580	1
41553	14580	1
41554	18014	1
41555	18014	1
41556	6002	1
41557	6002	1
41558	1680	1
41559	1680	1
41561	1893	1
41561	5631	1
41562	14210	1
41563	14210	1
41564	11536	1
41565	11536	1
41566	6368	1
41567	6368	1
41568	323	1
41569	323	1
41570	16832	1
41572	778	1
41573	778	1
41574	10614	1
41575	10614	1
41576	3147	1
41578	16972	1
41580	4875	1
41581	4875	1
41582	4382	1
41585	6015	1
41586	8996	1
41587	8996	1
41589	10429	1
41592	8180	1
41594	6441	1
41595	6441	1
41596	7109	1
41597	7109	1
41598	5921	1
41599	5921	1
41601	3621	1
41601	5965	1
41602	12538	1
41604	8773	1
41605	8773	1
41606	9832	1
41606	14757	1
41607	9832	1
41607	14757	1
41608	9174	1
41609	9174	1
41610	6785	1
41611	6785	1
41612	14222	1
41612	16515	1
41613	14222	1
41613	16515	1
41616	16117	1
41618	1402	1
41620	14664	1
41621	14664	1
41622	1433	1
41623	1433	1
41624	5062	1
41625	5062	1
41626	5055	1
41627	5055	1
41629	11651	1
41631	7776	1
41633	1830	1
41633	11537	1
41634	4860	1
41634	7913	1
41636	8606	1
41637	8606	1
41639	7538	1
41640	1941	1
41641	1941	1
41642	8708	1
41643	8708	1
41644	11558	1
41645	11558	1
41647	10391	1
41648	11874	1
41649	11874	1
41650	3628	1
41651	3628	1
41652	6481	1
41653	6481	1
41655	619	1
41656	6875	1
41657	6875	1
41659	11753	1
41660	13869	1
41660	16283	1
41662	10358	1
41663	10358	1
41664	11517	1
41665	11517	1
41666	9601	1
41667	9601	1
41668	11370	1
41669	11370	1
41670	11027	1
41671	11027	1
41672	8697	1
41675	14641	1
41676	3343	1
41677	3343	1
41678	8200	1
41679	8200	1
41680	12440	1
41681	12440	1
41682	6978	1
41683	6978	1
41684	5855	1
41685	5855	1
41686	7018	1
41687	7018	1
41688	17184	1
41689	17184	1
41692	9217	1
41693	9217	1
41694	6477	1
41696	15131	1
41697	15131	1
41698	13774	1
41699	13774	1
41700	15357	1
41701	15357	1
41704	17501	1
41705	17501	1
41706	7676	1
41707	7676	1
41708	10988	1
41710	9573	1
41711	9573	1
41712	3294	1
41714	10205	1
41715	10205	1
41716	16929	1
41718	10558	1
41721	8781	1
41722	6841	1
41723	6841	1
41724	11037	1
41726	3006	1
41728	1161	1
41729	1161	1
41731	11791	1
41732	2145	1
41734	10403	1
41735	10403	1
41737	17050	1
41738	10867	1
41739	10867	1
41741	9135	1
41742	4776	1
41743	4776	1
41744	3634	1
41745	3634	1
41747	16910	1
41748	1728	1
41748	17333	1
41749	1728	1
41749	17333	1
41750	13339	1
41751	13339	1
41752	2541	1
41752	4586	1
41753	2541	1
41753	4586	1
41755	5982	1
41757	9298	1
41758	14920	1
41759	14920	1
41761	9946	1
41761	15576	1
41762	6316	1
41762	7064	1
41765	14849	1
41766	15732	1
41767	15732	1
41768	5142	1
41769	5142	1
41770	6873	1
41771	6873	1
41772	7447	1
41773	7447	1
41774	6205	1
41776	4738	1
41777	4738	1
41778	1252	1
41782	10240	1
41783	10240	1
41784	9551	1
41787	5268	1
41788	1187	1
41789	1187	1
41790	11743	1
41791	11743	1
41792	8597	1
41792	14398	1
41793	8597	1
41793	14398	1
41794	11369	1
41795	11369	1
41796	3562	1
41797	3562	1
41799	9086	1
41799	15530	1
41801	12472	1
41802	16100	1
41803	16100	1
41804	7205	1
41806	5073	1
41806	6599	1
41807	5073	1
41807	6599	1
41808	2029	1
41809	2029	1
41810	8178	1
41812	15013	1
41813	15013	1
41814	9296	1
41815	9296	1
41816	14414	1
41817	14414	1
41818	13651	1
41820	3416	1
41824	535	1
41826	2040	1
41827	2040	1
41828	466	1
41829	466	1
41830	5381	1
41831	5381	1
41832	8609	1
41834	12675	1
41835	12675	1
41836	7927	1
41837	7927	1
41838	4770	1
41839	4770	1
41841	9510	1
41843	16834	1
41844	13911	1
41846	10046	1
41847	10046	1
41848	5979	1
41849	5979	1
41850	14276	1
41851	14276	1
41853	7034	1
41855	6095	1
41856	10155	1
41857	10155	1
41858	15739	1
41859	15739	1
41860	1714	1
41860	15038	1
41861	1714	1
41861	15038	1
41863	12736	1
41864	7367	1
41865	7367	1
41866	9270	1
41867	9270	1
41868	12126	1
41869	12126	1
41870	17737	1
41871	17737	1
41872	7945	1
41873	7945	1
41874	5888	1
41875	5888	1
41876	17135	1
41877	17135	1
41878	1346	1
41878	15626	1
41880	8104	1
41882	3145	1
41883	3145	1
41884	11014	1
41885	11014	1
41886	4070	1
41888	14651	1
41889	14651	1
41890	13335	1
41891	13335	1
41892	17665	1
41894	11662	1
41895	11662	1
41896	1733	1
41897	1733	1
41898	13955	1
41900	6459	1
41901	6459	1
41903	3288	1
41904	1104	1
41905	1104	1
41906	7618	1
41908	8431	1
41909	8431	1
41910	11985	1
41911	11985	1
41912	5601	1
41913	5601	1
41914	17781	1
41915	17781	1
41916	10091	1
41917	10091	1
41918	8220	1
41919	8220	1
41920	16173	1
41921	16173	1
41922	408	1
41923	408	1
41924	6798	1
41926	458	1
41927	458	1
41928	8035	1
41929	8035	1
41930	14344	1
41931	14344	1
41932	10740	1
41935	16018	1
41936	15265	1
41937	15265	1
41938	9060	1
41939	9060	1
41940	17439	1
41941	17439	1
41942	6946	1
41943	6946	1
41945	4981	1
41946	4393	1
41949	17153	1
41950	6382	1
41951	6382	1
41952	7162	1
41953	7162	1
41954	12148	1
41957	9485	1
41958	2325	1
41958	10088	1
41960	10424	1
41960	10912	1
41961	10424	1
41961	10912	1
41965	8313	1
41966	16354	1
41967	16354	1
41968	1	1
41969	1	1
41970	10331	1
41971	10331	1
41972	8816	1
41973	8816	1
41974	9673	1
41975	9673	1
41976	8264	1
41977	8264	1
41978	2485	1
41980	6381	1
41981	6381	1
41982	12981	1
41983	12981	1
41985	653	1
41986	1947	1
41987	1947	1
41988	1977	1
41988	4560	1
41989	1977	1
41989	4560	1
41990	10884	1
41991	10884	1
41992	6384	1
41993	6384	1
41994	1248	1
41994	7598	1
41995	1248	1
41995	7598	1
41996	10700	1
41997	10700	1
41998	549	1
41999	549	1
42001	11314	1
42002	2574	1
42003	2574	1
42004	17604	1
42007	10078	1
42009	401	1
42010	14444	1
42011	14444	1
42012	18058	1
42013	18058	1
42014	13389	1
42015	13389	1
42016	14680	1
42016	15690	1
42017	14680	1
42017	15690	1
42018	11111	1
42019	11111	1
42020	10611	1
42023	9294	1
42024	16721	1
42025	16721	1
42026	9922	1
42027	9922	1
42028	16158	1
42030	15261	1
42031	15261	1
42032	6968	1
42033	6968	1
42034	6713	1
42035	6713	1
42036	5170	1
42037	5170	1
42038	11252	1
42039	11252	1
42040	12588	1
42041	12588	1
42042	13681	1
42045	3304	1
42045	7559	1
42047	18007	1
42048	8355	1
42049	8355	1
42050	14761	1
42051	14761	1
42053	106	1
42054	4901	1
42056	12965	1
42058	11321	1
42059	11321	1
42060	6327	1
42061	6327	1
42062	1085	1
42063	1085	1
42065	8047	1
42066	9998	1
42068	2328	1
42069	2328	1
42070	18015	1
42073	7916	1
42075	8016	1
42076	6926	1
42076	13828	1
42077	6926	1
42077	13828	1
42079	10410	1
42080	6079	1
42081	6079	1
42082	195	1
42083	195	1
42084	11861	1
42087	15220	1
42088	9189	1
42089	9189	1
42090	15854	1
42091	15854	1
42092	13916	1
42093	13916	1
42095	3948	1
42097	8529	1
42099	534	1
42101	8350	1
42102	6577	1
42103	6577	1
42104	11108	1
42105	11108	1
42106	8440	1
42107	8440	1
42108	13781	1
42109	13781	1
42110	15512	1
42111	15512	1
42113	17948	1
42114	4289	1
42115	4289	1
42116	13978	1
42117	13978	1
42118	6089	1
42120	6953	1
42121	6953	1
42122	4269	1
42123	4269	1
42125	8904	1
42126	10732	1
42128	908	1
42128	14801	1
42129	908	1
42129	14801	1
42130	15304	1
42133	10772	1
42134	9401	1
42136	13070	1
42137	13070	1
42138	9139	1
42140	5078	1
42143	6293	1
42144	5619	1
42145	5619	1
42147	15107	1
42149	13387	1
42150	12818	1
42151	12818	1
42153	16914	1
42154	7337	1
42155	7337	1
42156	4905	1
42157	4905	1
42158	4667	1
42159	4667	1
42161	10123	1
42162	6614	1
42164	12683	1
42165	12683	1
42166	4317	1
42167	4317	1
42168	16887	1
42169	16887	1
42171	9327	1
42172	3592	1
42174	16380	1
42176	6854	1
42178	3069	1
42181	15537	1
42182	396	1
42182	16338	1
42183	396	1
42183	16338	1
42184	15221	1
42188	13462	1
42189	13462	1
42190	15638	1
42191	15638	1
42192	1574	1
42195	2248	1
42197	6110	1
42197	10116	1
42198	14151	1
42199	14151	1
42200	2260	1
42202	9467	1
42202	13291	1
42202	14253	1
42203	9467	1
42203	13291	1
42203	14253	1
42204	13340	1
42205	13340	1
42206	5663	1
42207	5663	1
42208	5713	1
42208	12956	1
42210	8520	1
42211	8520	1
42212	14185	1
42213	14185	1
42214	4071	1
42215	4071	1
42216	4202	1
42219	14981	1
42220	16643	1
42222	14536	1
42223	14536	1
42224	10688	1
42226	17888	1
42227	17888	1
42228	9426	1
42229	9426	1
42230	4235	1
42231	4235	1
42232	15868	1
42233	15868	1
42234	856	1
42234	5092	1
42235	856	1
42235	5092	1
42236	4260	1
42237	4260	1
42238	14408	1
42239	14408	1
42240	6532	1
42241	6532	1
42242	15411	1
42243	15411	1
42244	7839	1
42245	7839	1
42246	7807	1
42247	7807	1
42248	4857	1
42250	18140	1
42251	18140	1
42252	674	1
42252	15285	1
42253	674	1
42253	15285	1
42254	1693	1
42257	1832	1
42259	9512	1
42261	4353	1
42262	15601	1
42263	15601	1
42266	17192	1
42267	17192	1
42268	2262	1
42269	2262	1
42270	7972	1
42272	7345	1
42273	7345	1
42274	3248	1
42275	3248	1
42276	15928	1
42277	15928	1
42278	7625	1
42280	7852	1
42280	18100	1
42281	7852	1
42281	18100	1
42282	948	1
42283	948	1
42284	1560	1
42285	1560	1
42286	18091	1
42287	18091	1
42288	15507	1
42291	13395	1
42292	15534	1
42293	15534	1
42294	4690	1
42294	13074	1
42296	7561	1
42299	2496	1
42300	6973	1
42301	6973	1
42302	14358	1
42303	14358	1
42304	15316	1
42305	15316	1
42306	6696	1
42308	10279	1
42309	10279	1
42310	1567	1
42311	1567	1
42312	16472	1
42313	16472	1
42314	10507	1
42315	10507	1
42316	12753	1
42317	12753	1
42321	2851	1
42322	2195	1
42322	14922	1
42323	2195	1
42323	14922	1
42324	8615	1
42325	8615	1
42326	10854	1
42327	10854	1
42328	7527	1
42329	7527	1
42330	18143	1
42332	178	1
42333	178	1
42334	9058	1
42335	9058	1
42336	17419	1
42337	17419	1
42338	749	1
42338	16483	1
42339	749	1
42339	16483	1
42340	16752	1
42341	16752	1
42342	16786	1
42343	16786	1
42344	13738	1
42346	4078	1
42347	4078	1
42348	6562	1
42349	6562	1
42350	7098	1
42351	7098	1
42353	7592	1
42354	2417	1
42354	13139	1
42355	2417	1
42355	13139	1
42356	13526	1
42357	13526	1
42358	18170	1
42361	10714	1
42362	5734	1
42362	6191	1
42363	5734	1
42363	6191	1
42364	4501	1
42366	6005	1
42367	6005	1
42368	16896	1
42369	16896	1
42370	10168	1
42371	10168	1
42372	5606	1
42373	5606	1
42374	13024	1
42375	13024	1
42376	15418	1
42377	15418	1
42378	17288	1
42380	6620	1
42381	6620	1
42382	4136	1
42383	4136	1
42384	16301	1
42385	16301	1
42386	7483	1
42387	7483	1
42388	17753	1
42391	264	1
42392	11846	1
42393	11846	1
42394	17402	1
42395	17402	1
42396	11831	1
42397	11831	1
42398	11185	1
42399	11185	1
42400	10589	1
42401	10589	1
42404	11633	1
42405	11633	1
42406	5019	1
42407	5019	1
42408	1598	1
42409	1598	1
42410	2250	1
42411	2250	1
42412	16313	1
42413	16313	1
42415	4582	1
42416	4271	1
42418	15129	1
42419	15129	1
42420	13988	1
42422	783	1
42423	783	1
42424	6780	1
42425	6780	1
42426	15748	1
42429	3285	1
42430	14442	1
42431	14442	1
42433	8914	1
42434	17477	1
42436	8287	1
42437	8287	1
42438	16583	1
42439	16583	1
42440	12923	1
42441	12923	1
42443	9870	1
42444	11630	1
42445	11630	1
42446	201	1
42447	201	1
42448	5925	1
42451	15069	1
42452	5304	1
42453	5304	1
42454	9612	1
42455	9612	1
42457	7691	1
42458	5714	1
42459	5714	1
42460	7808	1
42461	7808	1
42462	13790	1
42463	13790	1
42464	5061	1
42465	5061	1
42466	2367	1
42468	6317	1
42470	8802	1
42472	6392	1
42473	6392	1
42474	14933	1
42475	14933	1
42476	14233	1
42477	14233	1
42478	5700	1
42479	5700	1
42480	9751	1
42481	9751	1
42482	17489	1
42483	17489	1
42485	2939	1
42486	10018	1
42487	10018	1
42488	4574	1
42490	17671	1
42491	17671	1
42492	2569	1
42494	4365	1
42495	4365	1
42496	10383	1
42497	10383	1
42498	1601	1
42500	13871	1
42501	13871	1
42502	7915	1
42503	7915	1
42504	4485	1
42505	4485	1
42506	17599	1
42507	17599	1
42508	14989	1
42509	14989	1
42511	6661	1
42512	10821	1
42513	10821	1
42514	8402	1
42515	8402	1
42516	3515	1
42516	11924	1
42517	3515	1
42517	11924	1
42518	3727	1
42518	9643	1
42521	15816	1
42524	5309	1
42525	5309	1
42526	11914	1
42528	3702	1
42529	3702	1
42530	2997	1
42531	2997	1
42533	14603	1
42534	17063	1
42535	17063	1
42536	10387	1
42537	10387	1
42538	17454	1
42539	17454	1
42540	8397	1
42541	8397	1
42542	5485	1
42543	5485	1
42544	12467	1
42545	12467	1
42546	8163	1
42546	13364	1
42547	8163	1
42547	13364	1
42548	7249	1
42549	7249	1
42550	8778	1
42551	8778	1
42552	16867	1
42553	16867	1
42554	11773	1
42555	11773	1
42556	1361	1
42559	15039	1
42560	17311	1
42561	17311	1
42562	7606	1
42564	1101	1
42565	1101	1
42567	891	1
42569	14421	1
42571	8077	1
42572	11628	1
42573	11628	1
42574	5918	1
42576	2917	1
42578	10401	1
42579	10401	1
42580	4741	1
42581	4741	1
42582	5405	1
42583	5405	1
42584	9594	1
42585	9594	1
42586	2773	1
42587	2773	1
42588	4160	1
42590	17472	1
42591	17472	1
42592	4593	1
42593	4593	1
42594	8545	1
42596	12206	1
42597	12206	1
42598	10512	1
42599	10512	1
42600	12368	1
42601	12368	1
42603	309	1
42604	16107	1
42605	16107	1
42607	2745	1
42608	1148	1
42609	1148	1
42610	17530	1
42611	17530	1
42612	4037	1
42613	4037	1
42614	9669	1
42615	9669	1
42616	1298	1
42617	1298	1
42619	14588	1
42621	16240	1
42622	14707	1
42623	14707	1
42624	17871	1
42626	17326	1
42627	17326	1
42628	13033	1
42629	13033	1
42630	14303	1
42632	2142	1
42633	2142	1
42634	1704	1
42635	1704	1
42636	13946	1
42637	13946	1
42638	12066	1
42639	12066	1
42642	10133	1
42643	10133	1
42644	7471	1
42645	7471	1
42646	14891	1
42647	14891	1
42649	10325	1
42650	10227	1
42651	10227	1
42652	4324	1
42653	4324	1
42654	11084	1
42655	11084	1
42656	9022	1
42658	14884	1
42659	14884	1
42660	4077	1
42661	4077	1
42662	2279	1
42664	4871	1
42665	4871	1
